soc_code,isco_4digit,main_group,E_j,delta_bfs,is_outlier,employed_2022,employed_2024,qualification_level,sector
11-1011.00,1120,1,0.1844079761990149,1.7107154846984889,False,134.88761828972696,137.1951616627503,3,Sonstiges
11-1011.03,2133,2,0.2792497131412424,19.90030126565172,False,3.499424292972,4.195820269836831,4,Sonstiges
11-2011.00,2431,2,0.1427636246288465,-0.0256149895060899,False,43.93795628549201,43.92670158260029,4,Sonstiges
11-2021.00,1221,1,0.06273759327000045,4.713553274620107,False,52.72827724799202,55.21365268686552,3,Sonstiges
11-2022.00,1221,1,0.0,4.713553274620107,False,52.72827724799202,55.21365268686552,3,Sonstiges
11-3012.00,1349,1,0.05800773964283649,4.65508308680129,False,8.184198786407,8.565180039903229,3,Sonstiges
11-3013.00,1219,1,0.0,17.701069218868735,False,11.188193659694004,13.16862356373752,3,Sonstiges
11-3013.01,1219,1,0.02653269843519251,17.701069218868735,False,11.188193659694004,13.16862356373752,3,Sonstiges
11-3031.00,1211,1,0.18805760598368093,-7.322497252721817,False,21.499894461505,19.925565280223204,3,Sonstiges
11-3031.01,1211,1,0.5034026727139872,-7.322497252721817,False,21.499894461505,19.925565280223204,3,Sonstiges
11-3031.03,2412,2,0.5640413837261037,4.628597310126321,False,19.897725421554,20.81871100519237,4,Sonstiges
11-3051.00,1321,1,0.0,-1.8948689340589904,False,34.40472682012501,33.7528023397626,3,Sonstiges
11-3051.01,1321,1,0.1753365472001519,-1.8948689340589904,False,34.40472682012501,33.7528023397626,3,Sonstiges
11-3051.02,1219,1,0.0,17.701069218868735,False,11.188193659694004,13.16862356373752,3,Sonstiges
11-3051.03,1219,1,0.0,17.701069218868735,False,11.188193659694004,13.16862356373752,3,Sonstiges
11-3051.04,1219,1,0.0,17.701069218868735,False,11.188193659694004,13.16862356373752,3,Sonstiges
11-3051.06,1219,1,0.0,17.701069218868735,False,11.188193659694004,13.16862356373752,3,Sonstiges
11-3061.00,3323,3,0.009936012231470847,1.6052996370863597,False,10.104688062421005,10.266898583215756,3,Sonstiges
11-3071.00,1324,1,0.0,11.483540430488349,False,18.928098152166,21.1017139561925,3,Sonstiges
11-3071.04,1324,1,0.05056420838092764,11.483540430488349,False,18.928098152166,21.1017139561925,3,Sonstiges
11-3111.00,1212,1,0.3428792637824936,1.1763416091004857,False,13.564983511046998,13.724554056355064,3,Sonstiges
11-3121.00,1212,1,0.0,1.1763416091004857,False,13.564983511046998,13.724554056355064,3,Sonstiges
11-3131.00,2424,2,0.026776758301294997,4.2537748424225486,False,6.644263679097,6.926895695942648,4,Sonstiges
11-9013.00,1311,1,0.0,61.1602041783743,True,0.461633413851,0.7439693523178712,3,Sonstiges
11-9021.00,1323,1,0.0,2.2999481365712278,False,7.393838464748998,7.563892914740079,3,Sonstiges
11-9031.00,1341,1,0.0,-11.554476973672667,False,3.922539975932,3.4693109976298317,3,Sonstiges
11-9032.00,1345,1,0.0,-6.693310805063635,False,11.028094699376,10.289950045270016,3,Sonstiges
11-9041.01,1223,1,0.4747852165093359,18.02024621863212,False,7.978092085696001,9.415763923087622,3,Sonstiges
11-9051.00,1412,1,0.0,-5.47592398648079,False,19.072046092383005,18.02767534569753,3,Sonstiges
11-9071.00,1431,1,0.003153246451433025,-11.966712494310872,False,3.431486778191001,3.0208506211645925,3,Sonstiges
11-9072.00,1431,1,0.0,-11.966712494310872,False,3.431486778191001,3.0208506211645925,3,Sonstiges
11-9081.00,1411,1,0.0,3.197557183372949,False,7.145420438866,7.373899343391159,3,Sonstiges
11-9111.00,1342,1,0.02675317945941449,-16.01140763659569,False,4.720166093993001,3.964401059559405,3,Sonstiges
11-9121.00,1223,1,0.388774915591372,18.02024621863212,False,7.978092085696001,9.415763923087622,3,Sonstiges
11-9121.02,2133,2,0.505916654053596,19.90030126565172,False,3.499424292972,4.195820269836831,4,Sonstiges
11-9141.00,3334,3,0.19116619853269406,-0.0204796856668994,False,24.240044403385003,24.235080118485676,3,Sonstiges
11-9151.00,1344,1,0.0,-11.199433993219786,False,3.260227311051,2.895100305320919,3,Sonstiges
11-9179.01,1431,1,0.0,-11.966712494310872,False,3.431486778191001,3.0208506211645925,3,Sonstiges
11-9179.02,1431,1,0.0,-11.966712494310872,False,3.431486778191001,3.0208506211645925,3,Sonstiges
11-9199.01,2422,2,0.38598060908456017,74.2896888654673,True,2.9147980542490006,5.080192459807278,4,Sonstiges
11-9199.02,2619,2,0.3016079839448348,0.5685905191288955,False,13.337931516611995,13.413769730663356,4,Sonstiges
11-9199.09,2149,2,0.0,-6.754156071991167,False,5.215934733249,4.863642360752166,4,Sonstiges
11-9199.10,1219,1,0.11865813093896305,17.701069218868735,False,11.188193659694004,13.16862356373752,3,Sonstiges
11-9199.11,2143,2,0.3149231829002506,13.176421351911834,False,1.509607549755,1.708519801270991,4,Sonstiges
13-1011.00,2654,2,0.0,15.185684568931537,False,5.632197512363999,6.4874852608908045,4,Sonstiges
13-1023.00,3323,3,0.2606357474563964,1.6052996370863597,False,10.104688062421005,10.266898583215756,3,Sonstiges
13-1031.00,3315,3,0.43926687239036455,-0.8969205988883489,False,3.6551101946799993,3.6223267584318464,3,Sonstiges
13-1032.00,3315,3,0.25854965570595506,-0.8969205988883489,False,3.6551101946799993,3.6223267584318464,3,Sonstiges
13-1041.00,3359,3,0.17533452345484646,-25.409431210417218,False,1.1952449879130005,0.8915400349132869,3,Sonstiges
13-1041.03,2422,2,0.34202759734608423,74.2896888654673,True,2.9147980542490006,5.080192459807278,4,Sonstiges
13-1041.04,3112,3,0.2156063370136833,1.1121365671922114,False,38.516833221537,38.94519300831815,3,Sonstiges
13-1041.07,2619,2,0.3358894404571738,0.5685905191288955,False,13.337931516611995,13.413769730663356,4,Sonstiges
13-1051.00,2421,2,0.5856956703394058,8.184937686697829,False,23.15272405713,25.047760093979186,4,Sonstiges
13-1071.00,2423,2,0.18687209634892984,25.365483554832863,False,22.044454867828005,27.63613744207947,4,Sonstiges
13-1074.00,3333,3,0.0,-0.7813223426707291,False,1.4332020387599995,1.4220041110155557,3,Sonstiges
13-1081.01,1324,1,0.7205178697346456,11.483540430488349,False,18.928098152166,21.1017139561925,3,Sonstiges
13-1111.00,2422,2,0.47414402293202107,74.2896888654673,True,2.9147980542490006,5.080192459807278,4,Sonstiges
13-1121.00,3332,3,0.0,24.93449883945564,False,4.823599589778,6.026339973511182,3,Sonstiges
13-1131.00,2432,2,0.16546516730782568,-3.069907631481635,False,5.166502693133,5.007895832675806,4,Sonstiges
13-1161.01,2431,2,0.6120915669286863,-0.0256149895060899,False,43.93795628549201,43.92670158260029,4,Sonstiges
13-1199.04,2529,2,0.36545454439935326,35.24486869134368,False,4.8492228385630005,6.558325060565179,4,Sonstiges
13-1199.06,2431,2,0.4397902967876926,-0.0256149895060899,False,43.93795628549201,43.92670158260029,4,Sonstiges
13-1199.07,2529,2,0.22719712299650008,35.24486869134368,False,4.8492228385630005,6.558325060565179,4,Sonstiges
13-2022.00,3315,3,0.6422411189897825,-0.8969205988883489,False,3.6551101946799993,3.6223267584318464,3,Sonstiges
13-2031.00,2411,2,0.687346140566934,6.285684043086613,False,30.91757631977699,32.86095748101834,4,Sonstiges
13-2041.00,3312,3,0.608140333500386,9.143676434404602,False,1.933962219203,2.110797466890553,3,Sonstiges
13-2052.00,2412,2,0.5921199653208191,4.628597310126321,False,19.897725421554,20.81871100519237,4,Sonstiges
13-2061.00,2411,2,0.36258473329061397,6.285684043086613,False,30.91757631977699,32.86095748101834,4,Sonstiges
13-2071.00,3312,3,0.43752113187876757,9.143676434404602,False,1.933962219203,2.110797466890553,3,Sonstiges
13-2072.00,3312,3,0.43790060152768173,9.143676434404602,False,1.933962219203,2.110797466890553,3,Sonstiges
13-2081.00,2411,2,0.35759029650103097,6.285684043086613,False,30.91757631977699,32.86095748101834,4,Sonstiges
13-2082.00,2411,2,0.557960893716492,6.285684043086613,False,30.91757631977699,32.86095748101834,4,Sonstiges
13-2099.01,2413,2,0.6726124735648505,6.768932325852428,False,11.92703184398,12.734364557981875,4,Sonstiges
15-1211.00,2511,2,0.5973764895637641,8.102901968455852,False,29.740223548839005,32.15004470820105,4,Sonstiges
15-1211.01,3252,3,0.6060123915130585,-2.470545011933432,False,0.707328782249,0.6898539063011778,3,Sonstiges
15-1212.00,2529,2,0.6941275067874136,35.24486869134368,False,4.8492228385630005,6.558325060565179,4,Sonstiges
15-1231.00,2522,2,0.3785516184236683,-10.67851919484203,False,7.8538938488240015,7.015214286634813,4,Sonstiges
15-1232.00,3512,3,0.41359376623568694,1.1485353049634035,False,13.888323471840003,14.047835770181605,3,Sonstiges
15-1241.00,2523,2,0.6839177845305803,15.853882091592324,False,2.810723149023,3.2563318829901973,4,Sonstiges
15-1241.01,2153,2,0.44551773163677233,-30.471247784049645,True,1.651368126398,1.1481756527764473,4,Sonstiges
15-1242.00,2521,2,0.8417745183913997,31.35878800654129,False,4.259532754658,5.595270601260391,4,Sonstiges
15-1243.00,2521,2,0.7548473652825038,31.35878800654129,False,4.259532754658,5.595270601260391,4,Sonstiges
15-1251.00,2514,2,0.8561411518755873,9.495022464225034,False,12.634662618871998,13.834326672812937,4,Sonstiges
15-1252.00,2512,2,0.6802975871903346,4.756903336283109,False,68.19933209303699,71.44350839669346,4,Sonstiges
15-1253.00,2519,2,0.6780644185604101,8.947371261626799,False,2.6580083804119994,2.8958302583726145,4,Sonstiges
15-1254.00,2513,2,0.6894896384263604,-6.10848869084292,False,5.302707827998,4.9787925200163,4,Sonstiges
15-1255.01,2166,2,0.533412745530791,10.20017076159689,False,12.445369746459,13.714818712509937,4,Sonstiges
15-1299.01,2521,2,0.6604501872070505,31.35878800654129,False,4.259532754658,5.595270601260391,4,Sonstiges
15-1299.02,2165,2,0.7093255080774681,12.150989028182206,False,1.377854227406,1.5452771434024477,4,Sonstiges
15-1299.03,2621,2,0.5964619967912621,37.40303524920816,False,2.5007701291260007,3.436134062024667,4,Sonstiges
15-1299.08,2511,2,0.7481387978458466,8.102901968455852,False,29.740223548839005,32.15004470820105,4,Sonstiges
15-2011.00,3321,3,0.8363273666059644,0.6588933582317137,False,16.217702350982005,16.324559714630414,3,Sonstiges
15-2021.00,2120,2,0.8221255062183342,30.77306189244979,False,8.721144665276999,11.404907910852772,4,Sonstiges
15-2031.00,2421,2,0.939551768827381,8.184937686697829,False,23.15272405713,25.047760093979186,4,Sonstiges
15-2041.00,2120,2,0.9999999999148358,30.77306189244979,False,8.721144665276999,11.404907910852772,4,Sonstiges
15-2041.01,2131,2,0.7444831781060869,11.293192447554636,False,8.866294443315,9.867582137765408,4,Sonstiges
15-2051.01,2421,2,0.7443816557684924,8.184937686697829,False,23.15272405713,25.047760093979186,4,Sonstiges
15-2051.02,3252,3,0.6146362922649083,-2.470545011933432,False,0.707328782249,0.6898539063011778,3,Sonstiges
15-2099.01,3141,3,0.7910558163084317,-3.5863230283961043,False,3.350140159418,3.229993311397246,3,Sonstiges
17-1011.00,2161,2,0.5549108408153365,9.894978048683711,False,28.544426125306003,31.36889082452777,4,Sonstiges
17-1012.00,2162,2,0.15313803266901294,5.71050797940129,False,1.572515060856,1.6623136588834688,4,Sonstiges
17-2011.00,3115,3,0.597814783416534,8.663945221420533,False,11.019605854272998,11.97433846910366,3,Sonstiges
17-2041.00,2113,2,0.6142177837421713,-25.65705168449016,False,3.974386962397,2.954676445313163,4,Sonstiges
17-2051.00,2142,2,0.5000669461306348,-10.828876725506763,False,11.233861333084002,10.017360337809963,4,Sonstiges
17-2051.01,2142,2,0.49493945085406593,-10.828876725506763,False,11.233861333084002,10.017360337809963,4,Sonstiges
17-2051.02,2142,2,0.5694240475158617,-10.828876725506763,False,11.233861333084002,10.017360337809963,4,Sonstiges
17-2061.00,2152,2,0.8310631022388233,11.772856190832965,False,3.099915272122,3.4648638391465907,4,Sonstiges
17-2071.00,2151,2,0.6785514706263375,15.215205434231253,False,6.666120611251,7.680384556746472,4,Sonstiges
17-2072.00,2152,2,0.7119784136075366,11.772856190832965,False,3.099915272122,3.4648638391465907,4,Sonstiges
17-2072.01,2152,2,0.5354246364329057,11.772856190832965,False,3.099915272122,3.4648638391465907,4,Sonstiges
17-2111.00,2149,2,0.4463605015582757,-6.754156071991167,False,5.215934733249,4.863642360752166,4,Sonstiges
17-2111.02,2149,2,0.5043768350762702,-6.754156071991167,False,5.215934733249,4.863642360752166,4,Sonstiges
17-2112.01,2149,2,0.6361369767064825,-6.754156071991167,False,5.215934733249,4.863642360752166,4,Sonstiges
17-2112.02,2149,2,0.5463917564043163,-6.754156071991167,False,5.215934733249,4.863642360752166,4,Sonstiges
17-2112.03,2141,2,0.41376094660654883,-3.4113833788767387,False,9.624988998978,9.29664372404815,4,Sonstiges
17-2121.00,2144,2,0.5774426046447106,8.453074726624155,False,9.728896910697,10.551287836634446,4,Sonstiges
17-2131.00,2149,2,0.6214732532624929,-6.754156071991167,False,5.215934733249,4.863642360752166,4,Sonstiges
17-2141.00,2144,2,0.6609996418450073,8.453074726624155,False,9.728896910697,10.551287836634446,4,Sonstiges
17-2141.02,2144,2,0.8147034292759272,8.453074726624155,False,9.728896910697,10.551287836634446,4,Sonstiges
17-2151.00,2142,2,0.7321120492704667,-10.828876725506763,False,11.233861333084002,10.017360337809963,4,Sonstiges
17-2171.00,2146,2,0.3753150162120736,,,,,4,Sonstiges
17-2199.03,2149,2,0.6527388546883309,-6.754156071991167,False,5.215934733249,4.863642360752166,4,Sonstiges
17-2199.05,2144,2,0.4723586018756146,8.453074726624155,False,9.728896910697,10.551287836634446,4,Sonstiges
17-2199.06,2152,2,0.5291119623044577,11.772856190832965,False,3.099915272122,3.4648638391465907,4,Sonstiges
17-2199.07,2149,2,0.6633067005313583,-6.754156071991167,False,5.215934733249,4.863642360752166,4,Sonstiges
17-2199.10,2149,2,0.794707732149138,-6.754156071991167,False,5.215934733249,4.863642360752166,4,Sonstiges
17-2199.11,2149,2,0.5585895698044941,-6.754156071991167,False,5.215934733249,4.863642360752166,4,Sonstiges
17-3011.00,3118,3,0.5089393250533477,4.637777016294312,False,27.021317878039003,28.27450634808652,3,Sonstiges
17-3012.00,3118,3,0.4698246591055825,4.637777016294312,False,27.021317878039003,28.27450634808652,3,Sonstiges
17-3013.00,3118,3,0.5604878069337449,4.637777016294312,False,27.021317878039003,28.27450634808652,3,Sonstiges
17-3021.00,3115,3,0.3517448913897574,8.663945221420533,False,11.019605854272998,11.97433846910366,3,Sonstiges
17-3022.00,3112,3,0.6431918626085297,1.1121365671922114,False,38.516833221537,38.94519300831815,3,Sonstiges
17-3023.00,3114,3,0.48220160444857774,30.723079611849,False,1.366058589767,1.7857538578456174,3,Sonstiges
17-3024.00,3115,3,0.21960208632180686,8.663945221420533,False,11.019605854272998,11.97433846910366,3,Sonstiges
17-3024.01,3119,3,0.37028858742639614,1.62724475730064,False,18.554461015303,18.856387509419907,3,Sonstiges
17-3025.00,2143,2,0.14038676330550082,13.176421351911834,False,1.509607549755,1.708519801270991,4,Sonstiges
17-3026.00,3119,3,0.4338345144419275,1.62724475730064,False,18.554461015303,18.856387509419907,3,Sonstiges
17-3026.01,3141,3,0.6813794421993772,-3.5863230283961043,False,3.350140159418,3.229993311397246,3,Sonstiges
17-3027.00,3115,3,0.39839627583798903,8.663945221420533,False,11.019605854272998,11.97433846910366,3,Sonstiges
17-3027.01,3115,3,0.5261742315743585,8.663945221420533,False,11.019605854272998,11.97433846910366,3,Sonstiges
17-3031.00,2165,2,0.5616044910598974,12.150989028182206,False,1.377854227406,1.5452771434024477,4,Sonstiges
19-1011.00,2131,2,0.6308678716431881,11.293192447554636,False,8.866294443315,9.867582137765408,4,Sonstiges
19-1012.00,2145,2,0.47729282849555166,-4.152217364011823,False,2.5566012285310005,2.4504455883913967,4,Sonstiges
19-1013.00,2133,2,0.7125566900524294,19.90030126565172,False,3.499424292972,4.195820269836831,4,Sonstiges
19-1021.00,2131,2,0.7940971091945869,11.293192447554636,False,8.866294443315,9.867582137765408,4,Sonstiges
19-1022.00,2131,2,0.4782192789746246,11.293192447554636,False,8.866294443315,9.867582137765408,4,Sonstiges
19-1023.00,2131,2,0.24551770963967656,11.293192447554636,False,8.866294443315,9.867582137765408,4,Sonstiges
19-1029.01,2131,2,0.7031367783481229,11.293192447554636,False,8.866294443315,9.867582137765408,4,Sonstiges
19-1029.02,2131,2,0.5920779161365723,11.293192447554636,False,8.866294443315,9.867582137765408,4,Sonstiges
19-1029.04,2131,2,0.7770184822091111,11.293192447554636,False,8.866294443315,9.867582137765408,4,Sonstiges
19-1031.00,2133,2,0.5157117718585472,19.90030126565172,False,3.499424292972,4.195820269836831,4,Sonstiges
19-1031.02,2133,2,0.252358077277562,19.90030126565172,False,3.499424292972,4.195820269836831,4,Sonstiges
19-1032.00,2133,2,0.17624683512710715,19.90030126565172,False,3.499424292972,4.195820269836831,4,Sonstiges
19-1041.00,2131,2,0.5082055026130708,11.293192447554636,False,8.866294443315,9.867582137765408,4,Sonstiges
19-1042.00,2131,2,0.4472559860602461,11.293192447554636,False,8.866294443315,9.867582137765408,4,Sonstiges
19-2011.00,2111,2,0.7511555907493493,7.279471975928281,False,2.583152246271001,2.7711920901338605,4,Sonstiges
19-2012.00,2111,2,0.7996173242057041,7.279471975928281,False,2.583152246271001,2.7711920901338605,4,Sonstiges
19-2021.00,2112,2,0.6493642871831736,-36.19121317386976,True,0.4304312644699999,0.2746529679786791,4,Sonstiges
19-2031.00,2113,2,0.635717570247751,-25.65705168449016,False,3.974386962397,2.954676445313163,4,Sonstiges
19-2032.00,2146,2,0.6698554249100244,,,,,4,Sonstiges
19-2041.00,2133,2,0.3548238429945872,19.90030126565172,False,3.499424292972,4.195820269836831,4,Sonstiges
19-2041.01,2422,2,0.43882604971684536,74.2896888654673,True,2.9147980542490006,5.080192459807278,4,Sonstiges
19-2041.02,2133,2,0.5745384252852183,19.90030126565172,False,3.499424292972,4.195820269836831,4,Sonstiges
19-3011.01,2631,2,0.7857606888513935,-3.5877926989257847,False,2.471595154266,2.382919443774241,4,Sonstiges
19-3022.00,2120,2,0.8064871530742821,30.77306189244979,False,8.721144665276999,11.404907910852772,4,Sonstiges
19-3033.00,2634,2,0.2043995046921169,6.696095398613619,False,16.014104383519,17.086424090273,4,Sonstiges
19-3034.00,2634,2,0.0,6.696095398613619,False,16.014104383519,17.086424090273,4,Sonstiges
19-3039.02,2634,2,0.454241894142551,6.696095398613619,False,16.014104383519,17.086424090273,4,Sonstiges
19-3039.03,2634,2,0.2603453170795963,6.696095398613619,False,16.014104383519,17.086424090273,4,Sonstiges
19-3051.00,2164,2,0.4488321698815286,34.67581706470658,False,2.986436137319,4.022007269050025,4,Sonstiges
19-3091.00,2632,2,0.47548754042524577,-9.066907418159886,False,1.5603602284769995,1.418883811171202,4,Sonstiges
19-3092.00,2632,2,0.6909967571154854,-9.066907418159886,False,1.5603602284769995,1.418883811171202,4,Sonstiges
19-3093.00,2633,2,0.3923831894907097,-16.00037758191146,False,1.4198766489419998,1.1926910239138884,4,Sonstiges
19-3094.00,2633,2,0.5917331230816688,-16.00037758191146,False,1.4198766489419998,1.1926910239138884,4,Sonstiges
19-3099.01,2164,2,0.7169441816174161,34.67581706470658,False,2.986436137319,4.022007269050025,4,Sonstiges
19-4012.01,2132,2,0.6369811429902775,24.33092413269468,False,2.12185711709,2.6381245624533496,4,Sonstiges
19-4013.00,3111,3,0.20868100055753422,-7.007106968561465,False,8.995486047674996,8.365162717972387,3,Sonstiges
19-4021.00,3141,3,0.58118662769569,-3.5863230283961043,False,3.350140159418,3.229993311397246,3,Sonstiges
19-4031.00,2113,2,0.28296054918446156,-25.65705168449016,False,3.974386962397,2.954676445313163,4,Sonstiges
19-4042.00,3111,3,0.42396611391356,-7.007106968561465,False,8.995486047674996,8.365162717972387,3,Sonstiges
19-4043.00,2114,2,0.3403000956002167,1.2700677764207162,False,1.3645087371050002,1.381838922881416,4,Sonstiges
19-4051.00,3111,3,0.14124214313499142,-7.007106968561465,False,8.995486047674996,8.365162717972387,3,Sonstiges
19-4051.02,3111,3,0.05578730378224822,-7.007106968561465,False,8.995486047674996,8.365162717972387,3,Sonstiges
19-4061.00,2632,2,0.7574353128089545,-9.066907418159886,False,1.5603602284769995,1.418883811171202,4,Sonstiges
19-4071.00,2133,2,0.171613164842616,19.90030126565172,False,3.499424292972,4.195820269836831,4,Sonstiges
19-4092.00,2632,2,0.27241029583660537,-9.066907418159886,False,1.5603602284769995,1.418883811171202,4,Sonstiges
19-4099.03,3111,3,0.5738004212006715,-7.007106968561465,False,8.995486047674996,8.365162717972387,3,Sonstiges
19-5011.00,2263,2,0.5272711499680811,5.182528827238589,False,0.32615951275,0.3430628235210496,4,Sonstiges
19-5012.00,3257,3,0.37793890055392615,37.2375243734849,False,1.93101920804,2.65008295629057,3,Sonstiges
21-1011.00,2635,2,0.05049179983133118,4.199509809449249,False,18.731495843976003,19.518126849400357,4,Sonstiges
21-1013.00,2635,2,0.0,4.199509809449249,False,18.731495843976003,19.518126849400357,4,Sonstiges
21-1014.00,2635,2,0.13578936754504606,4.199509809449249,False,18.731495843976003,19.518126849400357,4,Sonstiges
21-1021.00,2635,2,0.0,4.199509809449249,False,18.731495843976003,19.518126849400357,4,Sonstiges
21-1022.00,2635,2,0.0,4.199509809449249,False,18.731495843976003,19.518126849400357,4,Sonstiges
21-1023.00,2635,2,0.0,4.199509809449249,False,18.731495843976003,19.518126849400357,4,Sonstiges
21-1091.00,2422,2,0.12431617719278863,74.2896888654673,True,2.9147980542490006,5.080192459807278,4,Sonstiges
21-1092.00,2635,2,0.14993271197262328,4.199509809449249,False,18.731495843976003,19.518126849400357,4,Sonstiges
21-1093.00,2635,2,0.0,4.199509809449249,False,18.731495843976003,19.518126849400357,4,Sonstiges
21-2011.00,2636,2,0.0,-1.3133456209140169,False,5.976385258751999,5.897894664667229,4,Sonstiges
21-2021.00,2636,2,0.0,-1.3133456209140169,False,5.976385258751999,5.897894664667229,4,Sonstiges
23-1012.00,3411,3,0.4009959411131865,0.8717809279335977,False,12.039343043658002,12.144299740161111,3,Sonstiges
23-1021.00,2612,2,0.3325710797090459,13.748204845047132,False,1.7479735068289997,1.9882884851850045,4,Sonstiges
23-1022.00,2612,2,0.3742499087687936,13.748204845047132,False,1.7479735068289997,1.9882884851850045,4,Sonstiges
23-1023.00,2612,2,0.4040593130360878,13.748204845047132,False,1.7479735068289997,1.9882884851850045,4,Sonstiges
23-2011.00,3411,3,0.34142268732565023,0.8717809279335977,False,12.039343043658002,12.144299740161111,3,Sonstiges
23-2093.00,3315,3,0.40683931543783003,-0.8969205988883489,False,3.6551101946799993,3.6223267584318464,3,Sonstiges
25-1011.00,2310,2,0.4553376269378151,5.922274763909165,False,16.214208988428997,17.17445899551822,4,Sonstiges
25-1022.00,2310,2,0.44659148862144304,5.922274763909165,False,16.214208988428997,17.17445899551822,4,Sonstiges
25-1031.00,2310,2,0.34032070719337737,5.922274763909165,False,16.214208988428997,17.17445899551822,4,Sonstiges
25-1032.00,2320,2,0.6767849109254053,-15.4376255333406,False,13.416577980547006,11.345376912521528,4,Sonstiges
25-1041.00,2310,2,0.2852281388120657,5.922274763909165,False,16.214208988428997,17.17445899551822,4,Sonstiges
25-1042.00,2310,2,0.4028237988708773,5.922274763909165,False,16.214208988428997,17.17445899551822,4,Sonstiges
25-1043.00,2310,2,0.5593712838699041,5.922274763909165,False,16.214208988428997,17.17445899551822,4,Sonstiges
25-1051.00,2310,2,0.4805646306350639,5.922274763909165,False,16.214208988428997,17.17445899551822,4,Sonstiges
25-1052.00,2310,2,0.46443056750470135,5.922274763909165,False,16.214208988428997,17.17445899551822,4,Sonstiges
25-1053.00,2310,2,0.4617981569466533,5.922274763909165,False,16.214208988428997,17.17445899551822,4,Sonstiges
25-1054.00,2310,2,0.498411203093334,5.922274763909165,False,16.214208988428997,17.17445899551822,4,Sonstiges
25-1061.00,2310,2,0.32927119067663124,5.922274763909165,False,16.214208988428997,17.17445899551822,4,Sonstiges
25-1062.00,2310,2,0.2762951957452535,5.922274763909165,False,16.214208988428997,17.17445899551822,4,Sonstiges
25-1063.00,2310,2,0.6556743759991607,5.922274763909165,False,16.214208988428997,17.17445899551822,4,Sonstiges
25-1064.00,2310,2,0.506057364919009,5.922274763909165,False,16.214208988428997,17.17445899551822,4,Sonstiges
25-1065.00,2310,2,0.38763667638129384,5.922274763909165,False,16.214208988428997,17.17445899551822,4,Sonstiges
25-1066.00,2310,2,0.4738223089575115,5.922274763909165,False,16.214208988428997,17.17445899551822,4,Sonstiges
25-1067.00,2310,2,0.37305303418350116,5.922274763909165,False,16.214208988428997,17.17445899551822,4,Sonstiges
25-1071.00,2310,2,0.25036046854393357,5.922274763909165,False,16.214208988428997,17.17445899551822,4,Sonstiges
25-1081.00,2310,2,0.2756249171326951,5.922274763909165,False,16.214208988428997,17.17445899551822,4,Sonstiges
25-1111.00,2310,2,0.3098369494303906,5.922274763909165,False,16.214208988428997,17.17445899551822,4,Sonstiges
25-1112.00,2310,2,0.38804071744649526,5.922274763909165,False,16.214208988428997,17.17445899551822,4,Sonstiges
25-1113.00,2310,2,0.17522177864790422,5.922274763909165,False,16.214208988428997,17.17445899551822,4,Sonstiges
25-1121.00,2310,2,0.028108874524195054,5.922274763909165,False,16.214208988428997,17.17445899551822,4,Sonstiges
25-1123.00,2310,2,0.2521895298882345,5.922274763909165,False,16.214208988428997,17.17445899551822,4,Sonstiges
25-1124.00,2310,2,0.18915004972001684,5.922274763909165,False,16.214208988428997,17.17445899551822,4,Sonstiges
25-1126.00,2310,2,0.3402440184210958,5.922274763909165,False,16.214208988428997,17.17445899551822,4,Sonstiges
25-1192.00,2310,2,0.3168114197995398,5.922274763909165,False,16.214208988428997,17.17445899551822,4,Sonstiges
25-1193.00,2310,2,0.1619702350064461,5.922274763909165,False,16.214208988428997,17.17445899551822,4,Sonstiges
25-1194.00,2320,2,0.08197462567425914,-15.4376255333406,False,13.416577980547006,11.345376912521528,4,Sonstiges
25-2012.00,2342,2,0.0,-3.4070721128704475,False,25.699583072334,24.82397974435253,4,Sonstiges
25-2021.00,2352,2,0.0,-4.290954457192263,False,17.397115878819,16.650613559593914,4,Sonstiges
25-2023.00,2330,2,0.2034167035172082,19.975657554510555,False,41.82404447045,50.1786723693133,4,Sonstiges
25-2031.00,2330,2,0.08692558819411572,19.975657554510555,False,41.82404447045,50.1786723693133,4,Sonstiges
25-2032.00,2320,2,0.0070361285177210405,-15.4376255333406,False,13.416577980547006,11.345376912521528,4,Sonstiges
25-2051.00,2352,2,0.044797857660316034,-4.290954457192263,False,17.397115878819,16.650613559593914,4,Sonstiges
25-2056.00,2352,2,0.12317861399440799,-4.290954457192263,False,17.397115878819,16.650613559593914,4,Sonstiges
25-2057.00,2352,2,0.0,-4.290954457192263,False,17.397115878819,16.650613559593914,4,Sonstiges
25-2058.00,2352,2,0.0678184053240817,-4.290954457192263,False,17.397115878819,16.650613559593914,4,Sonstiges
25-2059.01,3422,3,0.0,-0.5779948542670491,False,18.596802860598004,18.48931429700556,3,Sonstiges
25-3021.00,3423,3,0.029031501607763625,17.65825235636267,False,6.404440928735001,7.535353269945205,3,Sonstiges
25-3031.00,2330,2,0.00745317217707758,19.975657554510555,False,41.82404447045,50.1786723693133,4,Sonstiges
25-4011.00,2621,2,0.5026875165712044,37.40303524920816,False,2.5007701291260007,3.436134062024667,4,Sonstiges
25-4012.00,2621,2,0.4036237672586568,37.40303524920816,False,2.5007701291260007,3.436134062024667,4,Sonstiges
25-4013.00,2621,2,0.1445908370739324,37.40303524920816,False,2.5007701291260007,3.436134062024667,4,Sonstiges
25-4022.00,2621,2,0.33854811701674803,37.40303524920816,False,2.5007701291260007,3.436134062024667,4,Sonstiges
25-4031.00,2621,2,0.13610490861386745,37.40303524920816,False,2.5007701291260007,3.436134062024667,4,Sonstiges
25-9031.00,2351,2,0.1162427724294541,9.104617932851117,False,5.918517435153998,6.4573758349139485,4,Sonstiges
25-9042.00,2352,2,0.017860832265658877,-4.290954457192263,False,17.397115878819,16.650613559593914,4,Sonstiges
25-9044.00,2310,2,0.18922972871718705,5.922274763909165,False,16.214208988428997,17.17445899551822,4,Sonstiges
27-1011.00,2166,2,0.0784135880634522,10.20017076159689,False,12.445369746459,13.714818712509937,4,Sonstiges
27-1013.00,2651,2,0.2854305603168472,-22.840408691396814,False,4.121146544095,3.179859830652326,4,Sonstiges
27-1024.00,2166,2,0.2068573070202037,10.20017076159689,False,12.445369746459,13.714818712509937,4,Sonstiges
27-1025.00,3432,3,0.17462574206982837,-17.52054260011844,False,8.494832835689,7.006492029903259,3,Sonstiges
27-2011.00,2659,2,0.0,-39.93966708811424,True,0.962589705,0.5781345813985391,4,Sonstiges
27-2012.03,2654,2,0.14755305114644315,15.185684568931537,False,5.632197512363999,6.4874852608908045,4,Sonstiges
27-2012.04,2166,2,0.0,10.20017076159689,False,12.445369746459,13.714818712509937,4,Sonstiges
27-2021.00,3421,3,0.0,16.172425211983143,False,1.957379538159,2.273935280082425,3,Sonstiges
27-2022.00,3422,3,0.0,-0.5779948542670491,False,18.596802860598004,18.48931429700556,3,Sonstiges
27-2023.00,3422,3,0.0,-0.5779948542670491,False,18.596802860598004,18.48931429700556,3,Sonstiges
27-2032.00,2653,2,0.0,6.364451196197461,False,0.7950931779070001,0.8456964951791865,4,Sonstiges
27-2041.00,2652,2,0.06546010220226658,1.8727653339679284,False,7.433138465352998,7.572343705757965,4,Sonstiges
27-2042.00,2652,2,0.0,1.8727653339679284,False,7.433138465352998,7.572343705757965,4,Sonstiges
27-3023.00,2642,2,0.20486851928404498,3.605723087659345,False,9.876316774069,10.23242940820198,4,Sonstiges
27-3031.00,2432,2,0.06144749512507949,-3.069907631481635,False,5.166502693133,5.007895832675806,4,Sonstiges
27-3042.00,2641,2,0.5169892288449867,-6.421342346609928,False,4.649945778438999,4.351356841073695,4,Sonstiges
27-3043.00,2641,2,0.07351335182894482,-6.421342346609928,False,4.649945778438999,4.351356841073695,4,Sonstiges
27-3043.05,2641,2,0.495598170585074,-6.421342346609928,False,4.649945778438999,4.351356841073695,4,Sonstiges
27-3092.00,2643,2,0.25109291874360845,2.0629146837573638,False,5.622935372784,5.738931732247348,4,Sonstiges
27-4011.00,3521,3,0.17928106453329387,-10.284930733748665,False,6.346659251749999,5.69390974380046,3,Sonstiges
27-4014.00,3521,3,0.12002258349686448,-10.284930733748665,False,6.346659251749999,5.69390974380046,3,Sonstiges
27-4021.00,3431,3,0.0830753094120416,14.71523264739106,False,4.343179196358999,4.982288119396316,3,Sonstiges
27-4031.00,3521,3,0.022448681233335824,-10.284930733748665,False,6.346659251749999,5.69390974380046,3,Sonstiges
27-4032.00,2654,2,0.3942690288982959,15.185684568931537,False,5.632197512363999,6.4874852608908045,4,Sonstiges
29-1021.00,2261,2,0.0,12.185403600103523,False,5.662456788252,6.352450001581966,4,Sonstiges
29-1022.00,2261,2,0.2525448000296324,12.185403600103523,False,5.662456788252,6.352450001581966,4,Sonstiges
29-1023.00,2261,2,0.0,12.185403600103523,False,5.662456788252,6.352450001581966,4,Sonstiges
29-1024.00,3214,3,0.15723233780014492,-9.276261385655218,False,4.551515015314,4.129304585486128,3,Sonstiges
29-1031.00,2265,2,0.06960700006846897,-2.52451253010368,False,2.6122524179290005,2.5463057783204466,4,Sonstiges
29-1051.00,2262,2,0.13242085554704727,-6.325399884219272,False,6.54283315089,6.128972790338944,4,Sonstiges
29-1071.00,3256,3,0.23554856608583546,-0.7566030025209012,False,31.51451494805901,31.276075181732093,3,Sonstiges
29-1071.01,3259,3,0.09752195604857264,3.1233171310394097,False,0.608573771748,0.6275814606160179,3,Sonstiges
29-1081.00,2269,2,0.1997724052748875,13.288390073013618,False,14.319088591201,16.22186493810018,4,Sonstiges
29-1122.00,2269,2,0.0,13.288390073013618,False,14.319088591201,16.22186493810018,4,Sonstiges
29-1122.01,2269,2,0.0,13.288390073013618,False,14.319088591201,16.22186493810018,4,Sonstiges
29-1123.00,2264,2,0.0,22.200468481542472,False,16.459361803371998,20.11341723279264,4,Sonstiges
29-1125.00,2269,2,0.0,13.288390073013618,False,14.319088591201,16.22186493810018,4,Sonstiges
29-1126.00,3259,3,0.0,3.1233171310394097,False,0.608573771748,0.6275814606160179,3,Sonstiges
29-1127.00,2269,2,0.289465624325846,13.288390073013618,False,14.319088591201,16.22186493810018,4,Sonstiges
29-1128.00,3255,3,0.09253557971483221,-2.919764108399224,False,12.063985162247,11.711745253437105,3,Sonstiges
29-1129.02,2269,2,0.0,13.288390073013618,False,14.319088591201,16.22186493810018,4,Sonstiges
29-1131.00,2250,2,0.29987819782045183,-3.240518553862183,False,4.151707657170999,4.017170800238256,4,Sonstiges
29-1141.00,2221,2,0.0,5.464584482285454,False,91.542329713691,96.54473765794796,4,Sonstiges
29-1141.01,2221,2,0.0,5.464584482285454,False,91.542329713691,96.54473765794796,4,Sonstiges
29-1141.02,2221,2,0.05666515741354757,5.464584482285454,False,91.542329713691,96.54473765794796,4,Sonstiges
29-1141.03,2221,2,0.0,5.464584482285454,False,91.542329713691,96.54473765794796,4,Sonstiges
29-1141.04,2221,2,0.0,5.464584482285454,False,91.542329713691,96.54473765794796,4,Sonstiges
29-1151.00,3259,3,0.10870918130339373,3.1233171310394097,False,0.608573771748,0.6275814606160179,3,Sonstiges
29-1161.00,2221,2,0.12235648472534416,5.464584482285454,False,91.542329713691,96.54473765794796,4,Sonstiges
29-1171.00,2221,2,0.126605337403468,5.464584482285454,False,91.542329713691,96.54473765794796,4,Sonstiges
29-1181.00,2266,2,0.21645140031440238,5.1086153670915495,False,4.047666286812,4.254445988748661,4,Sonstiges
29-1211.00,2212,2,0.055500217268570365,-2.7904627329039604,False,37.08194504008001,36.04718718310065,4,Sonstiges
29-1213.00,2212,2,0.0,-2.7904627329039604,False,37.08194504008001,36.04718718310065,4,Sonstiges
29-1214.00,3259,3,0.06651985237065397,3.1233171310394097,False,0.608573771748,0.6275814606160179,3,Sonstiges
29-1215.00,2635,2,0.10541116249488841,4.199509809449249,False,18.731495843976003,19.518126849400357,4,Sonstiges
29-1217.00,2212,2,0.292990007993754,-2.7904627329039604,False,37.08194504008001,36.04718718310065,4,Sonstiges
29-1221.00,2212,2,0.035741316995381266,-2.7904627329039604,False,37.08194504008001,36.04718718310065,4,Sonstiges
29-1222.00,2131,2,0.39307753609290885,11.293192447554636,False,8.866294443315,9.867582137765408,4,Sonstiges
29-1223.00,2212,2,0.04769429223308554,-2.7904627329039604,False,37.08194504008001,36.04718718310065,4,Sonstiges
29-1224.00,2269,2,0.06805792945855342,13.288390073013618,False,14.319088591201,16.22186493810018,4,Sonstiges
29-1229.01,2131,2,0.247731347909298,11.293192447554636,False,8.866294443315,9.867582137765408,4,Sonstiges
29-1229.03,2212,2,0.29604310605964257,-2.7904627329039604,False,37.08194504008001,36.04718718310065,4,Sonstiges
29-1229.04,2212,2,0.08911765167059757,-2.7904627329039604,False,37.08194504008001,36.04718718310065,4,Sonstiges
29-1229.05,2212,2,0.10201679070290025,-2.7904627329039604,False,37.08194504008001,36.04718718310065,4,Sonstiges
29-1241.00,2212,2,0.04337245123216139,-2.7904627329039604,False,37.08194504008001,36.04718718310065,4,Sonstiges
29-1291.00,2230,2,0.18963992769068777,-5.400444515711197,False,8.390799604639,7.937659127565956,4,Sonstiges
29-1299.01,2230,2,0.32999473605792945,-5.400444515711197,False,8.390799604639,7.937659127565956,4,Sonstiges
29-1299.02,2267,2,0.2263149589153233,0.9067327842740792,False,1.084923443269,1.0947607998133952,4,Sonstiges
29-2011.00,3212,3,0.31953893780550924,-2.2998627320771474,False,7.281498105076999,7.114033643821429,3,Sonstiges
29-2011.01,2131,2,0.36490388272346636,11.293192447554636,False,8.866294443315,9.867582137765408,4,Sonstiges
29-2011.02,3212,3,0.15900179078902196,-2.2998627320771474,False,7.281498105076999,7.114033643821429,3,Sonstiges
29-2012.00,3212,3,0.20718714691383883,-2.2998627320771474,False,7.281498105076999,7.114033643821429,3,Sonstiges
29-2012.01,3212,3,0.15926179878074798,-2.2998627320771474,False,7.281498105076999,7.114033643821429,3,Sonstiges
29-2032.00,2269,2,0.0,13.288390073013618,False,14.319088591201,16.22186493810018,4,Sonstiges
29-2033.00,2269,2,0.10097370116187508,13.288390073013618,False,14.319088591201,16.22186493810018,4,Sonstiges
29-2034.00,2269,2,0.0,13.288390073013618,False,14.319088591201,16.22186493810018,4,Sonstiges
29-2035.00,2269,2,0.09635584394327709,13.288390073013618,False,14.319088591201,16.22186493810018,4,Sonstiges
29-2036.00,2269,2,0.44070103555044626,13.288390073013618,False,14.319088591201,16.22186493810018,4,Sonstiges
29-2051.00,3259,3,0.3255976743209696,3.1233171310394097,False,0.608573771748,0.6275814606160179,3,Sonstiges
29-2052.00,2262,2,0.30518592725757976,-6.325399884219272,False,6.54283315089,6.128972790338944,4,Sonstiges
29-2053.00,2269,2,0.0,13.288390073013618,False,14.319088591201,16.22186493810018,4,Sonstiges
29-2057.00,2267,2,0.12896616564956376,0.9067327842740792,False,1.084923443269,1.0947607998133952,4,Sonstiges
29-2061.00,2635,2,0.0,4.199509809449249,False,18.731495843976003,19.518126849400357,4,Sonstiges
29-2081.00,3254,3,0.2500573602997601,-11.212312649978736,False,5.256679593504,4.6672842424727,3,Sonstiges
29-2091.00,3214,3,0.16375916508809987,-9.276261385655218,False,4.551515015314,4.129304585486128,3,Sonstiges
29-2092.00,3214,3,0.0,-9.276261385655218,False,4.551515015314,4.129304585486128,3,Sonstiges
29-2099.05,2267,2,0.0,0.9067327842740792,False,1.084923443269,1.0947607998133952,4,Sonstiges
29-9091.00,2269,2,0.0,13.288390073013618,False,14.319088591201,16.22186493810018,4,Sonstiges
29-9092.00,2131,2,0.23762922537786568,11.293192447554636,False,8.866294443315,9.867582137765408,4,Sonstiges
29-9093.00,3256,3,0.0,-0.7566030025209012,False,31.51451494805901,31.276075181732093,3,Sonstiges
29-9099.01,2221,2,0.0,5.464584482285454,False,91.542329713691,96.54473765794796,4,Sonstiges
31-1122.00,3412,3,0.0,9.724730419582912,False,46.231044447983,50.726888890706896,3,Sonstiges
31-1132.00,3258,3,0.0,12.675399704478275,False,4.050694959712999,4.564136736665777,3,Sonstiges
31-2011.00,2269,2,0.0,13.288390073013618,False,14.319088591201,16.22186493810018,4,Sonstiges
31-2012.00,2269,2,0.0,13.288390073013618,False,14.319088591201,16.22186493810018,4,Sonstiges
31-2021.00,3255,3,0.0,-2.919764108399224,False,12.063985162247,11.711745253437105,3,Sonstiges
31-2022.00,2269,2,0.00020583348565358646,13.288390073013618,False,14.319088591201,16.22186493810018,4,Sonstiges
31-9011.00,3255,3,0.1415235228738437,-2.919764108399224,False,12.063985162247,11.711745253437105,3,Sonstiges
31-9092.00,3259,3,0.17422511396963525,3.1233171310394097,False,0.608573771748,0.6275814606160179,3,Sonstiges
31-9094.00,3252,3,0.36042554523258935,-2.470545011933432,False,0.707328782249,0.6898539063011778,3,Sonstiges
31-9095.00,2262,2,0.11780503962916233,-6.325399884219272,False,6.54283315089,6.128972790338944,4,Sonstiges
31-9096.00,3240,3,0.19079996615304318,25.29949048798734,False,3.337339874521,4.181669858627249,3,Sonstiges
31-9097.00,3212,3,0.034600702902081434,-2.2998627320771474,False,7.281498105076999,7.114033643821429,3,Sonstiges
31-9099.01,2266,2,0.03528516413334564,5.1086153670915495,False,4.047666286812,4.254445988748661,4,Sonstiges
31-9099.02,3211,3,0.06224871969646119,12.35563067038782,False,7.546524178165999,8.47894483407171,3,Sonstiges
33-1011.00,1349,1,0.0,4.65508308680129,False,8.184198786407,8.565180039903229,3,Sonstiges
33-1012.00,3355,3,0.0,108.464853356832,True,4.070975210586001,8.48655250294109,3,Sonstiges
33-1021.00,1112,1,0.0,14.44437869484354,False,12.438160335807,14.234775317382786,3,Sonstiges
33-1091.00,1219,1,0.0,17.701069218868735,False,11.188193659694004,13.16862356373752,3,Sonstiges
33-2011.00,3112,3,0.0,1.1121365671922114,False,38.516833221537,38.94519300831815,3,Sonstiges
33-2021.00,3112,3,0.04812435772784455,1.1121365671922114,False,38.516833221537,38.94519300831815,3,Sonstiges
33-2022.00,3359,3,0.0,-25.409431210417218,False,1.1952449879130005,0.8915400349132869,3,Sonstiges
33-3012.00,1349,1,0.0,4.65508308680129,False,8.184198786407,8.565180039903229,3,Sonstiges
33-3021.00,3355,3,0.1627803728094281,108.464853356832,True,4.070975210586001,8.48655250294109,3,Sonstiges
33-3021.02,3355,3,0.32079774683001,108.464853356832,True,4.070975210586001,8.48655250294109,3,Sonstiges
33-3021.06,2422,2,0.5386252608925258,74.2896888654673,True,2.9147980542490006,5.080192459807278,4,Sonstiges
33-3031.00,2133,2,0.04409125663914579,19.90030126565172,False,3.499424292972,4.195820269836831,4,Sonstiges
33-3041.00,1112,1,0.04529518450372346,14.44437869484354,False,12.438160335807,14.234775317382786,3,Sonstiges
33-3051.00,3355,3,0.0,108.464853356832,True,4.070975210586001,8.48655250294109,3,Sonstiges
33-3051.04,3351,3,0.19301614949979798,13.595911354416163,False,3.920539826399,4.453572945810789,3,Sonstiges
33-3052.00,3355,3,0.18300515098626477,108.464853356832,True,4.070975210586001,8.48655250294109,3,Sonstiges
33-9021.00,3411,3,0.49501761051530135,0.8717809279335977,False,12.039343043658002,12.144299740161111,3,Sonstiges
33-9031.00,3359,3,0.33790119787329165,-25.409431210417218,False,1.1952449879130005,0.8915400349132869,3,Sonstiges
33-9091.00,3112,3,0.0,1.1121365671922114,False,38.516833221537,38.94519300831815,3,Sonstiges
33-9092.00,3422,3,0.0,-0.5779948542670491,False,18.596802860598004,18.48931429700556,3,Sonstiges
33-9093.00,3351,3,0.0,13.595911354416163,False,3.920539826399,4.453572945810789,3,Sonstiges
33-9099.02,3411,3,0.282830343444181,0.8717809279335977,False,12.039343043658002,12.144299740161111,3,Sonstiges
35-1011.00,3434,3,0.0,-15.775953277624836,False,11.439200624478,9.634557678626583,3,Sonstiges
35-1012.00,1412,1,0.0,-5.47592398648079,False,19.072046092383005,18.02767534569753,3,Sonstiges
35-2012.00,3434,3,0.0,-15.775953277624836,False,11.439200624478,9.634557678626583,3,Sonstiges
35-2013.00,3434,3,0.03323678798448739,-15.775953277624836,False,11.439200624478,9.634557678626583,3,Sonstiges
35-3011.00,1412,1,0.0,-5.47592398648079,False,19.072046092383005,18.02767534569753,3,Sonstiges
35-9031.00,2431,2,0.0,-0.0256149895060899,False,43.93795628549201,43.92670158260029,4,Sonstiges
37-1011.00,1219,1,0.0,17.701069218868735,False,11.188193659694004,13.16862356373752,3,Sonstiges
37-1012.00,2131,2,0.0,11.293192447554636,False,8.866294443315,9.867582137765408,4,Sonstiges
37-3011.00,2162,2,0.0,5.71050797940129,False,1.572515060856,1.6623136588834688,4,Sonstiges
37-3012.00,3141,3,0.0008500079188350217,-3.5863230283961043,False,3.350140159418,3.229993311397246,3,Sonstiges
37-3013.00,1311,1,0.0,61.1602041783743,True,0.461633413851,0.7439693523178712,3,Sonstiges
39-1013.00,1431,1,0.0,-11.966712494310872,False,3.431486778191001,3.0208506211645925,3,Sonstiges
39-1022.00,1439,1,0.0,-12.165368622626788,False,2.155181872745,1.8929960534375396,3,Sonstiges
39-3011.00,1431,1,0.0,-11.966712494310872,False,3.431486778191001,3.0208506211645925,3,Sonstiges
39-3012.00,1431,1,0.024864089483329493,-11.966712494310872,False,3.431486778191001,3.0208506211645925,3,Sonstiges
39-3021.00,3521,3,0.0,-10.284930733748665,False,6.346659251749999,5.69390974380046,3,Sonstiges
39-3031.00,3411,3,0.0,0.8717809279335977,False,12.039343043658002,12.144299740161111,3,Sonstiges
39-3091.00,1411,1,0.0,3.197557183372949,False,7.145420438866,7.373899343391159,3,Sonstiges
39-3092.00,3435,3,0.0,-4.031817033282524,False,4.497162307868001,4.315844951925017,3,Sonstiges
39-3093.00,3423,3,0.0,17.65825235636267,False,6.404440928735001,7.535353269945205,3,Sonstiges
39-4011.00,3433,3,0.00379730736533494,13.48502312839967,False,0.8764893736830001,0.994684168442118,3,Sonstiges
39-4031.00,2635,2,0.0,4.199509809449249,False,18.731495843976003,19.518126849400357,4,Sonstiges
39-5092.00,3435,3,0.0,-4.031817033282524,False,4.497162307868001,4.315844951925017,3,Sonstiges
39-5093.00,1431,1,0.0,-11.966712494310872,False,3.431486778191001,3.0208506211645925,3,Sonstiges
39-7011.00,1439,1,0.0,-12.165368622626788,False,2.155181872745,1.8929960534375396,3,Sonstiges
39-7012.00,1439,1,0.0,-12.165368622626788,False,2.155181872745,1.8929960534375396,3,Sonstiges
39-9011.00,1341,1,0.0,-11.554476973672667,False,3.922539975932,3.4693109976298317,3,Sonstiges
39-9031.00,3423,3,0.0,17.65825235636267,False,6.404440928735001,7.535353269945205,3,Sonstiges
39-9032.00,3423,3,0.0,17.65825235636267,False,6.404440928735001,7.535353269945205,3,Sonstiges
39-9041.00,3412,3,0.0,9.724730419582912,False,46.231044447983,50.726888890706896,3,Sonstiges
41-1011.00,1420,1,0.0,8.313435397703907,False,2.971007194085,3.217999957826392,3,Sonstiges
41-1012.00,1420,1,0.0,8.313435397703907,False,2.971007194085,3.217999957826392,3,Sonstiges
41-2012.00,1431,1,0.11879159018183974,-11.966712494310872,False,3.431486778191001,3.0208506211645925,3,Sonstiges
41-2022.00,2433,2,0.07949700854357403,15.415450098899068,False,11.835475398328002,13.659967202324731,4,Sonstiges
41-3011.00,3339,3,0.0,-25.23132727990804,False,0.779595074896,0.582892890090946,3,Sonstiges
41-3021.00,3321,3,0.28737746681071424,0.6588933582317137,False,16.217702350982005,16.324559714630414,3,Sonstiges
41-3031.00,3311,3,0.41889724413712964,2.1680827005261043,False,8.357260989684999,8.538453319440176,3,Sonstiges
41-4011.00,2433,2,0.0,15.415450098899068,False,11.835475398328002,13.659967202324731,4,Sonstiges
41-4012.00,3324,3,0.15367236377498789,17.00982044669558,False,6.286050496707,7.355296399385477,3,Sonstiges
41-9012.00,2651,2,0.0,-22.840408691396814,False,4.121146544095,3.179859830652326,4,Sonstiges
41-9041.00,1212,1,0.07795328291831552,1.1763416091004857,False,13.564983511046998,13.724554056355064,3,Sonstiges
41-9091.00,2432,2,0.0,-3.069907631481635,False,5.166502693133,5.007895832675806,4,Sonstiges
43-1011.00,3341,3,0.0,28.39759388518941,False,14.08504137531,18.08485422363143,3,Sonstiges
43-2011.00,3133,3,0.035337565911040106,,,,,3,Sonstiges
43-2021.00,1439,1,0.10908343736874905,-12.165368622626788,False,2.155181872745,1.8929960534375396,3,Sonstiges
43-3011.00,3312,3,0.08020705926991908,9.143676434404602,False,1.933962219203,2.110797466890553,3,Sonstiges
43-3021.00,3313,3,0.3937288596676056,1.2929950783281243,False,35.694219590095,36.15574409264256,3,Sonstiges
43-3031.00,2411,2,0.38331692533133405,6.285684043086613,False,30.91757631977699,32.86095748101834,4,Sonstiges
43-3041.00,1431,1,0.06477889295290434,-11.966712494310872,False,3.431486778191001,3.0208506211645925,3,Sonstiges
43-3051.00,3313,3,0.5271648693997365,1.2929950783281243,False,35.694219590095,36.15574409264256,3,Sonstiges
43-3061.00,3323,3,0.30032500040447924,1.6052996370863597,False,10.104688062421005,10.266898583215756,3,Sonstiges
43-3071.00,1112,1,0.20687615112629087,14.44437869484354,False,12.438160335807,14.234775317382786,3,Sonstiges
43-4011.00,3311,3,0.3115471420473719,2.1680827005261043,False,8.357260989684999,8.538453319440176,3,Sonstiges
43-4031.00,3411,3,0.29369703816590564,0.8717809279335977,False,12.039343043658002,12.144299740161111,3,Sonstiges
43-4041.00,3312,3,0.2871831039058698,9.143676434404602,False,1.933962219203,2.110797466890553,3,Sonstiges
43-4071.00,2621,2,0.4193849535486261,37.40303524920816,False,2.5007701291260007,3.436134062024667,4,Sonstiges
43-4121.00,2621,2,0.15456438723393337,37.40303524920816,False,2.5007701291260007,3.436134062024667,4,Sonstiges
43-4131.00,3312,3,0.4930398922676068,9.143676434404602,False,1.933962219203,2.110797466890553,3,Sonstiges
43-4141.00,2412,2,0.14238759238652968,4.628597310126321,False,19.897725421554,20.81871100519237,4,Sonstiges
43-4161.00,2423,2,0.22582766317911782,25.365483554832863,False,22.044454867828005,27.63613744207947,4,Sonstiges
43-5011.00,3331,3,0.07918314600478847,-18.398159675292963,False,4.544567426216001,3.708450654589429,3,Sonstiges
43-5011.01,3331,3,0.35246144148475816,-18.398159675292963,False,4.544567426216001,3.708450654589429,3,Sonstiges
43-5031.00,1112,1,0.05764448023846698,14.44437869484354,False,12.438160335807,14.234775317382786,3,Sonstiges
43-5061.00,2141,2,0.28685371342787636,-3.4113833788767387,False,9.624988998978,9.29664372404815,4,Sonstiges
43-5111.00,3359,3,0.20750501209370664,-25.409431210417218,False,1.1952449879130005,0.8915400349132869,3,Sonstiges
43-6013.00,3344,3,0.255787574384714,8.878196323643294,False,11.622023063692998,12.653849088066766,3,Sonstiges
43-6014.00,3343,3,0.16935088274014035,0.4851455892311484,False,34.92583533916601,35.095276488816104,3,Sonstiges
43-9021.00,3341,3,0.3866753129330406,28.39759388518941,False,14.08504137531,18.08485422363143,3,Sonstiges
43-9022.00,2643,2,0.25782201337141686,2.0629146837573638,False,5.622935372784,5.738931732247348,4,Sonstiges
43-9031.00,2166,2,0.31404938471707106,10.20017076159689,False,12.445369746459,13.714818712509937,4,Sonstiges
43-9041.00,3321,3,0.17746397537170258,0.6588933582317137,False,16.217702350982005,16.324559714630414,3,Sonstiges
43-9061.00,3343,3,0.0592767807681122,0.4851455892311484,False,34.92583533916601,35.095276488816104,3,Sonstiges
43-9081.00,1349,1,0.4164434587833008,4.65508308680129,False,8.184198786407,8.565180039903229,3,Sonstiges
45-2011.00,3359,3,0.010956365335516352,-25.409431210417218,False,1.1952449879130005,0.8915400349132869,3,Sonstiges
45-2041.00,3257,3,0.08061727664319429,37.2375243734849,False,1.93101920804,2.65008295629057,3,Sonstiges
45-2091.00,2144,2,0.0,8.453074726624155,False,9.728896910697,10.551287836634446,4,Sonstiges
45-3031.00,1311,1,0.08210867668492039,61.1602041783743,True,0.461633413851,0.7439693523178712,3,Sonstiges
45-4011.00,2133,2,0.1022081612134937,19.90030126565172,False,3.499424292972,4.195820269836831,4,Sonstiges
45-4021.00,3143,3,0.0,4.104214297448132,False,1.241224500745,1.2921670141680055,3,Sonstiges
45-4023.00,3122,3,0.09112326376895499,-0.6918545824610831,False,22.165944935432,22.01258882965041,3,Sonstiges
47-1011.00,3123,3,0.0,7.341962358964843,False,26.807374822177003,28.775562191047857,3,Sonstiges
47-1011.03,3123,3,0.0,7.341962358964843,False,26.807374822177003,28.775562191047857,3,Sonstiges
47-2021.00,3123,3,0.0,7.341962358964843,False,26.807374822177003,28.775562191047857,3,Sonstiges
47-2031.00,3123,3,0.08263425674407905,7.341962358964843,False,26.807374822177003,28.775562191047857,3,Sonstiges
47-2041.00,3123,3,0.0,7.341962358964843,False,26.807374822177003,28.775562191047857,3,Sonstiges
47-2042.00,3123,3,0.0,7.341962358964843,False,26.807374822177003,28.775562191047857,3,Sonstiges
47-2043.00,3123,3,0.034775027340550047,7.341962358964843,False,26.807374822177003,28.775562191047857,3,Sonstiges
47-2044.00,3123,3,0.0,7.341962358964843,False,26.807374822177003,28.775562191047857,3,Sonstiges
47-2051.00,3123,3,0.0,7.341962358964843,False,26.807374822177003,28.775562191047857,3,Sonstiges
47-2081.00,3123,3,0.0,7.341962358964843,False,26.807374822177003,28.775562191047857,3,Sonstiges
47-2082.00,3123,3,0.0,7.341962358964843,False,26.807374822177003,28.775562191047857,3,Sonstiges
47-3013.00,3113,3,0.21922948674811785,1.5807988536371664,False,8.859283643801998,8.999331098083685,3,Sonstiges
47-4011.01,3112,3,0.4900751974774663,1.1121365671922114,False,38.516833221537,38.94519300831815,3,Sonstiges
47-4041.00,3132,3,0.0,-11.340769437431074,False,2.789748750421,2.47336977675214,3,Sonstiges
47-4051.00,3112,3,0.0,1.1121365671922114,False,38.516833221537,38.94519300831815,3,Sonstiges
47-4061.00,3112,3,0.0,1.1121365671922114,False,38.516833221537,38.94519300831815,3,Sonstiges
47-5011.00,2146,2,0.0,,,,,4,Sonstiges
47-5012.00,2146,2,0.0,,,,,4,Sonstiges
47-5022.00,3121,3,0.0,,,,,3,Sonstiges
47-5023.00,2146,2,0.0,,,,,4,Sonstiges
47-5032.00,2146,2,0.06508930407941528,,,,,4,Sonstiges
47-5041.00,3121,3,0.0,,,,,3,Sonstiges
47-5043.00,3121,3,0.0,,,,,3,Sonstiges
47-5044.00,3121,3,0.0,,,,,3,Sonstiges
47-5071.00,2146,2,0.0,,,,,4,Sonstiges
49-1011.00,3123,3,0.0,7.341962358964843,False,26.807374822177003,28.775562191047857,3,Sonstiges
49-2011.00,3512,3,0.0,1.1485353049634035,False,13.888323471840003,14.047835770181605,3,Sonstiges
49-2022.00,2153,2,0.15721709949671153,-30.471247784049645,True,1.651368126398,1.1481756527764473,4,Sonstiges
49-2091.00,2149,2,0.2548567426607883,-6.754156071991167,False,5.215934733249,4.863642360752166,4,Sonstiges
49-2092.00,3113,3,0.13346620330360948,1.5807988536371664,False,8.859283643801998,8.999331098083685,3,Sonstiges
49-2096.00,3114,3,0.21542715361759554,30.723079611849,False,1.366058589767,1.7857538578456174,3,Sonstiges
49-2097.00,3521,3,0.15263870936661061,-10.284930733748665,False,6.346659251749999,5.69390974380046,3,Sonstiges
49-2098.00,3112,3,0.13096675177525077,1.1121365671922114,False,38.516833221537,38.94519300831815,3,Sonstiges
49-3031.00,3115,3,0.2852596201535763,8.663945221420533,False,11.019605854272998,11.97433846910366,3,Sonstiges
49-3043.00,3115,3,0.0,8.663945221420533,False,11.019605854272998,11.97433846910366,3,Sonstiges
49-9021.00,3115,3,0.020640235715182566,8.663945221420533,False,11.019605854272998,11.97433846910366,3,Sonstiges
49-9041.00,3114,3,0.12520303908376312,30.723079611849,False,1.366058589767,1.7857538578456174,3,Sonstiges
49-9043.00,3114,3,0.05312407581821449,30.723079611849,False,1.366058589767,1.7857538578456174,3,Sonstiges
49-9045.00,2651,2,0.0,-22.840408691396814,False,4.121146544095,3.179859830652326,4,Sonstiges
49-9051.00,3131,3,0.0,-10.302750078277226,False,0.7010095428119999,0.6287862815912058,3,Sonstiges
49-9061.00,3254,3,0.16843081413749458,-11.212312649978736,False,5.256679593504,4.6672842424727,3,Sonstiges
49-9062.00,3214,3,0.1894680207385331,-9.276261385655218,False,4.551515015314,4.129304585486128,3,Sonstiges
49-9064.00,3111,3,0.14082420345921579,-7.007106968561465,False,8.995486047674996,8.365162717972387,3,Sonstiges
49-9071.00,2621,2,0.1242210515703208,37.40303524920816,False,2.5007701291260007,3.436134062024667,4,Sonstiges
49-9081.00,3131,3,0.28161897306387756,-10.302750078277226,False,0.7010095428119999,0.6287862815912058,3,Sonstiges
49-9092.00,3112,3,0.0,1.1121365671922114,False,38.516833221537,38.94519300831815,3,Sonstiges
49-9094.00,2144,2,0.26858630237487086,8.453074726624155,False,9.728896910697,10.551287836634446,4,Sonstiges
49-9099.01,3131,3,0.12943326122386845,-10.302750078277226,False,0.7010095428119999,0.6287862815912058,3,Sonstiges
51-1011.00,3122,3,0.0,-0.6918545824610831,False,22.165944935432,22.01258882965041,3,Sonstiges
51-2011.00,3115,3,0.20591094359281015,8.663945221420533,False,11.019605854272998,11.97433846910366,3,Sonstiges
51-2023.00,3113,3,0.17698589358819047,1.5807988536371664,False,8.859283643801998,8.999331098083685,3,Sonstiges
51-2041.00,3123,3,0.1387189278357244,7.341962358964843,False,26.807374822177003,28.775562191047857,3,Sonstiges
51-2061.00,3113,3,0.0,1.5807988536371664,False,8.859283643801998,8.999331098083685,3,Sonstiges
51-2092.00,3139,3,0.04889386623100349,41.290583112449646,True,0.128551448903,0.1816310917545514,3,Sonstiges
51-4041.00,2514,2,0.11184853362753168,9.495022464225034,False,12.634662618871998,13.834326672812937,4,Sonstiges
51-4051.00,3135,3,0.0,,,,,3,Sonstiges
51-4061.00,2163,2,0.23141419682916065,1.106588408346758,False,5.2040786091180005,5.261666339767753,4,Sonstiges
51-4062.00,2163,2,0.13970496095039786,1.106588408346758,False,5.2040786091180005,5.261666339767753,4,Sonstiges
51-4191.00,3135,3,0.025921483097014104,,,,,3,Sonstiges
51-6041.00,3119,3,0.0,1.62724475730064,False,18.554461015303,18.856387509419907,3,Sonstiges
51-6052.00,2163,2,0.0,1.106588408346758,False,5.2040786091180005,5.261666339767753,4,Sonstiges
51-6061.00,2113,2,0.049612749643218206,-25.65705168449016,False,3.974386962397,2.954676445313163,4,Sonstiges
51-6092.00,2163,2,0.31333200642886105,1.106588408346758,False,5.2040786091180005,5.261666339767753,4,Sonstiges
51-8011.00,3131,3,0.17360742517515843,-10.302750078277226,False,0.7010095428119999,0.6287862815912058,3,Sonstiges
51-8012.00,3131,3,0.33459592981646086,-10.302750078277226,False,0.7010095428119999,0.6287862815912058,3,Sonstiges
51-8013.03,3131,3,0.12687081090443142,-10.302750078277226,False,0.7010095428119999,0.6287862815912058,3,Sonstiges
51-8013.04,3113,3,0.29561253464837856,1.5807988536371664,False,8.859283643801998,8.999331098083685,3,Sonstiges
51-8021.00,2144,2,0.13710120592505157,8.453074726624155,False,9.728896910697,10.551287836634446,4,Sonstiges
51-8031.00,3132,3,0.23784825824728897,-11.340769437431074,False,2.789748750421,2.47336977675214,3,Sonstiges
51-8091.00,3133,3,0.08794639773120194,,,,,3,Sonstiges
51-8093.00,3134,3,0.05275009477879272,,,,,3,Sonstiges
51-9011.00,3133,3,0.2993697367305636,,,,,3,Sonstiges
51-9012.00,3139,3,0.0,41.290583112449646,True,0.128551448903,0.1816310917545514,3,Sonstiges
51-9071.00,2163,2,0.13916459091262354,1.106588408346758,False,5.2040786091180005,5.261666339767753,4,Sonstiges
51-9081.00,3214,3,0.10661786746054973,-9.276261385655218,False,4.551515015314,4.129304585486128,3,Sonstiges
51-9082.00,3214,3,0.0,-9.276261385655218,False,4.551515015314,4.129304585486128,3,Sonstiges
51-9083.00,3254,3,0.048427629442052166,-11.212312649978736,False,5.256679593504,4.6672842424727,3,Sonstiges
51-9141.00,3114,3,0.11734698349337168,30.723079611849,False,1.366058589767,1.7857538578456174,3,Sonstiges
51-9151.00,3431,3,0.0,14.71523264739106,False,4.343179196358999,4.982288119396316,3,Sonstiges
51-9162.00,2144,2,0.5410395133374651,8.453074726624155,False,9.728896910697,10.551287836634446,4,Sonstiges
51-9194.00,2651,2,0.10079496272231378,-22.840408691396814,False,4.121146544095,3.179859830652326,4,Sonstiges
51-9195.00,2651,2,0.005059446575757259,-22.840408691396814,False,4.121146544095,3.179859830652326,4,Sonstiges
51-9195.03,2651,2,0.25049582294044714,-22.840408691396814,False,4.121146544095,3.179859830652326,4,Sonstiges
51-9195.04,2651,2,0.0763726615291835,-22.840408691396814,False,4.121146544095,3.179859830652326,4,Sonstiges
51-9195.05,2651,2,0.005565849161887446,-22.840408691396814,False,4.121146544095,3.179859830652326,4,Sonstiges
53-1041.00,3153,3,0.020815719647024767,3.1843336323910574,False,3.3559243445070006,3.462788172086736,3,Sonstiges
53-1042.00,3123,3,0.0,7.341962358964843,False,26.807374822177003,28.775562191047857,3,Sonstiges
53-1042.01,2143,2,0.0022293811880447567,13.176421351911834,False,1.509607549755,1.708519801270991,4,Sonstiges
53-1043.00,3122,3,0.03262062588222132,-0.6918545824610831,False,22.165944935432,22.01258882965041,3,Sonstiges
53-2011.00,3153,3,0.07709068934821048,3.1843336323910574,False,3.3559243445070006,3.462788172086736,3,Sonstiges
53-2012.00,3153,3,0.16331693884720633,3.1843336323910574,False,3.3559243445070006,3.462788172086736,3,Sonstiges
53-2021.00,3154,3,0.09469834516293386,77.90728879247777,True,1.401805752024,2.4939146075629024,3,Sonstiges
53-2022.00,3154,3,0.1080855856920961,77.90728879247777,True,1.401805752024,2.4939146075629024,3,Sonstiges
53-3011.00,3258,3,0.0122776748120001,12.675399704478275,False,4.050694959712999,4.564136736665777,3,Sonstiges
53-4011.00,3115,3,0.05633466130970509,8.663945221420533,False,11.019605854272998,11.97433846910366,3,Sonstiges
53-4022.00,3112,3,0.0,1.1121365671922114,False,38.516833221537,38.94519300831815,3,Sonstiges
53-5011.00,3152,3,0.0,14.04663816665639,False,0.5563350887370001,0.6344814656460332,3,Sonstiges
53-5021.00,3152,3,0.0,14.04663816665639,False,0.5563350887370001,0.6344814656460332,3,Sonstiges
53-5022.00,3152,3,0.0,14.04663816665639,False,0.5563350887370001,0.6344814656460332,3,Sonstiges
53-5031.00,3151,3,0.13557701901965993,,,,,3,Sonstiges
53-6011.00,3123,3,0.0,7.341962358964843,False,26.807374822177003,28.775562191047857,3,Sonstiges
53-6041.00,3112,3,0.3624766866534676,1.1121365671922114,False,38.516833221537,38.94519300831815,3,Sonstiges
53-6051.00,3359,3,0.23033851972471264,-25.409431210417218,False,1.1952449879130005,0.8915400349132869,3,Sonstiges
53-6051.01,3154,3,0.3352576802390018,77.90728879247777,True,1.401805752024,2.4939146075629024,3,Sonstiges
53-6051.07,3115,3,0.0,8.663945221420533,False,11.019605854272998,11.97433846910366,3,Sonstiges
53-7072.00,3133,3,0.14323874600034034,,,,,3,Sonstiges
53-7073.00,3134,3,0.15134495735597633,,,,,3,Sonstiges
53-7121.00,3133,3,0.15917379904283044,,,,,3,Sonstiges
