soc_code,s_ij,E_j,E_sub_j,E_aug_j,isco_4digit,mapping_stage,ch_isco_4digit,ch_isco_label,main_group,employed_2022,employed_2024,delta_bfs,is_outlier,exposure_category,cluster
11-1011.00,0.0980570474544128,0.0,0.0,0.0,1120,1,1120,Geschäftsführer und Vorstände,1,134.88761828972696,137.1951616627503,1.7107154846984889,False,Niedrig (0–0.33),0
11-1011.03,0.1648105980120238,0.0,0.0,0.0,2133,1,2133,Umweltwissenschaftler,2,3.499424292972,4.195820269836831,19.90030126565172,False,Niedrig (0–0.33),0
11-2011.00,0.0998404111122493,0.0,0.0,0.0,2431,1,2431,Fachkräfte in Marketing und Werbung,2,43.93795628549201,43.92670158260029,-0.0256149895060899,False,Niedrig (0–0.33),0
11-2021.00,0.0409415745030358,0.0,0.0,0.0,1221,1,1221,Führungskräfte in Vertrieb und Marketing,1,52.72827724799202,55.21365268686552,4.713553274620107,False,Niedrig (0–0.33),0
11-2022.00,0.0,0.0,0.0,0.0,1221,1,1221,Führungskräfte in Vertrieb und Marketing,1,52.72827724799202,55.21365268686552,4.713553274620107,False,Niedrig (0–0.33),0
11-3012.00,0.0394861420424757,0.0,0.0,0.0,1349,1,1349,"Führungskräfte in der Erbringung von spezialisierten Dienstleistungen, anderweitig nicht genannt",1,8.184198786407,8.565180039903229,4.65508308680129,False,Niedrig (0–0.33),0
11-3013.00,0.0,0.0,0.0,0.0,1219,1,1219,"Führungskräfte in der betrieblichen Administration und in unternehmensbezogenen Dienstleistungen, anderweitig nicht genannt",1,11.188193659694004,13.16862356373752,17.701069218868735,False,Niedrig (0–0.33),0
11-3013.01,0.016198365445637,0.0,0.0,0.0,1219,1,1219,"Führungskräfte in der betrieblichen Administration und in unternehmensbezogenen Dienstleistungen, anderweitig nicht genannt",1,11.188193659694004,13.16862356373752,17.701069218868735,False,Niedrig (0–0.33),0
11-3031.00,0.1245025863824422,0.0,0.0,0.0,1211,1,1211,Führungskräfte im Bereich Finanzen,1,21.499894461505,19.925565280223204,-7.322497252721817,False,Niedrig (0–0.33),0
11-3031.01,0.3093440916155424,0.0,0.0,0.0,1211,1,1211,Führungskräfte im Bereich Finanzen,1,21.499894461505,19.925565280223204,-7.322497252721817,False,Niedrig (0–0.33),0
11-3031.03,0.3714833552485622,0.0,0.0,0.0,2412,1,2412,Finanz- und Anlageberater,2,19.897725421554,20.81871100519237,4.628597310126321,False,Niedrig (0–0.33),0
11-3051.00,0.0,0.0,0.0,0.0,1321,1,1321,Führungskräfte in der Produktion von Waren,1,34.40472682012501,33.7528023397626,-1.8948689340589904,False,Niedrig (0–0.33),0
11-3051.01,0.105053736276037,0.0,0.0,0.0,1321,1,1321,Führungskräfte in der Produktion von Waren,1,34.40472682012501,33.7528023397626,-1.8948689340589904,False,Niedrig (0–0.33),0
11-3051.02,0.0,0.0,0.0,0.0,1219,1,1219,"Führungskräfte in der betrieblichen Administration und in unternehmensbezogenen Dienstleistungen, anderweitig nicht genannt",1,11.188193659694004,13.16862356373752,17.701069218868735,False,Niedrig (0–0.33),0
11-3051.03,0.0,0.0,0.0,0.0,1219,1,1219,"Führungskräfte in der betrieblichen Administration und in unternehmensbezogenen Dienstleistungen, anderweitig nicht genannt",1,11.188193659694004,13.16862356373752,17.701069218868735,False,Niedrig (0–0.33),0
11-3051.04,0.0,0.0,0.0,0.0,1219,1,1219,"Führungskräfte in der betrieblichen Administration und in unternehmensbezogenen Dienstleistungen, anderweitig nicht genannt",1,11.188193659694004,13.16862356373752,17.701069218868735,False,Niedrig (0–0.33),0
11-3051.06,0.0,0.0,0.0,0.0,1219,1,1219,"Führungskräfte in der betrieblichen Administration und in unternehmensbezogenen Dienstleistungen, anderweitig nicht genannt",1,11.188193659694004,13.16862356373752,17.701069218868735,False,Niedrig (0–0.33),0
11-3061.00,0.0060469929681066,0.0,0.0,0.0,3323,1,3323,Einkäufer,3,10.104688062421005,10.266898583215756,1.6052996370863597,False,Niedrig (0–0.33),0
11-3071.00,0.0,0.0,0.0,0.0,1324,1,1324,"Führungskräfte in der Beschaffung, Logistik und in verwandten Bereichen",1,18.928098152166,21.1017139561925,11.483540430488349,False,Niedrig (0–0.33),0
11-3071.04,0.0319026038588611,0.0,0.0,0.0,1324,1,1324,"Führungskräfte in der Beschaffung, Logistik und in verwandten Bereichen",1,18.928098152166,21.1017139561925,11.483540430488349,False,Niedrig (0–0.33),0
11-3111.00,0.2279640965894488,0.0,0.0,0.0,1212,1,1212,Führungskräfte im Personalwesen,1,13.564983511046998,13.724554056355064,1.1763416091004857,False,Niedrig (0–0.33),0
11-3121.00,0.0,0.0,0.0,0.0,1212,1,1212,Führungskräfte im Personalwesen,1,13.564983511046998,13.724554056355064,1.1763416091004857,False,Niedrig (0–0.33),0
11-3131.00,0.016670747009606,0.0,0.0,0.0,2424,1,2424,Fachkräfte in Personalschulung und -entwicklung,2,6.644263679097,6.926895695942648,4.2537748424225486,False,Niedrig (0–0.33),0
11-9013.00,0.0,0.0,0.0,0.0,1311,1,1311,Führungskräfte in der Produktion in Land- und Forstwirtschaft,1,0.461633413851,0.7439693523178712,61.1602041783743,True,Niedrig (0–0.33),0
11-9021.00,0.0,0.0,0.0,0.0,1323,1,1323,Führungskräfte in der Produktion im Bau,1,7.393838464748998,7.563892914740079,2.299948136571228,False,Niedrig (0–0.33),0
11-9031.00,0.0,0.0,0.0,0.0,1341,1,1341,Führungskräfte in der Erbringung von Dienstleistungen der Kinderbetreuung,1,3.922539975932,3.469310997629832,-11.554476973672667,False,Niedrig (0–0.33),0
11-9032.00,0.0,0.0,0.0,0.0,1345,1,1345,Führungskräfte in der Erbringung von Dienstleistungen des Bildungswesens,1,11.028094699376,10.289950045270016,-6.693310805063635,False,Niedrig (0–0.33),0
11-9041.01,0.3176184402049941,0.0,0.0,0.0,1223,1,1223,Führungskräfte in Forschung und Entwicklung,1,7.978092085696001,9.415763923087622,18.02024621863212,False,Niedrig (0–0.33),0
11-9051.00,0.0,0.0,0.0,0.0,1412,1,1412,Führungskräfte in Restaurants,1,19.072046092383005,18.02767534569753,-5.47592398648079,False,Niedrig (0–0.33),0
11-9071.00,0.0020869081443429,0.0,0.0,0.0,1431,1,1431,"Führungskräfte in der Erbringung von Dienstleistungen im Bereich Sport, Erholung und Kultur",1,3.431486778191001,3.0208506211645925,-11.966712494310872,False,Niedrig (0–0.33),0
11-9072.00,0.0,0.0,0.0,0.0,1431,1,1431,"Führungskräfte in der Erbringung von Dienstleistungen im Bereich Sport, Erholung und Kultur",1,3.431486778191001,3.0208506211645925,-11.966712494310872,False,Niedrig (0–0.33),0
11-9081.00,0.0,0.0,0.0,0.0,1411,1,1411,Führungskräfte in Hotels,1,7.145420438866,7.373899343391159,3.197557183372949,False,Niedrig (0–0.33),0
11-9111.00,0.0147467930838786,0.0,0.0,0.0,1342,1,1342,Führungskräfte in der Gesundheitsversorgung,1,4.720166093993001,3.964401059559405,-16.01140763659569,False,Niedrig (0–0.33),0
11-9121.00,0.232558304598395,0.0,0.0,0.0,1223,1,1223,Führungskräfte in Forschung und Entwicklung,1,7.978092085696001,9.415763923087622,18.02024621863212,False,Niedrig (0–0.33),0
11-9121.02,0.3236049851546975,0.0,0.0,0.0,2133,1,2133,Umweltwissenschaftler,2,3.499424292972,4.195820269836831,19.90030126565172,False,Niedrig (0–0.33),0
11-9141.00,0.1363401949588505,0.0,0.0,0.0,3334,1,3334,Immobilienmakler und -verwalter,3,24.240044403385003,24.23508011848568,-0.0204796856668994,False,Niedrig (0–0.33),0
11-9151.00,0.0,0.0,0.0,0.0,1344,1,1344,Führungskräfte in der Erbringung von Dienstleistungen der sozialen Institutionen,1,3.260227311051,2.895100305320919,-11.199433993219786,False,Niedrig (0–0.33),0
11-9179.01,0.0,0.0,0.0,0.0,1431,1,1431,"Führungskräfte in der Erbringung von Dienstleistungen im Bereich Sport, Erholung und Kultur",1,3.431486778191001,3.0208506211645925,-11.966712494310872,False,Niedrig (0–0.33),0
11-9179.02,0.0,0.0,0.0,0.0,1431,1,1431,"Führungskräfte in der Erbringung von Dienstleistungen im Bereich Sport, Erholung und Kultur",1,3.431486778191001,3.0208506211645925,-11.966712494310872,False,Niedrig (0–0.33),0
11-9199.01,0.2438493051372715,0.0,0.0,0.0,2422,1,2422,Spezialisten in der strategischen Planung in Politik und Wirtschaft,2,2.9147980542490006,5.080192459807278,74.2896888654673,True,Niedrig (0–0.33),0
11-9199.02,0.1911244639046613,0.0,0.0,0.0,2619,1,2619,"Juristen, anderweitig nicht genannt",2,13.337931516611995,13.413769730663356,0.5685905191288955,False,Niedrig (0–0.33),0
11-9199.09,0.0,0.0,0.0,0.0,2149,1,2149,"Ingenieure, anderweitig nicht genannt",2,5.215934733249,4.863642360752166,-6.754156071991167,False,Niedrig (0–0.33),0
11-9199.10,0.080414872230841,0.0,0.0,0.0,1219,1,1219,"Führungskräfte in der betrieblichen Administration und in unternehmensbezogenen Dienstleistungen, anderweitig nicht genannt",1,11.188193659694004,13.16862356373752,17.701069218868735,False,Niedrig (0–0.33),0
11-9199.11,0.1964811482181725,0.0,0.0,0.0,2143,1,2143,Umweltschutzingenieure,2,1.509607549755,1.708519801270991,13.176421351911834,False,Niedrig (0–0.33),0
13-1011.00,0.0,0.0,0.0,0.0,2654,1,2654,Regisseure und Produzenten im Film- und Bühnenbereich sowie in verwandten Bereichen,2,5.632197512363999,6.4874852608908045,15.185684568931537,False,Niedrig (0–0.33),0
13-1023.00,0.1636805706502293,0.0,0.0,0.0,3323,1,3323,Einkäufer,3,10.104688062421005,10.266898583215756,1.6052996370863597,False,Niedrig (0–0.33),0
13-1031.00,0.2998574443202809,0.0,0.0,0.0,3315,1,3315,Schätzer und Schadensgutachter,3,3.6551101946799993,3.6223267584318464,-0.8969205988883489,False,Niedrig (0–0.33),0
13-1032.00,0.2105677812791856,0.0,0.0,0.0,3315,1,3315,Schätzer und Schadensgutachter,3,3.6551101946799993,3.6223267584318464,-0.8969205988883489,False,Niedrig (0–0.33),1
13-1041.00,0.1310790103917861,0.0,0.0,0.0,3359,1,3359,"Fachkräfte in der öffentlichen Verwaltung, anderweitig nicht genannt",3,1.1952449879130005,0.8915400349132869,-25.409431210417218,False,Niedrig (0–0.33),0
13-1041.03,0.2370728728485302,0.0,0.0,0.0,2422,1,2422,Spezialisten in der strategischen Planung in Politik und Wirtschaft,2,2.9147980542490006,5.080192459807278,74.2896888654673,True,Niedrig (0–0.33),0
13-1041.04,0.1466510732309731,0.0,0.0,0.0,3112,1,3112,Bauführer und Bautechniker,3,38.516833221537,38.94519300831815,1.1121365671922114,False,Niedrig (0–0.33),0
13-1041.07,0.2266798653967733,0.0,0.0,0.0,2619,1,2619,"Juristen, anderweitig nicht genannt",2,13.337931516611995,13.413769730663356,0.5685905191288955,False,Niedrig (0–0.33),0
13-1051.00,0.4134746680570697,0.0,0.0,0.0,2421,1,2421,Spezialisten im Bereich Management- und Organisationsanalyse,2,23.15272405713,25.047760093979186,8.184937686697829,False,Niedrig (0–0.33),0
13-1071.00,0.1432294775588132,0.0,0.0,0.0,2423,1,2423,Berufsberater und -analytiker und vergleichbare Spezialisten der Personalwesen,2,22.044454867828005,27.63613744207947,25.365483554832863,False,Niedrig (0–0.33),0
13-1074.00,0.0,0.0,0.0,0.0,3333,1,3333,Arbeits- und Personalvermittler,3,1.4332020387599995,1.4220041110155557,-0.7813223426707291,False,Niedrig (0–0.33),1
13-1081.01,0.4244997259931747,0.0,0.0,0.0,1324,1,1324,"Führungskräfte in der Beschaffung, Logistik und in verwandten Bereichen",1,18.928098152166,21.1017139561925,11.483540430488349,False,Niedrig (0–0.33),0
13-1111.00,0.277529822867511,0.0,0.0,0.0,2422,1,2422,Spezialisten in der strategischen Planung in Politik und Wirtschaft,2,2.9147980542490006,5.080192459807278,74.2896888654673,True,Niedrig (0–0.33),0
13-1121.00,0.0,0.0,0.0,0.0,3332,1,3332,Konferenz- und Veranstaltungsplaner,3,4.823599589778,6.026339973511182,24.93449883945564,False,Niedrig (0–0.33),0
13-1131.00,0.1114210239817264,0.0,0.0,0.0,2432,1,2432,Fachkräfte in der Öffentlichkeitsarbeit,2,5.166502693133,5.007895832675806,-3.069907631481635,False,Niedrig (0–0.33),0
13-1161.01,0.4028054084521292,0.0,0.0,0.0,2431,1,2431,Fachkräfte in Marketing und Werbung,2,43.93795628549201,43.92670158260029,-0.0256149895060899,False,Niedrig (0–0.33),0
13-1199.04,0.2363497325903752,0.0,0.0,0.0,2529,1,2529,"Fachkräfte für Datenbanken und Netzwerke, anderweitig nicht genannt.",2,4.8492228385630005,6.558325060565179,35.24486869134368,False,Niedrig (0–0.33),0
13-1199.06,0.3521515373016189,0.0,0.0,0.0,2431,1,2431,Fachkräfte in Marketing und Werbung,2,43.93795628549201,43.92670158260029,-0.0256149895060899,False,Niedrig (0–0.33),0
13-1199.07,0.1406396191200166,0.0,0.0,0.0,2529,1,2529,"Fachkräfte für Datenbanken und Netzwerke, anderweitig nicht genannt.",2,4.8492228385630005,6.558325060565179,35.24486869134368,False,Niedrig (0–0.33),0
13-2022.00,0.4795549561061121,0.0,0.0,0.0,3315,1,3315,Schätzer und Schadensgutachter,3,3.6551101946799993,3.6223267584318464,-0.8969205988883489,False,Niedrig (0–0.33),0
13-2031.00,0.4965601929947205,0.0,0.0,0.0,2411,1,2411,"Wirtschaftsprüfer, Steuerberater und verwandte Berufe",2,30.91757631977699,32.86095748101834,6.285684043086613,False,Niedrig (0–0.33),0
13-2041.00,0.4780121348113625,0.0,0.0,0.0,3312,1,3312,Fachkräfte im Bereich Kredit und Darlehen,3,1.933962219203,2.110797466890553,9.143676434404602,False,Niedrig (0–0.33),1
13-2052.00,0.3886666628019903,0.0,0.0,0.0,2412,1,2412,Finanz- und Anlageberater,2,19.897725421554,20.81871100519237,4.628597310126321,False,Niedrig (0–0.33),0
13-2061.00,0.2381342484883129,0.0,0.0,0.0,2411,1,2411,"Wirtschaftsprüfer, Steuerberater und verwandte Berufe",2,30.91757631977699,32.86095748101834,6.285684043086613,False,Niedrig (0–0.33),0
13-2071.00,0.3208752494477631,0.0,0.0,0.0,3312,1,3312,Fachkräfte im Bereich Kredit und Darlehen,3,1.933962219203,2.110797466890553,9.143676434404602,False,Niedrig (0–0.33),0
13-2072.00,0.3271608371983592,0.0,0.0,0.0,3312,1,3312,Fachkräfte im Bereich Kredit und Darlehen,3,1.933962219203,2.110797466890553,9.143676434404602,False,Niedrig (0–0.33),0
13-2081.00,0.2654382743911346,0.0,0.0,0.0,2411,1,2411,"Wirtschaftsprüfer, Steuerberater und verwandte Berufe",2,30.91757631977699,32.86095748101834,6.285684043086613,False,Niedrig (0–0.33),0
13-2082.00,0.4515541277692605,0.0,0.0,0.0,2411,1,2411,"Wirtschaftsprüfer, Steuerberater und verwandte Berufe",2,30.91757631977699,32.86095748101834,6.285684043086613,False,Niedrig (0–0.33),1
13-2099.01,0.4639168420038665,0.0,0.0,0.0,2413,1,2413,Finanzanalysten,2,11.92703184398,12.734364557981875,6.768932325852428,False,Niedrig (0–0.33),0
15-1211.00,0.3866845086126352,0.0,0.0,0.0,2511,1,2511,Systemanalytiker,2,29.740223548839005,32.15004470820105,8.102901968455852,False,Niedrig (0–0.33),0
15-1211.01,0.3508986444553044,0.0,0.0,0.0,3252,1,3252,Fachkräfte im Bereich medizinische Dokumentation und Information,3,0.707328782249,0.6898539063011778,-2.470545011933432,False,Niedrig (0–0.33),0
15-1212.00,0.4772008616097135,0.0,0.0,0.0,2529,1,2529,"Fachkräfte für Datenbanken und Netzwerke, anderweitig nicht genannt.",2,4.8492228385630005,6.558325060565179,35.24486869134368,False,Niedrig (0–0.33),0
15-1231.00,0.3018626814042376,0.0,0.0,0.0,2522,1,2522,Systemadministratoren,2,7.8538938488240015,7.015214286634813,-10.67851919484203,False,Niedrig (0–0.33),1
15-1232.00,0.2914059370432353,0.0,0.0,0.0,3512,1,3512,Techniker für die Anwenderbetreuung in der Informations- und Kommunikationstechnologie,3,13.888323471840003,14.047835770181605,1.1485353049634035,False,Niedrig (0–0.33),0
15-1241.00,0.4371720545364654,0.0,0.0,0.0,2523,1,2523,Fachkräfte für Computernetzwerke,2,2.810723149023,3.2563318829901973,15.853882091592324,False,Niedrig (0–0.33),0
15-1241.01,0.3087297238149287,0.0,0.0,0.0,2153,1,2153,Ingenieure im Bereich Telekommunikationstechnik,2,1.651368126398,1.1481756527764473,-30.471247784049645,True,Niedrig (0–0.33),0
15-1242.00,0.5873682212952165,0.0,0.0,0.0,2521,1,2521,Datenbankentwickler und -administratoren,2,4.259532754658,5.595270601260391,31.35878800654129,False,Niedrig (0–0.33),0
15-1243.00,0.5173678370851301,0.0,0.0,0.0,2521,1,2521,Datenbankentwickler und -administratoren,2,4.259532754658,5.595270601260391,31.35878800654129,False,Niedrig (0–0.33),0
15-1251.00,0.5738996799126658,0.0,0.0,0.0,2514,1,2514,Anwendungsprogrammierer,2,12.634662618871998,13.834326672812937,9.495022464225034,False,Niedrig (0–0.33),0
15-1252.00,0.466865731044198,0.0,0.0,0.0,2512,1,2512,Softwareentwickler,2,68.19933209303699,71.44350839669346,4.756903336283109,False,Niedrig (0–0.33),0
15-1253.00,0.4635857743357168,0.0,0.0,0.0,2519,1,2519,"Entwickler und Analytiker von Software und Anwendungen, anderweitig nicht genannt",2,2.6580083804119994,2.8958302583726145,8.947371261626799,False,Niedrig (0–0.33),0
15-1254.00,0.4929630476428056,0.0,0.0,0.0,2513,1,2513,Mediamatiker,2,5.302707827998,4.9787925200163,-6.10848869084292,False,Niedrig (0–0.33),0
15-1255.01,0.3833335285695703,0.0,0.0,0.0,2166,1,2166,Grafik- und Multimediadesigner,2,12.445369746459,13.714818712509937,10.20017076159689,False,Niedrig (0–0.33),0
15-1299.01,0.4540096375467823,0.0,0.0,0.0,2521,1,2521,Datenbankentwickler und -administratoren,2,4.259532754658,5.595270601260391,31.35878800654129,False,Niedrig (0–0.33),0
15-1299.02,0.5257580557218928,0.0,0.0,0.0,2165,1,2165,Kartografen und Vermessungsingenieure,2,1.377854227406,1.5452771434024477,12.150989028182206,False,Niedrig (0–0.33),0
15-1299.03,0.4188184494981958,0.0,0.0,0.0,2621,1,2621,Archiv- und Museumswissenschaftler,2,2.5007701291260007,3.436134062024667,37.40303524920816,False,Niedrig (0–0.33),0
15-1299.08,0.4720958229542877,0.0,0.0,0.0,2511,1,2511,Systemanalytiker,2,29.740223548839005,32.15004470820105,8.102901968455852,False,Niedrig (0–0.33),0
15-2011.00,0.531881155007123,0.0,0.0,0.0,3321,1,3321,Versicherungsvertreter,3,16.217702350982005,16.324559714630414,0.6588933582317137,False,Niedrig (0–0.33),0
15-2021.00,0.5851918014286939,0.0,0.0,0.0,2120,1,2120,"Mathematiker, Aktuare und Statistiker",2,8.721144665276999,11.404907910852772,30.77306189244979,False,Niedrig (0–0.33),0
15-2031.00,0.5845353972840442,0.0,0.0,0.0,2421,1,2421,Spezialisten im Bereich Management- und Organisationsanalyse,2,23.15272405713,25.047760093979186,8.184937686697829,False,Niedrig (0–0.33),0
15-2041.00,0.6384248420472659,0.0,0.0,0.0,2120,1,2120,"Mathematiker, Aktuare und Statistiker",2,8.721144665276999,11.404907910852772,30.77306189244979,False,Niedrig (0–0.33),0
15-2041.01,0.4923710595853942,0.0,0.0,0.0,2131,1,2131,"Biologen, Botaniker, Zoologen und verwandte Berufe",2,8.866294443315,9.867582137765408,11.293192447554636,False,Niedrig (0–0.33),0
15-2051.01,0.5201703232325714,0.0,0.0,0.0,2421,1,2421,Spezialisten im Bereich Management- und Organisationsanalyse,2,23.15272405713,25.047760093979186,8.184937686697829,False,Niedrig (0–0.33),0
15-2051.02,0.4088695254832202,0.0,0.0,0.0,3252,1,3252,Fachkräfte im Bereich medizinische Dokumentation und Information,3,0.707328782249,0.6898539063011778,-2.470545011933432,False,Niedrig (0–0.33),0
15-2099.01,0.5452976668696978,0.0,0.0,0.0,3141,1,3141,Biotechniker (ohne medizinische Fachberufe),3,3.350140159418,3.229993311397246,-3.5863230283961043,False,Niedrig (0–0.33),0
17-1011.00,0.3373326552714166,0.0,0.0,0.0,2161,1,2161,Architekten,2,28.544426125306003,31.36889082452777,9.894978048683711,False,Niedrig (0–0.33),0
17-1012.00,0.1034236684191758,0.0,0.0,0.0,2162,1,2162,Landschaftsarchitekten,2,1.572515060856,1.6623136588834688,5.71050797940129,False,Niedrig (0–0.33),0
17-2011.00,0.3657594112353588,0.0,0.0,0.0,3115,1,3115,"Maschinenbautechniker, Techniker im Bereich Systemtechnik, Automation und Unternehmensprozesse",3,11.019605854272998,11.97433846910366,8.663945221420533,False,Niedrig (0–0.33),0
17-2041.00,0.3973625991308464,0.0,0.0,0.0,2113,1,2113,Chemiker,2,3.974386962397,2.954676445313163,-25.65705168449016,False,Niedrig (0–0.33),0
17-2051.00,0.3233626616411829,0.0,0.0,0.0,2142,1,2142,Bauingenieure,2,11.233861333084002,10.017360337809963,-10.828876725506763,False,Niedrig (0–0.33),0
17-2051.01,0.3036506934123421,0.0,0.0,0.0,2142,1,2142,Bauingenieure,2,11.233861333084002,10.017360337809963,-10.828876725506763,False,Niedrig (0–0.33),0
17-2051.02,0.3451396821186051,0.0,0.0,0.0,2142,1,2142,Bauingenieure,2,11.233861333084002,10.017360337809963,-10.828876725506763,False,Niedrig (0–0.33),0
17-2061.00,0.5277934475239644,0.0,0.0,0.0,2152,1,2152,Ingenieure im Bereich Elektronik,2,3.099915272122,3.4648638391465907,11.772856190832965,False,Niedrig (0–0.33),0
17-2071.00,0.4215774274888677,0.0,0.0,0.0,2151,1,2151,Ingenieure im Bereich Elektrotechnik,2,6.666120611251,7.680384556746472,15.215205434231253,False,Niedrig (0–0.33),0
17-2072.00,0.4679645208313901,0.0,0.0,0.0,2152,1,2152,Ingenieure im Bereich Elektronik,2,3.099915272122,3.4648638391465907,11.772856190832965,False,Niedrig (0–0.33),0
17-2072.01,0.3676813654449842,0.0,0.0,0.0,2152,1,2152,Ingenieure im Bereich Elektronik,2,3.099915272122,3.4648638391465907,11.772856190832965,False,Niedrig (0–0.33),0
17-2111.00,0.2977412125116145,0.0,0.0,0.0,2149,1,2149,"Ingenieure, anderweitig nicht genannt",2,5.215934733249,4.863642360752166,-6.754156071991167,False,Niedrig (0–0.33),0
17-2111.02,0.303765771603127,0.0,0.0,0.0,2149,1,2149,"Ingenieure, anderweitig nicht genannt",2,5.215934733249,4.863642360752166,-6.754156071991167,False,Niedrig (0–0.33),0
17-2112.01,0.3976312319970009,0.0,0.0,0.0,2149,1,2149,"Ingenieure, anderweitig nicht genannt",2,5.215934733249,4.863642360752166,-6.754156071991167,False,Niedrig (0–0.33),0
17-2112.02,0.3595111401789514,0.0,0.0,0.0,2149,1,2149,"Ingenieure, anderweitig nicht genannt",2,5.215934733249,4.863642360752166,-6.754156071991167,False,Niedrig (0–0.33),0
17-2112.03,0.2502976485853211,0.0,0.0,0.0,2141,1,2141,Prozess- und Produktionsingenieure,2,9.624988998978,9.29664372404815,-3.4113833788767387,False,Niedrig (0–0.33),0
17-2121.00,0.3725225342557929,0.0,0.0,0.0,2144,1,2144,"Maschinenbau- , Mechatronik- und Systemtechnikingenieure",2,9.728896910697,10.551287836634446,8.453074726624155,False,Niedrig (0–0.33),0
17-2131.00,0.3976492573594952,0.0,0.0,0.0,2149,1,2149,"Ingenieure, anderweitig nicht genannt",2,5.215934733249,4.863642360752166,-6.754156071991167,False,Niedrig (0–0.33),0
17-2141.00,0.4206112564767089,0.0,0.0,0.0,2144,1,2144,"Maschinenbau- , Mechatronik- und Systemtechnikingenieure",2,9.728896910697,10.551287836634446,8.453074726624155,False,Niedrig (0–0.33),0
17-2141.02,0.4966456382315173,0.0,0.0,0.0,2144,1,2144,"Maschinenbau- , Mechatronik- und Systemtechnikingenieure",2,9.728896910697,10.551287836634446,8.453074726624155,False,Niedrig (0–0.33),0
17-2151.00,0.4402747572788084,0.0,0.0,0.0,2142,1,2142,Bauingenieure,2,11.233861333084002,10.017360337809963,-10.828876725506763,False,Niedrig (0–0.33),0
17-2171.00,0.2328603580219598,0.0,0.0,0.0,2146,1,2146,"Bergbauingenieure, Metallurgen und verwandte Berufe",2,,,,,Niedrig (0–0.33),0
17-2199.03,0.4036833423683128,0.0,0.0,0.0,2149,1,2149,"Ingenieure, anderweitig nicht genannt",2,5.215934733249,4.863642360752166,-6.754156071991167,False,Niedrig (0–0.33),0
17-2199.05,0.3289444879089848,0.0,0.0,0.0,2144,1,2144,"Maschinenbau- , Mechatronik- und Systemtechnikingenieure",2,9.728896910697,10.551287836634446,8.453074726624155,False,Niedrig (0–0.33),0
17-2199.06,0.3419308160868345,0.0,0.0,0.0,2152,1,2152,Ingenieure im Bereich Elektronik,2,3.099915272122,3.4648638391465907,11.772856190832965,False,Niedrig (0–0.33),0
17-2199.07,0.4534005901759752,0.0,0.0,0.0,2149,1,2149,"Ingenieure, anderweitig nicht genannt",2,5.215934733249,4.863642360752166,-6.754156071991167,False,Niedrig (0–0.33),0
17-2199.10,0.5416253873424446,0.0,0.0,0.0,2149,1,2149,"Ingenieure, anderweitig nicht genannt",2,5.215934733249,4.863642360752166,-6.754156071991167,False,Niedrig (0–0.33),0
17-2199.11,0.3927123276192019,0.0,0.0,0.0,2149,1,2149,"Ingenieure, anderweitig nicht genannt",2,5.215934733249,4.863642360752166,-6.754156071991167,False,Niedrig (0–0.33),0
17-3011.00,0.3820079645685857,0.0,0.0,0.0,3118,1,3118,Technische Zeichner,3,27.021317878039003,28.27450634808652,4.637777016294312,False,Niedrig (0–0.33),0
17-3012.00,0.3576525023870418,0.0,0.0,0.0,3118,1,3118,Technische Zeichner,3,27.021317878039003,28.27450634808652,4.637777016294312,False,Niedrig (0–0.33),0
17-3013.00,0.4474858737810304,0.0,0.0,0.0,3118,1,3118,Technische Zeichner,3,27.021317878039003,28.27450634808652,4.637777016294312,False,Niedrig (0–0.33),1
17-3021.00,0.2540564653984497,0.0,0.0,0.0,3115,1,3115,"Maschinenbautechniker, Techniker im Bereich Systemtechnik, Automation und Unternehmensprozesse",3,11.019605854272998,11.97433846910366,8.663945221420533,False,Niedrig (0–0.33),0
17-3022.00,0.4817359669297099,0.0,0.0,0.0,3112,1,3112,Bauführer und Bautechniker,3,38.516833221537,38.94519300831815,1.1121365671922114,False,Niedrig (0–0.33),0
17-3023.00,0.3652373212561878,0.0,0.0,0.0,3114,1,3114,Techniker im Bereich Elektronik,3,1.366058589767,1.7857538578456174,30.723079611849,False,Niedrig (0–0.33),1
17-3024.00,0.1749913830763994,0.0,0.0,0.0,3115,1,3115,"Maschinenbautechniker, Techniker im Bereich Systemtechnik, Automation und Unternehmensprozesse",3,11.019605854272998,11.97433846910366,8.663945221420533,False,Niedrig (0–0.33),1
17-3024.01,0.2678453984429633,0.0,0.0,0.0,3119,1,3119,"Material- und ingenieurtechnische Fachkräfte, anderweitig nicht genannt",3,18.554461015303,18.856387509419907,1.62724475730064,False,Niedrig (0–0.33),0
17-3025.00,0.1076448810377404,0.0,0.0,0.0,2143,1,2143,Umweltschutzingenieure,2,1.509607549755,1.708519801270991,13.176421351911834,False,Niedrig (0–0.33),0
17-3026.00,0.3240864652312387,0.0,0.0,0.0,3119,1,3119,"Material- und ingenieurtechnische Fachkräfte, anderweitig nicht genannt",3,18.554461015303,18.856387509419907,1.62724475730064,False,Niedrig (0–0.33),0
17-3026.01,0.454167023081005,0.0,0.0,0.0,3141,1,3141,Biotechniker (ohne medizinische Fachberufe),3,3.350140159418,3.229993311397246,-3.5863230283961043,False,Niedrig (0–0.33),0
17-3027.00,0.2792275725068412,0.0,0.0,0.0,3115,1,3115,"Maschinenbautechniker, Techniker im Bereich Systemtechnik, Automation und Unternehmensprozesse",3,11.019605854272998,11.97433846910366,8.663945221420533,False,Niedrig (0–0.33),0
17-3027.01,0.4049397267310672,0.0,0.0,0.0,3115,1,3115,"Maschinenbautechniker, Techniker im Bereich Systemtechnik, Automation und Unternehmensprozesse",3,11.019605854272998,11.97433846910366,8.663945221420533,False,Niedrig (0–0.33),1
17-3031.00,0.46600916093934,0.0,0.0,0.0,2165,1,2165,Kartografen und Vermessungsingenieure,2,1.377854227406,1.5452771434024477,12.150989028182206,False,Niedrig (0–0.33),1
19-1011.00,0.3873289117708055,0.0,0.0,0.0,2131,1,2131,"Biologen, Botaniker, Zoologen und verwandte Berufe",2,8.866294443315,9.867582137765408,11.293192447554636,False,Niedrig (0–0.33),0
19-1012.00,0.3034793555341671,0.0,0.0,0.0,2145,1,2145,Chemieingenieure,2,2.5566012285310005,2.4504455883913967,-4.152217364011823,False,Niedrig (0–0.33),0
19-1013.00,0.4456782085173014,0.0,0.0,0.0,2133,1,2133,Umweltwissenschaftler,2,3.499424292972,4.195820269836831,19.90030126565172,False,Niedrig (0–0.33),0
19-1021.00,0.4467471585927979,0.0,0.0,0.0,2131,1,2131,"Biologen, Botaniker, Zoologen und verwandte Berufe",2,8.866294443315,9.867582137765408,11.293192447554636,False,Niedrig (0–0.33),0
19-1022.00,0.3098312651268723,0.0,0.0,0.0,2131,1,2131,"Biologen, Botaniker, Zoologen und verwandte Berufe",2,8.866294443315,9.867582137765408,11.293192447554636,False,Niedrig (0–0.33),0
19-1023.00,0.1596618164895089,0.0,0.0,0.0,2131,1,2131,"Biologen, Botaniker, Zoologen und verwandte Berufe",2,8.866294443315,9.867582137765408,11.293192447554636,False,Niedrig (0–0.33),0
19-1029.01,0.4365260635900097,0.0,0.0,0.0,2131,1,2131,"Biologen, Botaniker, Zoologen und verwandte Berufe",2,8.866294443315,9.867582137765408,11.293192447554636,False,Niedrig (0–0.33),0
19-1029.02,0.3490688786687969,0.0,0.0,0.0,2131,1,2131,"Biologen, Botaniker, Zoologen und verwandte Berufe",2,8.866294443315,9.867582137765408,11.293192447554636,False,Niedrig (0–0.33),0
19-1029.04,0.4758734375230182,0.0,0.0,0.0,2131,1,2131,"Biologen, Botaniker, Zoologen und verwandte Berufe",2,8.866294443315,9.867582137765408,11.293192447554636,False,Niedrig (0–0.33),0
19-1031.00,0.3449199674126217,0.0,0.0,0.0,2133,1,2133,Umweltwissenschaftler,2,3.499424292972,4.195820269836831,19.90030126565172,False,Niedrig (0–0.33),0
19-1031.02,0.1697610888671937,0.0,0.0,0.0,2133,1,2133,Umweltwissenschaftler,2,3.499424292972,4.195820269836831,19.90030126565172,False,Niedrig (0–0.33),0
19-1032.00,0.1136741014208605,0.0,0.0,0.0,2133,1,2133,Umweltwissenschaftler,2,3.499424292972,4.195820269836831,19.90030126565172,False,Niedrig (0–0.33),0
19-1041.00,0.2945746200846469,0.0,0.0,0.0,2131,1,2131,"Biologen, Botaniker, Zoologen und verwandte Berufe",2,8.866294443315,9.867582137765408,11.293192447554636,False,Niedrig (0–0.33),0
19-1042.00,0.2896156642177927,0.0,0.0,0.0,2131,1,2131,"Biologen, Botaniker, Zoologen und verwandte Berufe",2,8.866294443315,9.867582137765408,11.293192447554636,False,Niedrig (0–0.33),0
19-2011.00,0.4707682219089168,0.0,0.0,0.0,2111,1,2111,Physiker und Astronomen,2,2.583152246271001,2.7711920901338605,7.279471975928281,False,Niedrig (0–0.33),0
19-2012.00,0.472482549058254,0.0,0.0,0.0,2111,1,2111,Physiker und Astronomen,2,2.583152246271001,2.7711920901338605,7.279471975928281,False,Niedrig (0–0.33),0
19-2021.00,0.4381368598444686,0.0,0.0,0.0,2112,1,2112,Meteorologen,2,0.4304312644699999,0.2746529679786791,-36.19121317386976,True,Niedrig (0–0.33),0
19-2031.00,0.4339209788871788,0.0,0.0,0.0,2113,1,2113,Chemiker,2,3.974386962397,2.954676445313163,-25.65705168449016,False,Niedrig (0–0.33),0
19-2032.00,0.4417903467222629,0.0,0.0,0.0,2146,1,2146,"Bergbauingenieure, Metallurgen und verwandte Berufe",2,,,,,Niedrig (0–0.33),0
19-2041.00,0.230813834099427,0.0,0.0,0.0,2133,1,2133,Umweltwissenschaftler,2,3.499424292972,4.195820269836831,19.90030126565172,False,Niedrig (0–0.33),0
19-2041.01,0.2974087970316928,0.0,0.0,0.0,2422,1,2422,Spezialisten in der strategischen Planung in Politik und Wirtschaft,2,2.9147980542490006,5.080192459807278,74.2896888654673,True,Niedrig (0–0.33),0
19-2041.02,0.3581204581577221,0.0,0.0,0.0,2133,1,2133,Umweltwissenschaftler,2,3.499424292972,4.195820269836831,19.90030126565172,False,Niedrig (0–0.33),0
19-3011.01,0.5164254559137882,0.0,0.0,0.0,2631,1,2631,Volkswirtschaftler,2,2.471595154266,2.382919443774241,-3.5877926989257847,False,Niedrig (0–0.33),0
19-3022.00,0.4943172851460453,0.0,0.0,0.0,2120,1,2120,"Mathematiker, Aktuare und Statistiker",2,8.721144665276999,11.404907910852772,30.77306189244979,False,Niedrig (0–0.33),0
19-3033.00,0.1370215771146447,0.0,0.0,0.0,2634,1,2634,Psychologen,2,16.014104383519,17.086424090273,6.696095398613619,False,Niedrig (0–0.33),0
19-3034.00,0.0,0.0,0.0,0.0,2634,1,2634,Psychologen,2,16.014104383519,17.086424090273,6.696095398613619,False,Niedrig (0–0.33),0
19-3039.02,0.270340228097422,0.0,0.0,0.0,2634,1,2634,Psychologen,2,16.014104383519,17.086424090273,6.696095398613619,False,Niedrig (0–0.33),0
19-3039.03,0.1611153477885459,0.0,0.0,0.0,2634,1,2634,Psychologen,2,16.014104383519,17.086424090273,6.696095398613619,False,Niedrig (0–0.33),0
19-3051.00,0.2814172227028849,0.0,0.0,0.0,2164,1,2164,"Raum-, Stadt- und Verkehrsplaner",2,2.986436137319,4.022007269050025,34.67581706470658,False,Niedrig (0–0.33),0
19-3091.00,0.3205489704551456,0.0,0.0,0.0,2632,1,2632,"Soziologen, Anthropologen und verwandte Wissenschaftler",2,1.5603602284769995,1.418883811171202,-9.066907418159886,False,Niedrig (0–0.33),0
19-3092.00,0.476287907310006,0.0,0.0,0.0,2632,1,2632,"Soziologen, Anthropologen und verwandte Wissenschaftler",2,1.5603602284769995,1.418883811171202,-9.066907418159886,False,Niedrig (0–0.33),0
19-3093.00,0.3091425355544517,0.0,0.0,0.0,2633,1,2633,"Philosophen, Historiker und Politologen",2,1.4198766489419998,1.1926910239138884,-16.00037758191146,False,Niedrig (0–0.33),0
19-3094.00,0.3855710324786003,0.0,0.0,0.0,2633,1,2633,"Philosophen, Historiker und Politologen",2,1.4198766489419998,1.1926910239138884,-16.00037758191146,False,Niedrig (0–0.33),0
19-3099.01,0.4476511173154857,0.0,0.0,0.0,2164,1,2164,"Raum-, Stadt- und Verkehrsplaner",2,2.986436137319,4.022007269050025,34.67581706470658,False,Niedrig (0–0.33),0
19-4012.01,0.4545790570492798,0.0,0.0,0.0,2132,1,2132,"Agrar-, Forst- und Fischereiwissenschaftler und -berater",2,2.12185711709,2.6381245624533496,24.33092413269468,False,Niedrig (0–0.33),0
19-4013.00,0.19092676963094,0.0,0.0,0.0,3111,1,3111,Chemo- und Physikotechniker,3,8.995486047674996,8.365162717972387,-7.007106968561465,False,Niedrig (0–0.33),1
19-4021.00,0.4500858960304364,0.0,0.0,0.0,3141,1,3141,Biotechniker (ohne medizinische Fachberufe),3,3.350140159418,3.229993311397246,-3.5863230283961043,False,Niedrig (0–0.33),1
19-4031.00,0.2094036025339718,0.0,0.0,0.0,2113,1,2113,Chemiker,2,3.974386962397,2.954676445313163,-25.65705168449016,False,Niedrig (0–0.33),0
19-4042.00,0.3118120668854038,0.0,0.0,0.0,3111,1,3111,Chemo- und Physikotechniker,3,8.995486047674996,8.365162717972387,-7.007106968561465,False,Niedrig (0–0.33),0
19-4043.00,0.296639276959686,0.0,0.0,0.0,2114,1,2114,Geologen und Geophysiker,2,1.3645087371050002,1.381838922881416,1.2700677764207162,False,Niedrig (0–0.33),1
19-4051.00,0.1072681966172433,0.0,0.0,0.0,3111,1,3111,Chemo- und Physikotechniker,3,8.995486047674996,8.365162717972387,-7.007106968561465,False,Niedrig (0–0.33),1
19-4051.02,0.04278129487164,0.0,0.0,0.0,3111,1,3111,Chemo- und Physikotechniker,3,8.995486047674996,8.365162717972387,-7.007106968561465,False,Niedrig (0–0.33),0
19-4061.00,0.5555291412308432,0.0,0.0,0.0,2632,1,2632,"Soziologen, Anthropologen und verwandte Wissenschaftler",2,1.5603602284769995,1.418883811171202,-9.066907418159886,False,Niedrig (0–0.33),0
19-4071.00,0.1280512149750629,0.0,0.0,0.0,2133,1,2133,Umweltwissenschaftler,2,3.499424292972,4.195820269836831,19.90030126565172,False,Niedrig (0–0.33),0
19-4092.00,0.1952048170128245,0.0,0.0,0.0,2632,1,2632,"Soziologen, Anthropologen und verwandte Wissenschaftler",2,1.5603602284769995,1.418883811171202,-9.066907418159886,False,Niedrig (0–0.33),0
19-4099.03,0.4292718558753203,0.0,0.0,0.0,3111,1,3111,Chemo- und Physikotechniker,3,8.995486047674996,8.365162717972387,-7.007106968561465,False,Niedrig (0–0.33),0
19-5011.00,0.3265257092129289,0.0,0.0,0.0,2263,1,2263,Spezialisten in den Bereichen Umwelt- und Arbeitsmedizin sowie Hygiene,2,0.32615951275,0.3430628235210496,5.182528827238589,False,Niedrig (0–0.33),0
19-5012.00,0.2521381373396654,0.0,0.0,0.0,3257,1,3257,Kontrolleure und Beauftragte in den Bereichen Umwelt- und Arbeitsmedizin sowie verwandte Berufe,3,1.93101920804,2.65008295629057,37.2375243734849,False,Niedrig (0–0.33),0
21-1011.00,0.0321208484918049,0.0,0.0,0.0,2635,1,2635,Sozialarbeiter,2,18.731495843976003,19.51812684940036,4.199509809449249,False,Niedrig (0–0.33),0
21-1013.00,0.0,0.0,0.0,0.0,2635,1,2635,Sozialarbeiter,2,18.731495843976003,19.51812684940036,4.199509809449249,False,Niedrig (0–0.33),0
21-1014.00,0.0881197111956508,0.0,0.0,0.0,2635,1,2635,Sozialarbeiter,2,18.731495843976003,19.51812684940036,4.199509809449249,False,Niedrig (0–0.33),0
21-1021.00,0.0,0.0,0.0,0.0,2635,1,2635,Sozialarbeiter,2,18.731495843976003,19.51812684940036,4.199509809449249,False,Niedrig (0–0.33),0
21-1022.00,0.0,0.0,0.0,0.0,2635,1,2635,Sozialarbeiter,2,18.731495843976003,19.51812684940036,4.199509809449249,False,Niedrig (0–0.33),0
21-1023.00,0.0,0.0,0.0,0.0,2635,1,2635,Sozialarbeiter,2,18.731495843976003,19.51812684940036,4.199509809449249,False,Niedrig (0–0.33),0
21-1091.00,0.0778410690937091,0.0,0.0,0.0,2422,1,2422,Spezialisten in der strategischen Planung in Politik und Wirtschaft,2,2.9147980542490006,5.080192459807278,74.2896888654673,True,Niedrig (0–0.33),0
21-1092.00,0.1086071887921071,0.0,0.0,0.0,2635,1,2635,Sozialarbeiter,2,18.731495843976003,19.51812684940036,4.199509809449249,False,Niedrig (0–0.33),0
21-1093.00,0.0,0.0,0.0,0.0,2635,1,2635,Sozialarbeiter,2,18.731495843976003,19.51812684940036,4.199509809449249,False,Niedrig (0–0.33),0
21-2011.00,0.0,0.0,0.0,0.0,2636,1,2636,Geistliche Seelsorger,2,5.976385258751999,5.897894664667229,-1.3133456209140169,False,Niedrig (0–0.33),0
21-2021.00,0.0,0.0,0.0,0.0,2636,1,2636,Geistliche Seelsorger,2,5.976385258751999,5.897894664667229,-1.3133456209140169,False,Niedrig (0–0.33),0
23-1012.00,0.335145521573071,0.0,0.0,0.0,3411,1,3411,Fachkräfte für Rechts- und verwandte Angelegenheiten,3,12.039343043658002,12.144299740161111,0.8717809279335977,False,Niedrig (0–0.33),1
23-1021.00,0.234961991810382,0.0,0.0,0.0,2612,1,2612,Richter,2,1.7479735068289997,1.9882884851850045,13.748204845047132,False,Niedrig (0–0.33),0
23-1022.00,0.2791900643850589,0.0,0.0,0.0,2612,1,2612,Richter,2,1.7479735068289997,1.9882884851850045,13.748204845047132,False,Niedrig (0–0.33),0
23-1023.00,0.2726854941126943,0.0,0.0,0.0,2612,1,2612,Richter,2,1.7479735068289997,1.9882884851850045,13.748204845047132,False,Niedrig (0–0.33),0
23-2011.00,0.2791244774198042,0.0,0.0,0.0,3411,1,3411,Fachkräfte für Rechts- und verwandte Angelegenheiten,3,12.039343043658002,12.144299740161111,0.8717809279335977,False,Niedrig (0–0.33),1
23-2093.00,0.3548205193490281,0.0,0.0,0.0,3315,1,3315,Schätzer und Schadensgutachter,3,3.6551101946799993,3.6223267584318464,-0.8969205988883489,False,Niedrig (0–0.33),1
25-1011.00,0.3028133654239188,0.0,0.0,0.0,2310,1,2310,Universitäts- und Hochschullehrer,2,16.214208988428997,17.17445899551822,5.922274763909165,False,Niedrig (0–0.33),0
25-1022.00,0.3267536910074265,0.0,0.0,0.0,2310,1,2310,Universitäts- und Hochschullehrer,2,16.214208988428997,17.17445899551822,5.922274763909165,False,Niedrig (0–0.33),0
25-1031.00,0.215271155533583,0.0,0.0,0.0,2310,1,2310,Universitäts- und Hochschullehrer,2,16.214208988428997,17.17445899551822,5.922274763909165,False,Niedrig (0–0.33),0
25-1032.00,0.4231760643620095,0.0,0.0,0.0,2320,1,2320,Lehrkräfte im Bereich Berufsbildung,2,13.416577980547006,11.345376912521528,-15.4376255333406,False,Niedrig (0–0.33),0
25-1041.00,0.178884660606215,0.0,0.0,0.0,2310,1,2310,Universitäts- und Hochschullehrer,2,16.214208988428997,17.17445899551822,5.922274763909165,False,Niedrig (0–0.33),0
25-1042.00,0.2496611893176214,0.0,0.0,0.0,2310,1,2310,Universitäts- und Hochschullehrer,2,16.214208988428997,17.17445899551822,5.922274763909165,False,Niedrig (0–0.33),0
25-1043.00,0.3306686488712582,0.0,0.0,0.0,2310,1,2310,Universitäts- und Hochschullehrer,2,16.214208988428997,17.17445899551822,5.922274763909165,False,Niedrig (0–0.33),0
25-1051.00,0.3152782227731909,0.0,0.0,0.0,2310,1,2310,Universitäts- und Hochschullehrer,2,16.214208988428997,17.17445899551822,5.922274763909165,False,Niedrig (0–0.33),0
25-1052.00,0.2980483443412517,0.0,0.0,0.0,2310,1,2310,Universitäts- und Hochschullehrer,2,16.214208988428997,17.17445899551822,5.922274763909165,False,Niedrig (0–0.33),0
25-1053.00,0.2986416536113158,0.0,0.0,0.0,2310,1,2310,Universitäts- und Hochschullehrer,2,16.214208988428997,17.17445899551822,5.922274763909165,False,Niedrig (0–0.33),0
25-1054.00,0.3112192993902935,0.0,0.0,0.0,2310,1,2310,Universitäts- und Hochschullehrer,2,16.214208988428997,17.17445899551822,5.922274763909165,False,Niedrig (0–0.33),0
25-1061.00,0.2004988114949648,0.0,0.0,0.0,2310,1,2310,Universitäts- und Hochschullehrer,2,16.214208988428997,17.17445899551822,5.922274763909165,False,Niedrig (0–0.33),0
25-1062.00,0.1866811535405644,0.0,0.0,0.0,2310,1,2310,Universitäts- und Hochschullehrer,2,16.214208988428997,17.17445899551822,5.922274763909165,False,Niedrig (0–0.33),0
25-1063.00,0.4523482324309258,0.0,0.0,0.0,2310,1,2310,Universitäts- und Hochschullehrer,2,16.214208988428997,17.17445899551822,5.922274763909165,False,Niedrig (0–0.33),0
25-1064.00,0.3353286328346203,0.0,0.0,0.0,2310,1,2310,Universitäts- und Hochschullehrer,2,16.214208988428997,17.17445899551822,5.922274763909165,False,Niedrig (0–0.33),0
25-1065.00,0.269574418221731,0.0,0.0,0.0,2310,1,2310,Universitäts- und Hochschullehrer,2,16.214208988428997,17.17445899551822,5.922274763909165,False,Niedrig (0–0.33),0
25-1066.00,0.3028752753345086,0.0,0.0,0.0,2310,1,2310,Universitäts- und Hochschullehrer,2,16.214208988428997,17.17445899551822,5.922274763909165,False,Niedrig (0–0.33),0
25-1067.00,0.2452557503109554,0.0,0.0,0.0,2310,1,2310,Universitäts- und Hochschullehrer,2,16.214208988428997,17.17445899551822,5.922274763909165,False,Niedrig (0–0.33),0
25-1071.00,0.1560953011473654,0.0,0.0,0.0,2310,1,2310,Universitäts- und Hochschullehrer,2,16.214208988428997,17.17445899551822,5.922274763909165,False,Niedrig (0–0.33),0
25-1081.00,0.1831154567384895,0.0,0.0,0.0,2310,1,2310,Universitäts- und Hochschullehrer,2,16.214208988428997,17.17445899551822,5.922274763909165,False,Niedrig (0–0.33),0
25-1111.00,0.2121758224554156,0.0,0.0,0.0,2310,1,2310,Universitäts- und Hochschullehrer,2,16.214208988428997,17.17445899551822,5.922274763909165,False,Niedrig (0–0.33),0
25-1112.00,0.2657555369554719,0.0,0.0,0.0,2310,1,2310,Universitäts- und Hochschullehrer,2,16.214208988428997,17.17445899551822,5.922274763909165,False,Niedrig (0–0.33),0
25-1113.00,0.1089726422364683,0.0,0.0,0.0,2310,1,2310,Universitäts- und Hochschullehrer,2,16.214208988428997,17.17445899551822,5.922274763909165,False,Niedrig (0–0.33),0
25-1121.00,0.0199251504745162,0.0,0.0,0.0,2310,1,2310,Universitäts- und Hochschullehrer,2,16.214208988428997,17.17445899551822,5.922274763909165,False,Niedrig (0–0.33),0
25-1123.00,0.1765622441636904,0.0,0.0,0.0,2310,1,2310,Universitäts- und Hochschullehrer,2,16.214208988428997,17.17445899551822,5.922274763909165,False,Niedrig (0–0.33),0
25-1124.00,0.1527036745976903,0.0,0.0,0.0,2310,1,2310,Universitäts- und Hochschullehrer,2,16.214208988428997,17.17445899551822,5.922274763909165,False,Niedrig (0–0.33),0
25-1126.00,0.2510128372166962,0.0,0.0,0.0,2310,1,2310,Universitäts- und Hochschullehrer,2,16.214208988428997,17.17445899551822,5.922274763909165,False,Niedrig (0–0.33),0
25-1192.00,0.2268575505237101,0.0,0.0,0.0,2310,1,2310,Universitäts- und Hochschullehrer,2,16.214208988428997,17.17445899551822,5.922274763909165,False,Niedrig (0–0.33),0
25-1193.00,0.1065655371799708,0.0,0.0,0.0,2310,1,2310,Universitäts- und Hochschullehrer,2,16.214208988428997,17.17445899551822,5.922274763909165,False,Niedrig (0–0.33),0
25-1194.00,0.0569961663705741,0.0,0.0,0.0,2320,1,2320,Lehrkräfte im Bereich Berufsbildung,2,13.416577980547006,11.345376912521528,-15.4376255333406,False,Niedrig (0–0.33),0
25-2012.00,0.0,0.0,0.0,0.0,2342,1,2342,Lehrkräfte und Erzieher im Vorschulbereich,2,25.699583072334,24.82397974435253,-3.4070721128704475,False,Niedrig (0–0.33),0
25-2021.00,0.0,0.0,0.0,0.0,2352,1,2352,Lehrkräfte im Bereich Sonderpädagogik,2,17.397115878819,16.650613559593914,-4.290954457192263,False,Niedrig (0–0.33),0
25-2023.00,0.1364865774565941,0.0,0.0,0.0,2330,1,2330,Lehrkräfte im Sekundarbereich,2,41.82404447045,50.1786723693133,19.975657554510555,False,Niedrig (0–0.33),0
25-2031.00,0.0602661219929397,0.0,0.0,0.0,2330,1,2330,Lehrkräfte im Sekundarbereich,2,41.82404447045,50.1786723693133,19.975657554510555,False,Niedrig (0–0.33),0
25-2032.00,0.0043360087857742,0.0,0.0,0.0,2320,1,2320,Lehrkräfte im Bereich Berufsbildung,2,13.416577980547006,11.345376912521528,-15.4376255333406,False,Niedrig (0–0.33),0
25-2051.00,0.0326208482017511,0.0,0.0,0.0,2352,1,2352,Lehrkräfte im Bereich Sonderpädagogik,2,17.397115878819,16.650613559593914,-4.290954457192263,False,Niedrig (0–0.33),0
25-2056.00,0.080899943839116,0.0,0.0,0.0,2352,1,2352,Lehrkräfte im Bereich Sonderpädagogik,2,17.397115878819,16.650613559593914,-4.290954457192263,False,Niedrig (0–0.33),0
25-2057.00,0.0,0.0,0.0,0.0,2352,1,2352,Lehrkräfte im Bereich Sonderpädagogik,2,17.397115878819,16.650613559593914,-4.290954457192263,False,Niedrig (0–0.33),0
25-2058.00,0.043494359724866,0.0,0.0,0.0,2352,1,2352,Lehrkräfte im Bereich Sonderpädagogik,2,17.397115878819,16.650613559593914,-4.290954457192263,False,Niedrig (0–0.33),0
25-2059.01,0.0,0.0,0.0,0.0,3422,1,3422,"Sportlehrer, Sporttrainer und Sportfunktionäre",3,18.596802860598004,18.48931429700556,-0.5779948542670491,False,Niedrig (0–0.33),0
25-3021.00,0.0273225437205128,0.0,0.0,0.0,3423,1,3423,Trainer und Betreuer im Bereich Fitness und Erholung,3,6.404440928735001,7.535353269945205,17.65825235636267,False,Niedrig (0–0.33),1
25-3031.00,0.0078746089672195,0.0,0.0,0.0,2330,1,2330,Lehrkräfte im Sekundarbereich,2,41.82404447045,50.1786723693133,19.975657554510555,False,Niedrig (0–0.33),1
25-4011.00,0.3629959605959975,0.0,0.0,0.0,2621,1,2621,Archiv- und Museumswissenschaftler,2,2.5007701291260007,3.436134062024667,37.40303524920816,False,Niedrig (0–0.33),0
25-4012.00,0.2773058038090884,0.0,0.0,0.0,2621,1,2621,Archiv- und Museumswissenschaftler,2,2.5007701291260007,3.436134062024667,37.40303524920816,False,Niedrig (0–0.33),0
25-4013.00,0.129525805159826,0.0,0.0,0.0,2621,1,2621,Archiv- und Museumswissenschaftler,2,2.5007701291260007,3.436134062024667,37.40303524920816,False,Niedrig (0–0.33),1
25-4022.00,0.2586334785184557,0.0,0.0,0.0,2621,1,2621,Archiv- und Museumswissenschaftler,2,2.5007701291260007,3.436134062024667,37.40303524920816,False,Niedrig (0–0.33),0
25-4031.00,0.1412873530476226,0.0,0.0,0.0,2621,1,2621,Archiv- und Museumswissenschaftler,2,2.5007701291260007,3.436134062024667,37.40303524920816,False,Niedrig (0–0.33),1
25-9031.00,0.0723742716414272,0.0,0.0,0.0,2351,1,2351,Pädagogik- und Didaktikspezialisten,2,5.918517435153998,6.4573758349139485,9.104617932851117,False,Niedrig (0–0.33),0
25-9042.00,0.0141103189522176,0.0,0.0,0.0,2352,1,2352,Lehrkräfte im Bereich Sonderpädagogik,2,17.397115878819,16.650613559593914,-4.290954457192263,False,Niedrig (0–0.33),0
25-9044.00,0.1584826530433711,0.0,0.0,0.0,2310,1,2310,Universitäts- und Hochschullehrer,2,16.214208988428997,17.17445899551822,5.922274763909165,False,Niedrig (0–0.33),1
27-1011.00,0.0583634233493107,0.0,0.0,0.0,2166,1,2166,Grafik- und Multimediadesigner,2,12.445369746459,13.714818712509937,10.20017076159689,False,Niedrig (0–0.33),0
27-1013.00,0.2942246685573741,0.0,0.0,0.0,2651,1,2651,Bildende Künstler,2,4.121146544095,3.179859830652326,-22.840408691396814,False,Niedrig (0–0.33),1
27-1024.00,0.1647109800390234,0.0,0.0,0.0,2166,1,2166,Grafik- und Multimediadesigner,2,12.445369746459,13.714818712509937,10.20017076159689,False,Niedrig (0–0.33),0
27-1025.00,0.1177246278127476,0.0,0.0,0.0,3432,1,3432,Raumgestalter und Dekorateure,3,8.494832835689,7.006492029903259,-17.52054260011844,False,Niedrig (0–0.33),0
27-2011.00,0.0,0.0,0.0,0.0,2659,1,2659,"Bildende und darstellende Künstler, anderweitig nicht genannt",2,0.962589705,0.5781345813985391,-39.93966708811424,True,Niedrig (0–0.33),1
27-2012.03,0.0922687220209167,0.0,0.0,0.0,2654,1,2654,Regisseure und Produzenten im Film- und Bühnenbereich sowie in verwandten Bereichen,2,5.632197512363999,6.4874852608908045,15.185684568931537,False,Niedrig (0–0.33),0
27-2012.04,0.0,0.0,0.0,0.0,2166,1,2166,Grafik- und Multimediadesigner,2,12.445369746459,13.714818712509937,10.20017076159689,False,Niedrig (0–0.33),0
27-2021.00,0.0,0.0,0.0,0.0,3421,1,3421,Athleten und Berufssportler,3,1.957379538159,2.273935280082425,16.172425211983143,False,Niedrig (0–0.33),1
27-2022.00,0.0,0.0,0.0,0.0,3422,1,3422,"Sportlehrer, Sporttrainer und Sportfunktionäre",3,18.596802860598004,18.48931429700556,-0.5779948542670491,False,Niedrig (0–0.33),0
27-2023.00,0.0,0.0,0.0,0.0,3422,1,3422,"Sportlehrer, Sporttrainer und Sportfunktionäre",3,18.596802860598004,18.48931429700556,-0.5779948542670491,False,Niedrig (0–0.33),1
27-2032.00,0.0,0.0,0.0,0.0,2653,1,2653,Tänzer und Choreografen,2,0.7950931779070001,0.8456964951791865,6.364451196197461,False,Niedrig (0–0.33),0
27-2041.00,0.0551668253463719,0.0,0.0,0.0,2652,1,2652,"Musiker, Sänger und Komponisten",2,7.433138465352998,7.572343705757965,1.8727653339679284,False,Niedrig (0–0.33),0
27-2042.00,0.0,0.0,0.0,0.0,2652,1,2652,"Musiker, Sänger und Komponisten",2,7.433138465352998,7.572343705757965,1.8727653339679284,False,Niedrig (0–0.33),1
27-3023.00,0.1599838954397102,0.0,0.0,0.0,2642,1,2642,Journalisten,2,9.876316774069,10.23242940820198,3.605723087659345,False,Niedrig (0–0.33),0
27-3031.00,0.0418839334372906,0.0,0.0,0.0,2432,1,2432,Fachkräfte in der Öffentlichkeitsarbeit,2,5.166502693133,5.007895832675806,-3.069907631481635,False,Niedrig (0–0.33),0
27-3042.00,0.4104750976358718,0.0,0.0,0.0,2641,1,2641,Autoren und verwandte schriftstellerische Berufe,2,4.649945778438999,4.351356841073695,-6.421342346609928,False,Niedrig (0–0.33),1
27-3043.00,0.0646451763746996,0.0,0.0,0.0,2641,1,2641,Autoren und verwandte schriftstellerische Berufe,2,4.649945778438999,4.351356841073695,-6.421342346609928,False,Niedrig (0–0.33),1
27-3043.05,0.4320596042233675,0.0,0.0,0.0,2641,1,2641,Autoren und verwandte schriftstellerische Berufe,2,4.649945778438999,4.351356841073695,-6.421342346609928,False,Niedrig (0–0.33),1
27-3092.00,0.2816231892251938,0.0,0.0,0.0,2643,1,2643,"Übersetzer, Dolmetscher und andere Linguisten",2,5.622935372784,5.738931732247348,2.062914683757364,False,Niedrig (0–0.33),1
27-4011.00,0.1391452753388002,0.0,0.0,0.0,3521,1,3521,Techniker für Rundfunk und audiovisuelle Medien,3,6.346659251749999,5.69390974380046,-10.284930733748665,False,Niedrig (0–0.33),1
27-4014.00,0.0955762792992887,0.0,0.0,0.0,3521,1,3521,Techniker für Rundfunk und audiovisuelle Medien,3,6.346659251749999,5.69390974380046,-10.284930733748665,False,Niedrig (0–0.33),1
27-4021.00,0.0659260736389513,0.0,0.0,0.0,3431,1,3431,Fotografen,3,4.343179196358999,4.982288119396316,14.71523264739106,False,Niedrig (0–0.33),1
27-4031.00,0.0192216803515967,0.0,0.0,0.0,3521,1,3521,Techniker für Rundfunk und audiovisuelle Medien,3,6.346659251749999,5.69390974380046,-10.284930733748665,False,Niedrig (0–0.33),1
27-4032.00,0.3052531826502587,0.0,0.0,0.0,2654,1,2654,Regisseure und Produzenten im Film- und Bühnenbereich sowie in verwandten Bereichen,2,5.632197512363999,6.4874852608908045,15.185684568931537,False,Niedrig (0–0.33),0
29-1021.00,0.0,0.0,0.0,0.0,2261,1,2261,Zahnärzte,2,5.662456788252,6.352450001581966,12.185403600103523,False,Niedrig (0–0.33),0
29-1022.00,0.1583282020026512,0.0,0.0,0.0,2261,1,2261,Zahnärzte,2,5.662456788252,6.352450001581966,12.185403600103523,False,Niedrig (0–0.33),0
29-1023.00,0.0,0.0,0.0,0.0,2261,1,2261,Zahnärzte,2,5.662456788252,6.352450001581966,12.185403600103523,False,Niedrig (0–0.33),0
29-1024.00,0.103411097099377,0.0,0.0,0.0,3214,1,3214,Medizinische und zahnmedizinische Prothetiktechniker,3,4.551515015314,4.129304585486128,-9.276261385655218,False,Niedrig (0–0.33),0
29-1031.00,0.0434178652316997,0.0,0.0,0.0,2265,1,2265,Diätologen und Ernährungsberater,2,2.6122524179290005,2.5463057783204466,-2.52451253010368,False,Niedrig (0–0.33),0
29-1051.00,0.0874483335552171,0.0,0.0,0.0,2262,1,2262,Apotheker,2,6.54283315089,6.128972790338944,-6.325399884219272,False,Niedrig (0–0.33),0
29-1071.00,0.1389071084932338,0.0,0.0,0.0,3256,1,3256,Medizinische Assistenten,3,31.51451494805901,31.276075181732093,-0.7566030025209012,False,Niedrig (0–0.33),0
29-1071.01,0.0726847357312764,0.0,0.0,0.0,3259,1,3259,"Assistenzberufe im Gesundheitswesen, anderweitig nicht genannt",3,0.608573771748,0.6275814606160179,3.1233171310394097,False,Niedrig (0–0.33),0
29-1081.00,0.12597458082213,0.0,0.0,0.0,2269,1,2269,"Spezialisten in Gesundheitsberufen, anderweitig nicht genannt",2,14.319088591201,16.22186493810018,13.288390073013618,False,Niedrig (0–0.33),0
29-1122.00,0.0,0.0,0.0,0.0,2269,1,2269,"Spezialisten in Gesundheitsberufen, anderweitig nicht genannt",2,14.319088591201,16.22186493810018,13.288390073013618,False,Niedrig (0–0.33),0
29-1122.01,0.0,0.0,0.0,0.0,2269,1,2269,"Spezialisten in Gesundheitsberufen, anderweitig nicht genannt",2,14.319088591201,16.22186493810018,13.288390073013618,False,Niedrig (0–0.33),0
29-1123.00,0.0,0.0,0.0,0.0,2264,1,2264,Physiotherapeuten,2,16.459361803371998,20.11341723279264,22.200468481542472,False,Niedrig (0–0.33),0
29-1125.00,0.0,0.0,0.0,0.0,2269,1,2269,"Spezialisten in Gesundheitsberufen, anderweitig nicht genannt",2,14.319088591201,16.22186493810018,13.288390073013618,False,Niedrig (0–0.33),0
29-1126.00,0.0,0.0,0.0,0.0,3259,1,3259,"Assistenzberufe im Gesundheitswesen, anderweitig nicht genannt",3,0.608573771748,0.6275814606160179,3.1233171310394097,False,Niedrig (0–0.33),0
29-1127.00,0.1809359681802757,0.0,0.0,0.0,2269,1,2269,"Spezialisten in Gesundheitsberufen, anderweitig nicht genannt",2,14.319088591201,16.22186493810018,13.288390073013618,False,Niedrig (0–0.33),0
29-1128.00,0.0638144273968077,0.0,0.0,0.0,3255,1,3255,Physiotherapeutische Techniker und Assistenten,3,12.063985162247,11.711745253437105,-2.919764108399224,False,Niedrig (0–0.33),0
29-1129.02,0.0,0.0,0.0,0.0,2269,1,2269,"Spezialisten in Gesundheitsberufen, anderweitig nicht genannt",2,14.319088591201,16.22186493810018,13.288390073013618,False,Niedrig (0–0.33),0
29-1131.00,0.2001195356372297,0.0,0.0,0.0,2250,1,2250,Tierärzte,2,4.151707657170999,4.017170800238256,-3.240518553862183,False,Niedrig (0–0.33),0
29-1141.00,0.0,0.0,0.0,0.0,2221,1,2221,Pflegedienstleiter und Pflegefachkräfte,2,91.542329713691,96.54473765794796,5.464584482285454,False,Niedrig (0–0.33),0
29-1141.01,0.0,0.0,0.0,0.0,2221,1,2221,Pflegedienstleiter und Pflegefachkräfte,2,91.542329713691,96.54473765794796,5.464584482285454,False,Niedrig (0–0.33),0
29-1141.02,0.0336674285226509,0.0,0.0,0.0,2221,1,2221,Pflegedienstleiter und Pflegefachkräfte,2,91.542329713691,96.54473765794796,5.464584482285454,False,Niedrig (0–0.33),0
29-1141.03,0.0,0.0,0.0,0.0,2221,1,2221,Pflegedienstleiter und Pflegefachkräfte,2,91.542329713691,96.54473765794796,5.464584482285454,False,Niedrig (0–0.33),0
29-1141.04,0.0,0.0,0.0,0.0,2221,1,2221,Pflegedienstleiter und Pflegefachkräfte,2,91.542329713691,96.54473765794796,5.464584482285454,False,Niedrig (0–0.33),0
29-1151.00,0.0639940350291628,0.0,0.0,0.0,3259,1,3259,"Assistenzberufe im Gesundheitswesen, anderweitig nicht genannt",3,0.608573771748,0.6275814606160179,3.1233171310394097,False,Niedrig (0–0.33),0
29-1161.00,0.0767812901095341,0.0,0.0,0.0,2221,1,2221,Pflegedienstleiter und Pflegefachkräfte,2,91.542329713691,96.54473765794796,5.464584482285454,False,Niedrig (0–0.33),0
29-1171.00,0.076427894190627,0.0,0.0,0.0,2221,1,2221,Pflegedienstleiter und Pflegefachkräfte,2,91.542329713691,96.54473765794796,5.464584482285454,False,Niedrig (0–0.33),0
29-1181.00,0.1287443176038039,0.0,0.0,0.0,2266,1,2266,Audiologen und Sprachtherapeuten,2,4.047666286812,4.254445988748661,5.1086153670915495,False,Niedrig (0–0.33),0
29-1211.00,0.0350257532726804,0.0,0.0,0.0,2212,1,2212,Fachärzte,2,37.08194504008001,36.04718718310065,-2.7904627329039604,False,Niedrig (0–0.33),0
29-1213.00,0.0,0.0,0.0,0.0,2212,1,2212,Fachärzte,2,37.08194504008001,36.04718718310065,-2.7904627329039604,False,Niedrig (0–0.33),0
29-1214.00,0.0395788077709387,0.0,0.0,0.0,3259,1,3259,"Assistenzberufe im Gesundheitswesen, anderweitig nicht genannt",3,0.608573771748,0.6275814606160179,3.1233171310394097,False,Niedrig (0–0.33),0
29-1215.00,0.0672089847269262,0.0,0.0,0.0,2635,1,2635,Sozialarbeiter,2,18.731495843976003,19.51812684940036,4.199509809449249,False,Niedrig (0–0.33),0
29-1217.00,0.1683127630829743,0.0,0.0,0.0,2212,1,2212,Fachärzte,2,37.08194504008001,36.04718718310065,-2.7904627329039604,False,Niedrig (0–0.33),0
29-1221.00,0.0230629013857095,0.0,0.0,0.0,2212,1,2212,Fachärzte,2,37.08194504008001,36.04718718310065,-2.7904627329039604,False,Niedrig (0–0.33),0
29-1222.00,0.2461119747285021,0.0,0.0,0.0,2131,1,2131,"Biologen, Botaniker, Zoologen und verwandte Berufe",2,8.866294443315,9.867582137765408,11.293192447554636,False,Niedrig (0–0.33),0
29-1223.00,0.0294611365627747,0.0,0.0,0.0,2212,1,2212,Fachärzte,2,37.08194504008001,36.04718718310065,-2.7904627329039604,False,Niedrig (0–0.33),0
29-1224.00,0.041654771535119,0.0,0.0,0.0,2269,1,2269,"Spezialisten in Gesundheitsberufen, anderweitig nicht genannt",2,14.319088591201,16.22186493810018,13.288390073013618,False,Niedrig (0–0.33),0
29-1229.01,0.1491364448034361,0.0,0.0,0.0,2131,1,2131,"Biologen, Botaniker, Zoologen und verwandte Berufe",2,8.866294443315,9.867582137765408,11.293192447554636,False,Niedrig (0–0.33),0
29-1229.03,0.1704602666541077,0.0,0.0,0.0,2212,1,2212,Fachärzte,2,37.08194504008001,36.04718718310065,-2.7904627329039604,False,Niedrig (0–0.33),0
29-1229.04,0.0535908320641953,0.0,0.0,0.0,2212,1,2212,Fachärzte,2,37.08194504008001,36.04718718310065,-2.7904627329039604,False,Niedrig (0–0.33),0
29-1229.05,0.0574736621233756,0.0,0.0,0.0,2212,1,2212,Fachärzte,2,37.08194504008001,36.04718718310065,-2.7904627329039604,False,Niedrig (0–0.33),0
29-1241.00,0.0250533056937877,0.0,0.0,0.0,2212,1,2212,Fachärzte,2,37.08194504008001,36.04718718310065,-2.7904627329039604,False,Niedrig (0–0.33),0
29-1291.00,0.1518127017976152,0.0,0.0,0.0,2230,1,2230,Spezialisten der traditionellen und komplementären Medizin,2,8.390799604639,7.937659127565956,-5.400444515711197,False,Niedrig (0–0.33),0
29-1299.01,0.2073690229989812,0.0,0.0,0.0,2230,1,2230,Spezialisten der traditionellen und komplementären Medizin,2,8.390799604639,7.937659127565956,-5.400444515711197,False,Niedrig (0–0.33),0
29-1299.02,0.1686532258316405,0.0,0.0,0.0,2267,1,2267,Optometristen und Orthoptisten,2,1.084923443269,1.0947607998133952,0.9067327842740792,False,Niedrig (0–0.33),0
29-2011.00,0.2098916293253538,0.0,0.0,0.0,3212,1,3212,Medizintechniker im Bereich Labor und Pathologie,3,7.281498105076999,7.114033643821429,-2.2998627320771474,False,Niedrig (0–0.33),0
29-2011.01,0.2800841846324996,0.0,0.0,0.0,2131,1,2131,"Biologen, Botaniker, Zoologen und verwandte Berufe",2,8.866294443315,9.867582137765408,11.293192447554636,False,Niedrig (0–0.33),0
29-2011.02,0.1427084603937237,0.0,0.0,0.0,3212,1,3212,Medizintechniker im Bereich Labor und Pathologie,3,7.281498105076999,7.114033643821429,-2.2998627320771474,False,Niedrig (0–0.33),1
29-2012.00,0.1568553215953876,0.0,0.0,0.0,3212,1,3212,Medizintechniker im Bereich Labor und Pathologie,3,7.281498105076999,7.114033643821429,-2.2998627320771474,False,Niedrig (0–0.33),0
29-2012.01,0.155341873565781,0.0,0.0,0.0,3212,1,3212,Medizintechniker im Bereich Labor und Pathologie,3,7.281498105076999,7.114033643821429,-2.2998627320771474,False,Niedrig (0–0.33),1
29-2032.00,0.0,0.0,0.0,0.0,2269,1,2269,"Spezialisten in Gesundheitsberufen, anderweitig nicht genannt",2,14.319088591201,16.22186493810018,13.288390073013618,False,Niedrig (0–0.33),0
29-2033.00,0.0767106008775774,0.0,0.0,0.0,2269,1,2269,"Spezialisten in Gesundheitsberufen, anderweitig nicht genannt",2,14.319088591201,16.22186493810018,13.288390073013618,False,Niedrig (0–0.33),0
29-2034.00,0.0,0.0,0.0,0.0,2269,1,2269,"Spezialisten in Gesundheitsberufen, anderweitig nicht genannt",2,14.319088591201,16.22186493810018,13.288390073013618,False,Niedrig (0–0.33),1
29-2035.00,0.0734031826620876,0.0,0.0,0.0,2269,1,2269,"Spezialisten in Gesundheitsberufen, anderweitig nicht genannt",2,14.319088591201,16.22186493810018,13.288390073013618,False,Niedrig (0–0.33),0
29-2036.00,0.291053635041103,0.0,0.0,0.0,2269,1,2269,"Spezialisten in Gesundheitsberufen, anderweitig nicht genannt",2,14.319088591201,16.22186493810018,13.288390073013618,False,Niedrig (0–0.33),0
29-2051.00,0.2310707127683439,0.0,0.0,0.0,3259,1,3259,"Assistenzberufe im Gesundheitswesen, anderweitig nicht genannt",3,0.608573771748,0.6275814606160179,3.1233171310394097,False,Niedrig (0–0.33),0
29-2052.00,0.2457761195640637,0.0,0.0,0.0,2262,1,2262,Apotheker,2,6.54283315089,6.128972790338944,-6.325399884219272,False,Niedrig (0–0.33),1
29-2053.00,0.0,0.0,0.0,0.0,2269,1,2269,"Spezialisten in Gesundheitsberufen, anderweitig nicht genannt",2,14.319088591201,16.22186493810018,13.288390073013618,False,Niedrig (0–0.33),0
29-2057.00,0.1237754609705774,0.0,0.0,0.0,2267,1,2267,Optometristen und Orthoptisten,2,1.084923443269,1.0947607998133952,0.9067327842740792,False,Niedrig (0–0.33),1
29-2061.00,0.0,0.0,0.0,0.0,2635,1,2635,Sozialarbeiter,2,18.731495843976003,19.51812684940036,4.199509809449249,False,Niedrig (0–0.33),0
29-2081.00,0.1758449741964618,0.0,0.0,0.0,3254,1,3254,Augenoptiker,3,5.256679593504,4.6672842424727,-11.212312649978736,False,Niedrig (0–0.33),0
29-2091.00,0.1031012990061858,0.0,0.0,0.0,3214,1,3214,Medizinische und zahnmedizinische Prothetiktechniker,3,4.551515015314,4.129304585486128,-9.276261385655218,False,Niedrig (0–0.33),0
29-2092.00,0.0,0.0,0.0,0.0,3214,1,3214,Medizinische und zahnmedizinische Prothetiktechniker,3,4.551515015314,4.129304585486128,-9.276261385655218,False,Niedrig (0–0.33),0
29-2099.05,0.0,0.0,0.0,0.0,2267,1,2267,Optometristen und Orthoptisten,2,1.084923443269,1.0947607998133952,0.9067327842740792,False,Niedrig (0–0.33),1
29-9091.00,0.0,0.0,0.0,0.0,2269,1,2269,"Spezialisten in Gesundheitsberufen, anderweitig nicht genannt",2,14.319088591201,16.22186493810018,13.288390073013618,False,Niedrig (0–0.33),0
29-9092.00,0.1676129698026234,0.0,0.0,0.0,2131,1,2131,"Biologen, Botaniker, Zoologen und verwandte Berufe",2,8.866294443315,9.867582137765408,11.293192447554636,False,Niedrig (0–0.33),0
29-9093.00,0.0,0.0,0.0,0.0,3256,1,3256,Medizinische Assistenten,3,31.51451494805901,31.276075181732093,-0.7566030025209012,False,Niedrig (0–0.33),0
29-9099.01,0.0,0.0,0.0,0.0,2221,1,2221,Pflegedienstleiter und Pflegefachkräfte,2,91.542329713691,96.54473765794796,5.464584482285454,False,Niedrig (0–0.33),0
31-1122.00,0.0,0.0,0.0,0.0,3412,1,3412,Soziale Fachkräfte,3,46.231044447983,50.726888890706896,9.724730419582912,False,Niedrig (0–0.33),1
31-1132.00,0.0,0.0,0.0,0.0,3258,1,3258,Rettungsdienstpersonal,3,4.050694959712999,4.564136736665777,12.675399704478275,False,Niedrig (0–0.33),1
31-2011.00,0.0,0.0,0.0,0.0,2269,1,2269,"Spezialisten in Gesundheitsberufen, anderweitig nicht genannt",2,14.319088591201,16.22186493810018,13.288390073013618,False,Niedrig (0–0.33),0
31-2012.00,0.0,0.0,0.0,0.0,2269,1,2269,"Spezialisten in Gesundheitsberufen, anderweitig nicht genannt",2,14.319088591201,16.22186493810018,13.288390073013618,False,Niedrig (0–0.33),1
31-2021.00,0.0,0.0,0.0,0.0,3255,1,3255,Physiotherapeutische Techniker und Assistenten,3,12.063985162247,11.711745253437105,-2.919764108399224,False,Niedrig (0–0.33),0
31-2022.00,0.000189587831804,0.0,0.0,0.0,2269,1,2269,"Spezialisten in Gesundheitsberufen, anderweitig nicht genannt",2,14.319088591201,16.22186493810018,13.288390073013618,False,Niedrig (0–0.33),1
31-9011.00,0.1446428668084095,0.0,0.0,0.0,3255,1,3255,Physiotherapeutische Techniker und Assistenten,3,12.063985162247,11.711745253437105,-2.919764108399224,False,Niedrig (0–0.33),1
31-9092.00,0.1186253414938135,0.0,0.0,0.0,3259,1,3259,"Assistenzberufe im Gesundheitswesen, anderweitig nicht genannt",3,0.608573771748,0.6275814606160179,3.1233171310394097,False,Niedrig (0–0.33),0
31-9094.00,0.3693605357416858,0.0,0.0,0.0,3252,1,3252,Fachkräfte im Bereich medizinische Dokumentation und Information,3,0.707328782249,0.6898539063011778,-2.470545011933432,False,Niedrig (0–0.33),1
31-9095.00,0.1144052772931265,0.0,0.0,0.0,2262,1,2262,Apotheker,2,6.54283315089,6.128972790338944,-6.325399884219272,False,Niedrig (0–0.33),1
31-9096.00,0.1672523738588845,0.0,0.0,0.0,3240,1,3240,Veterinärmedizinische Fachkräfte und Assistenten,3,3.337339874521,4.181669858627249,25.29949048798734,False,Niedrig (0–0.33),1
31-9097.00,0.0278303685574345,0.0,0.0,0.0,3212,1,3212,Medizintechniker im Bereich Labor und Pathologie,3,7.281498105076999,7.114033643821429,-2.2998627320771474,False,Niedrig (0–0.33),1
31-9099.01,0.0297296931624693,0.0,0.0,0.0,2266,1,2266,Audiologen und Sprachtherapeuten,2,4.047666286812,4.254445988748661,5.1086153670915495,False,Niedrig (0–0.33),0
31-9099.02,0.0522617211844587,0.0,0.0,0.0,3211,1,3211,Medizintechniker im Bereich bildgebende Verfahren und Therapiegeräte,3,7.546524178165999,8.47894483407171,12.35563067038782,False,Niedrig (0–0.33),1
33-1011.00,0.0,0.0,0.0,0.0,1349,1,1349,"Führungskräfte in der Erbringung von spezialisierten Dienstleistungen, anderweitig nicht genannt",1,8.184198786407,8.565180039903229,4.65508308680129,False,Niedrig (0–0.33),0
33-1012.00,0.0,0.0,0.0,0.0,3355,1,3355,Polizeikommissare und Kriminalbeamte,3,4.070975210586001,8.48655250294109,108.464853356832,True,Niedrig (0–0.33),0
33-1021.00,0.0,0.0,0.0,0.0,1112,1,1112,Leitende Verwaltungsbedienstete,1,12.438160335807,14.234775317382786,14.44437869484354,False,Niedrig (0–0.33),0
33-1091.00,0.0,0.0,0.0,0.0,1219,1,1219,"Führungskräfte in der betrieblichen Administration und in unternehmensbezogenen Dienstleistungen, anderweitig nicht genannt",1,11.188193659694004,13.16862356373752,17.701069218868735,False,Niedrig (0–0.33),0
33-2011.00,0.0,0.0,0.0,0.0,3112,1,3112,Bauführer und Bautechniker,3,38.516833221537,38.94519300831815,1.1121365671922114,False,Niedrig (0–0.33),0
33-2021.00,0.0343812747231864,0.0,0.0,0.0,3112,1,3112,Bauführer und Bautechniker,3,38.516833221537,38.94519300831815,1.1121365671922114,False,Niedrig (0–0.33),0
33-2022.00,0.0,0.0,0.0,0.0,3359,1,3359,"Fachkräfte in der öffentlichen Verwaltung, anderweitig nicht genannt",3,1.1952449879130005,0.8915400349132869,-25.409431210417218,False,Niedrig (0–0.33),0
33-3012.00,0.0,0.0,0.0,0.0,1349,1,1349,"Führungskräfte in der Erbringung von spezialisierten Dienstleistungen, anderweitig nicht genannt",1,8.184198786407,8.565180039903229,4.65508308680129,False,Niedrig (0–0.33),0
33-3021.00,0.1076835404763259,0.0,0.0,0.0,3355,1,3355,Polizeikommissare und Kriminalbeamte,3,4.070975210586001,8.48655250294109,108.464853356832,True,Niedrig (0–0.33),0
33-3021.02,0.2522162592291818,0.0,0.0,0.0,3355,1,3355,Polizeikommissare und Kriminalbeamte,3,4.070975210586001,8.48655250294109,108.464853356832,True,Niedrig (0–0.33),0
33-3021.06,0.3750293712675572,0.0,0.0,0.0,2422,1,2422,Spezialisten in der strategischen Planung in Politik und Wirtschaft,2,2.9147980542490006,5.080192459807278,74.2896888654673,True,Niedrig (0–0.33),0
33-3031.00,0.0305546909430117,0.0,0.0,0.0,2133,1,2133,Umweltwissenschaftler,2,3.499424292972,4.195820269836831,19.90030126565172,False,Niedrig (0–0.33),0
33-3041.00,0.0400303950652817,0.0,0.0,0.0,1112,1,1112,Leitende Verwaltungsbedienstete,1,12.438160335807,14.234775317382786,14.44437869484354,False,Niedrig (0–0.33),1
33-3051.00,0.0,0.0,0.0,0.0,3355,1,3355,Polizeikommissare und Kriminalbeamte,3,4.070975210586001,8.48655250294109,108.464853356832,True,Niedrig (0–0.33),0
33-3051.04,0.1394305814926218,0.0,0.0,0.0,3351,1,3351,Fachkräfte im Zolldienst und Grenzschutz,3,3.920539826399,4.453572945810789,13.595911354416163,False,Niedrig (0–0.33),0
33-3052.00,0.1295069568255364,0.0,0.0,0.0,3355,1,3355,Polizeikommissare und Kriminalbeamte,3,4.070975210586001,8.48655250294109,108.464853356832,True,Niedrig (0–0.33),0
33-9021.00,0.3519812051527702,0.0,0.0,0.0,3411,1,3411,Fachkräfte für Rechts- und verwandte Angelegenheiten,3,12.039343043658002,12.144299740161111,0.8717809279335977,False,Niedrig (0–0.33),0
33-9031.00,0.2581333158883119,0.0,0.0,0.0,3359,1,3359,"Fachkräfte in der öffentlichen Verwaltung, anderweitig nicht genannt",3,1.1952449879130005,0.8915400349132869,-25.409431210417218,False,Niedrig (0–0.33),0
33-9091.00,0.0,0.0,0.0,0.0,3112,1,3112,Bauführer und Bautechniker,3,38.516833221537,38.94519300831815,1.1121365671922114,False,Niedrig (0–0.33),1
33-9092.00,0.0,0.0,0.0,0.0,3422,1,3422,"Sportlehrer, Sporttrainer und Sportfunktionäre",3,18.596802860598004,18.48931429700556,-0.5779948542670491,False,Niedrig (0–0.33),1
33-9093.00,0.0,0.0,0.0,0.0,3351,1,3351,Fachkräfte im Zolldienst und Grenzschutz,3,3.920539826399,4.453572945810789,13.595911354416163,False,Niedrig (0–0.33),1
33-9099.02,0.2052797716604742,0.0,0.0,0.0,3411,1,3411,Fachkräfte für Rechts- und verwandte Angelegenheiten,3,12.039343043658002,12.144299740161111,0.8717809279335977,False,Niedrig (0–0.33),0
35-1011.00,0.0,0.0,0.0,0.0,3434,1,3434,"Küchenchefs, stv. Küchenchefs und Souschefs",3,11.439200624478,9.634557678626583,-15.775953277624836,False,Niedrig (0–0.33),0
35-1012.00,0.0,0.0,0.0,0.0,1412,1,1412,Führungskräfte in Restaurants,1,19.072046092383005,18.02767534569753,-5.47592398648079,False,Niedrig (0–0.33),0
35-2012.00,0.0,0.0,0.0,0.0,3434,1,3434,"Küchenchefs, stv. Küchenchefs und Souschefs",3,11.439200624478,9.634557678626583,-15.775953277624836,False,Niedrig (0–0.33),1
35-2013.00,0.0336321355541289,0.0,0.0,0.0,3434,1,3434,"Küchenchefs, stv. Küchenchefs und Souschefs",3,11.439200624478,9.634557678626583,-15.775953277624836,False,Niedrig (0–0.33),1
35-3011.00,0.0,0.0,0.0,0.0,1412,1,1412,Führungskräfte in Restaurants,1,19.072046092383005,18.02767534569753,-5.47592398648079,False,Niedrig (0–0.33),1
35-9031.00,0.0,0.0,0.0,0.0,2431,1,2431,Fachkräfte in Marketing und Werbung,2,43.93795628549201,43.92670158260029,-0.0256149895060899,False,Niedrig (0–0.33),1
37-1011.00,0.0,0.0,0.0,0.0,1219,1,1219,"Führungskräfte in der betrieblichen Administration und in unternehmensbezogenen Dienstleistungen, anderweitig nicht genannt",1,11.188193659694004,13.16862356373752,17.701069218868735,False,Niedrig (0–0.33),1
37-1012.00,0.0,0.0,0.0,0.0,2131,1,2131,"Biologen, Botaniker, Zoologen und verwandte Berufe",2,8.866294443315,9.867582137765408,11.293192447554636,False,Niedrig (0–0.33),0
37-3011.00,0.0,0.0,0.0,0.0,2162,1,2162,Landschaftsarchitekten,2,1.572515060856,1.6623136588834688,5.71050797940129,False,Niedrig (0–0.33),1
37-3012.00,0.0008160391695709,0.0,0.0,0.0,3141,1,3141,Biotechniker (ohne medizinische Fachberufe),3,3.350140159418,3.229993311397246,-3.5863230283961043,False,Niedrig (0–0.33),1
37-3013.00,0.0,0.0,0.0,0.0,1311,1,1311,Führungskräfte in der Produktion in Land- und Forstwirtschaft,1,0.461633413851,0.7439693523178712,61.1602041783743,True,Niedrig (0–0.33),1
39-1013.00,0.0,0.0,0.0,0.0,1431,1,1431,"Führungskräfte in der Erbringung von Dienstleistungen im Bereich Sport, Erholung und Kultur",1,3.431486778191001,3.0208506211645925,-11.966712494310872,False,Niedrig (0–0.33),0
39-1022.00,0.0,0.0,0.0,0.0,1439,1,1439,"Führungskräfte in der Erbringung von Dienstleistungen, anderweitig nicht genannt",1,2.155181872745,1.89299605343754,-12.165368622626788,False,Niedrig (0–0.33),0
39-3011.00,0.0,0.0,0.0,0.0,1431,1,1431,"Führungskräfte in der Erbringung von Dienstleistungen im Bereich Sport, Erholung und Kultur",1,3.431486778191001,3.0208506211645925,-11.966712494310872,False,Niedrig (0–0.33),1
39-3012.00,0.0304863203552562,0.0,0.0,0.0,1431,1,1431,"Führungskräfte in der Erbringung von Dienstleistungen im Bereich Sport, Erholung und Kultur",1,3.431486778191001,3.0208506211645925,-11.966712494310872,False,Niedrig (0–0.33),1
39-3021.00,0.0,0.0,0.0,0.0,3521,1,3521,Techniker für Rundfunk und audiovisuelle Medien,3,6.346659251749999,5.69390974380046,-10.284930733748665,False,Niedrig (0–0.33),1
39-3031.00,0.0,0.0,0.0,0.0,3411,1,3411,Fachkräfte für Rechts- und verwandte Angelegenheiten,3,12.039343043658002,12.144299740161111,0.8717809279335977,False,Niedrig (0–0.33),1
39-3091.00,0.0,0.0,0.0,0.0,1411,1,1411,Führungskräfte in Hotels,1,7.145420438866,7.373899343391159,3.197557183372949,False,Niedrig (0–0.33),1
39-3092.00,0.0,0.0,0.0,0.0,3435,1,3435,Sonstige Fachkräfte in Gestaltung und Kultur,3,4.497162307868001,4.315844951925017,-4.031817033282524,False,Niedrig (0–0.33),1
39-3093.00,0.0,0.0,0.0,0.0,3423,1,3423,Trainer und Betreuer im Bereich Fitness und Erholung,3,6.404440928735001,7.535353269945205,17.65825235636267,False,Niedrig (0–0.33),1
39-4011.00,0.003191041929661,0.0,0.0,0.0,3433,1,3433,"Fachkräfte in Kunstgalerien, Museen und Bibliotheken",3,0.8764893736830001,0.994684168442118,13.48502312839967,False,Niedrig (0–0.33),1
39-4031.00,0.0,0.0,0.0,0.0,2635,1,2635,Sozialarbeiter,2,18.731495843976003,19.51812684940036,4.199509809449249,False,Niedrig (0–0.33),0
39-5092.00,0.0,0.0,0.0,0.0,3435,1,3435,Sonstige Fachkräfte in Gestaltung und Kultur,3,4.497162307868001,4.315844951925017,-4.031817033282524,False,Niedrig (0–0.33),1
39-5093.00,0.0,0.0,0.0,0.0,1431,1,1431,"Führungskräfte in der Erbringung von Dienstleistungen im Bereich Sport, Erholung und Kultur",1,3.431486778191001,3.0208506211645925,-11.966712494310872,False,Niedrig (0–0.33),1
39-7011.00,0.0,0.0,0.0,0.0,1439,1,1439,"Führungskräfte in der Erbringung von Dienstleistungen, anderweitig nicht genannt",1,2.155181872745,1.89299605343754,-12.165368622626788,False,Niedrig (0–0.33),1
39-7012.00,0.0,0.0,0.0,0.0,1439,1,1439,"Führungskräfte in der Erbringung von Dienstleistungen, anderweitig nicht genannt",1,2.155181872745,1.89299605343754,-12.165368622626788,False,Niedrig (0–0.33),0
39-9011.00,0.0,0.0,0.0,0.0,1341,1,1341,Führungskräfte in der Erbringung von Dienstleistungen der Kinderbetreuung,1,3.922539975932,3.469310997629832,-11.554476973672667,False,Niedrig (0–0.33),1
39-9031.00,0.0,0.0,0.0,0.0,3423,1,3423,Trainer und Betreuer im Bereich Fitness und Erholung,3,6.404440928735001,7.535353269945205,17.65825235636267,False,Niedrig (0–0.33),1
39-9032.00,0.0,0.0,0.0,0.0,3423,1,3423,Trainer und Betreuer im Bereich Fitness und Erholung,3,6.404440928735001,7.535353269945205,17.65825235636267,False,Niedrig (0–0.33),0
39-9041.00,0.0,0.0,0.0,0.0,3412,1,3412,Soziale Fachkräfte,3,46.231044447983,50.726888890706896,9.724730419582912,False,Niedrig (0–0.33),0
41-1011.00,0.0,0.0,0.0,0.0,1420,1,1420,Führungskräfte in Gross- und Einzelhandel,1,2.971007194085,3.217999957826392,8.313435397703907,False,Niedrig (0–0.33),0
41-1012.00,0.0,0.0,0.0,0.0,1420,1,1420,Führungskräfte in Gross- und Einzelhandel,1,2.971007194085,3.217999957826392,8.313435397703907,False,Niedrig (0–0.33),0
41-2012.00,0.128573208682772,0.0,0.0,0.0,1431,1,1431,"Führungskräfte in der Erbringung von Dienstleistungen im Bereich Sport, Erholung und Kultur",1,3.431486778191001,3.0208506211645925,-11.966712494310872,False,Niedrig (0–0.33),1
41-2022.00,0.0635282737094286,0.0,0.0,0.0,2433,1,2433,Technische Verkaufsfachkräfte (ohne Informations- und Kommunikationstechnologie),2,11.835475398328002,13.659967202324731,15.415450098899068,False,Niedrig (0–0.33),0
41-3011.00,0.0,0.0,0.0,0.0,3339,1,3339,"Fachkräfte für unternehmensbezogene Dienstleistungen, anderweitig nicht genannt",3,0.779595074896,0.582892890090946,-25.23132727990804,False,Niedrig (0–0.33),0
41-3021.00,0.2342836057166791,0.0,0.0,0.0,3321,1,3321,Versicherungsvertreter,3,16.217702350982005,16.324559714630414,0.6588933582317137,False,Niedrig (0–0.33),0
41-3031.00,0.3004763198259249,0.0,0.0,0.0,3311,1,3311,"Wertpapierhändler, -makler und Finanzmakler",3,8.357260989684999,8.538453319440176,2.1680827005261043,False,Niedrig (0–0.33),0
41-4011.00,0.0,0.0,0.0,0.0,2433,1,2433,Technische Verkaufsfachkräfte (ohne Informations- und Kommunikationstechnologie),2,11.835475398328002,13.659967202324731,15.415450098899068,False,Niedrig (0–0.33),0
41-4012.00,0.1266920693688355,0.0,0.0,0.0,3324,1,3324,Handelsmakler,3,6.286050496707,7.355296399385477,17.00982044669558,False,Niedrig (0–0.33),0
41-9012.00,0.0,0.0,0.0,0.0,2651,1,2651,Bildende Künstler,2,4.121146544095,3.179859830652326,-22.840408691396814,False,Niedrig (0–0.33),1
41-9041.00,0.0773284460362717,0.0,0.0,0.0,1212,1,1212,Führungskräfte im Personalwesen,1,13.564983511046998,13.724554056355064,1.1763416091004857,False,Niedrig (0–0.33),1
41-9091.00,0.0,0.0,0.0,0.0,2432,1,2432,Fachkräfte in der Öffentlichkeitsarbeit,2,5.166502693133,5.007895832675806,-3.069907631481635,False,Niedrig (0–0.33),1
43-1011.00,0.0,0.0,0.0,0.0,3341,1,3341,Sekretariatsleiter,3,14.08504137531,18.08485422363143,28.39759388518941,False,Niedrig (0–0.33),0
43-2011.00,0.0427064339069274,0.0,0.0,0.0,3133,1,3133,Steuerer von chemischen Verfahrensanlagen,3,,,,,Niedrig (0–0.33),1
43-2021.00,0.1265531300077266,0.0,0.0,0.0,1439,1,1439,"Führungskräfte in der Erbringung von Dienstleistungen, anderweitig nicht genannt",1,2.155181872745,1.89299605343754,-12.165368622626788,False,Niedrig (0–0.33),1
43-3011.00,0.0761707672585902,0.0,0.0,0.0,3312,1,3312,Fachkräfte im Bereich Kredit und Darlehen,3,1.933962219203,2.110797466890553,9.143676434404602,False,Niedrig (0–0.33),1
43-3021.00,0.3431803653840693,0.0,0.0,0.0,3313,1,3313,Fachkräfte im Rechnungswesen,3,35.694219590095,36.15574409264256,1.2929950783281243,False,Niedrig (0–0.33),1
43-3031.00,0.3651093761246762,0.0,0.0,0.0,2411,1,2411,"Wirtschaftsprüfer, Steuerberater und verwandte Berufe",2,30.91757631977699,32.86095748101834,6.285684043086613,False,Niedrig (0–0.33),1
43-3041.00,0.068993828629995,0.0,0.0,0.0,1431,1,1431,"Führungskräfte in der Erbringung von Dienstleistungen im Bereich Sport, Erholung und Kultur",1,3.431486778191001,3.0208506211645925,-11.966712494310872,False,Niedrig (0–0.33),1
43-3051.00,0.4594485070939538,0.0,0.0,0.0,3313,1,3313,Fachkräfte im Rechnungswesen,3,35.694219590095,36.15574409264256,1.2929950783281243,False,Niedrig (0–0.33),1
43-3061.00,0.2349741728825806,0.0,0.0,0.0,3323,1,3323,Einkäufer,3,10.104688062421005,10.266898583215756,1.6052996370863597,False,Niedrig (0–0.33),0
43-3071.00,0.1887222868918288,0.0,0.0,0.0,1112,1,1112,Leitende Verwaltungsbedienstete,1,12.438160335807,14.234775317382786,14.44437869484354,False,Niedrig (0–0.33),1
43-4011.00,0.2773780149741549,0.0,0.0,0.0,3311,1,3311,"Wertpapierhändler, -makler und Finanzmakler",3,8.357260989684999,8.538453319440176,2.1680827005261043,False,Niedrig (0–0.33),1
43-4031.00,0.252658076938851,0.0,0.0,0.0,3411,1,3411,Fachkräfte für Rechts- und verwandte Angelegenheiten,3,12.039343043658002,12.144299740161111,0.8717809279335977,False,Niedrig (0–0.33),1
43-4041.00,0.2466873644004275,0.0,0.0,0.0,3312,1,3312,Fachkräfte im Bereich Kredit und Darlehen,3,1.933962219203,2.110797466890553,9.143676434404602,False,Niedrig (0–0.33),1
43-4071.00,0.3390698339412048,0.0,0.0,0.0,2621,1,2621,Archiv- und Museumswissenschaftler,2,2.5007701291260007,3.436134062024667,37.40303524920816,False,Niedrig (0–0.33),1
43-4121.00,0.1624667768730636,0.0,0.0,0.0,2621,1,2621,Archiv- und Museumswissenschaftler,2,2.5007701291260007,3.436134062024667,37.40303524920816,False,Niedrig (0–0.33),1
43-4131.00,0.3637776338741953,0.0,0.0,0.0,3312,1,3312,Fachkräfte im Bereich Kredit und Darlehen,3,1.933962219203,2.110797466890553,9.143676434404602,False,Niedrig (0–0.33),0
43-4141.00,0.1330711807265343,0.0,0.0,0.0,2412,1,2412,Finanz- und Anlageberater,2,19.897725421554,20.81871100519237,4.628597310126321,False,Niedrig (0–0.33),1
43-4161.00,0.1823717933703583,0.0,0.0,0.0,2423,1,2423,Berufsberater und -analytiker und vergleichbare Spezialisten der Personalwesen,2,22.044454867828005,27.63613744207947,25.365483554832863,False,Niedrig (0–0.33),0
43-5011.00,0.0738276604691624,0.0,0.0,0.0,3331,1,3331,Fachkräfte für Abrechnungs- und Speditionsdienstleistungen,3,4.544567426216001,3.708450654589429,-18.398159675292963,False,Niedrig (0–0.33),1
43-5011.01,0.2471839636846265,0.0,0.0,0.0,3331,1,3331,Fachkräfte für Abrechnungs- und Speditionsdienstleistungen,3,4.544567426216001,3.708450654589429,-18.398159675292963,False,Niedrig (0–0.33),0
43-5031.00,0.039693608368295,0.0,0.0,0.0,1112,1,1112,Leitende Verwaltungsbedienstete,1,12.438160335807,14.234775317382786,14.44437869484354,False,Niedrig (0–0.33),0
43-5061.00,0.2520068062428071,0.0,0.0,0.0,2141,1,2141,Prozess- und Produktionsingenieure,2,9.624988998978,9.29664372404815,-3.4113833788767387,False,Niedrig (0–0.33),1
43-5111.00,0.179156137160541,0.0,0.0,0.0,3359,1,3359,"Fachkräfte in der öffentlichen Verwaltung, anderweitig nicht genannt",3,1.1952449879130005,0.8915400349132869,-25.409431210417218,False,Niedrig (0–0.33),1
43-6013.00,0.2189407325895019,0.0,0.0,0.0,3344,1,3344,Sekretariatsfachkräfte im Gesundheitswesen,3,11.622023063692998,12.653849088066766,8.878196323643294,False,Niedrig (0–0.33),1
43-6014.00,0.1486368912471555,0.0,0.0,0.0,3343,1,3343,Sekretariatsfachkräfte in Verwaltung und Geschäftsleitung,3,34.92583533916601,35.095276488816104,0.4851455892311484,False,Niedrig (0–0.33),1
43-9021.00,0.3377524628599047,0.0,0.0,0.0,3341,1,3341,Sekretariatsleiter,3,14.08504137531,18.08485422363143,28.39759388518941,False,Niedrig (0–0.33),1
43-9022.00,0.2731854131033789,0.0,0.0,0.0,2643,1,2643,"Übersetzer, Dolmetscher und andere Linguisten",2,5.622935372784,5.738931732247348,2.062914683757364,False,Niedrig (0–0.33),1
43-9031.00,0.2602169372827578,0.0,0.0,0.0,2166,1,2166,Grafik- und Multimediadesigner,2,12.445369746459,13.714818712509937,10.20017076159689,False,Niedrig (0–0.33),1
43-9041.00,0.1647385164308115,0.0,0.0,0.0,3321,1,3321,Versicherungsvertreter,3,16.217702350982005,16.324559714630414,0.6588933582317137,False,Niedrig (0–0.33),1
43-9061.00,0.0607993558756896,0.0,0.0,0.0,3343,1,3343,Sekretariatsfachkräfte in Verwaltung und Geschäftsleitung,3,34.92583533916601,35.095276488816104,0.4851455892311484,False,Niedrig (0–0.33),1
43-9081.00,0.5106922201111155,0.0,0.0,0.0,1349,1,1349,"Führungskräfte in der Erbringung von spezialisierten Dienstleistungen, anderweitig nicht genannt",1,8.184198786407,8.565180039903229,4.65508308680129,False,Niedrig (0–0.33),1
45-2011.00,0.0083990025168647,0.0,0.0,0.0,3359,1,3359,"Fachkräfte in der öffentlichen Verwaltung, anderweitig nicht genannt",3,1.1952449879130005,0.8915400349132869,-25.409431210417218,False,Niedrig (0–0.33),0
45-2041.00,0.1368894452502312,0.0,0.0,0.0,3257,1,3257,Kontrolleure und Beauftragte in den Bereichen Umwelt- und Arbeitsmedizin sowie verwandte Berufe,3,1.93101920804,2.65008295629057,37.2375243734849,False,Niedrig (0–0.33),1
45-2091.00,0.0,0.0,0.0,0.0,2144,1,2144,"Maschinenbau- , Mechatronik- und Systemtechnikingenieure",2,9.728896910697,10.551287836634446,8.453074726624155,False,Niedrig (0–0.33),1
45-3031.00,0.0857160865213933,0.0,0.0,0.0,1311,1,1311,Führungskräfte in der Produktion in Land- und Forstwirtschaft,1,0.461633413851,0.7439693523178712,61.1602041783743,True,Niedrig (0–0.33),1
45-4011.00,0.1041250416169481,0.0,0.0,0.0,2133,1,2133,Umweltwissenschaftler,2,3.499424292972,4.195820269836831,19.90030126565172,False,Niedrig (0–0.33),1
45-4021.00,0.0,0.0,0.0,0.0,3143,1,3143,Forsttechniker,3,1.241224500745,1.2921670141680055,4.104214297448132,False,Niedrig (0–0.33),1
45-4023.00,0.0880225708103888,0.0,0.0,0.0,3122,1,3122,Produktionsleiter bei der Herstellung von Waren,3,22.165944935432,22.01258882965041,-0.6918545824610831,False,Niedrig (0–0.33),1
47-1011.00,0.0,0.0,0.0,0.0,3123,1,3123,Poliere und Vorarbeiter,3,26.807374822177003,28.775562191047857,7.341962358964843,False,Niedrig (0–0.33),0
47-1011.03,0.0,0.0,0.0,0.0,3123,1,3123,Poliere und Vorarbeiter,3,26.807374822177003,28.775562191047857,7.341962358964843,False,Niedrig (0–0.33),0
47-2021.00,0.0,0.0,0.0,0.0,3123,1,3123,Poliere und Vorarbeiter,3,26.807374822177003,28.775562191047857,7.341962358964843,False,Niedrig (0–0.33),1
47-2031.00,0.0707397238557104,0.0,0.0,0.0,3123,1,3123,Poliere und Vorarbeiter,3,26.807374822177003,28.775562191047857,7.341962358964843,False,Niedrig (0–0.33),1
47-2041.00,0.0,0.0,0.0,0.0,3123,1,3123,Poliere und Vorarbeiter,3,26.807374822177003,28.775562191047857,7.341962358964843,False,Niedrig (0–0.33),1
47-2042.00,0.0,0.0,0.0,0.0,3123,1,3123,Poliere und Vorarbeiter,3,26.807374822177003,28.775562191047857,7.341962358964843,False,Niedrig (0–0.33),1
47-2043.00,0.0390962211228722,0.0,0.0,0.0,3123,1,3123,Poliere und Vorarbeiter,3,26.807374822177003,28.775562191047857,7.341962358964843,False,Niedrig (0–0.33),1
47-2044.00,0.0,0.0,0.0,0.0,3123,1,3123,Poliere und Vorarbeiter,3,26.807374822177003,28.775562191047857,7.341962358964843,False,Niedrig (0–0.33),1
47-2051.00,0.0,0.0,0.0,0.0,3123,1,3123,Poliere und Vorarbeiter,3,26.807374822177003,28.775562191047857,7.341962358964843,False,Niedrig (0–0.33),1
47-2081.00,0.0,0.0,0.0,0.0,3123,1,3123,Poliere und Vorarbeiter,3,26.807374822177003,28.775562191047857,7.341962358964843,False,Niedrig (0–0.33),1
47-2082.00,0.0,0.0,0.0,0.0,3123,1,3123,Poliere und Vorarbeiter,3,26.807374822177003,28.775562191047857,7.341962358964843,False,Niedrig (0–0.33),1
47-3013.00,0.1921017110358516,0.0,0.0,0.0,3113,1,3113,Elektrotechniker,3,8.859283643801998,8.999331098083685,1.5807988536371664,False,Niedrig (0–0.33),1
47-4011.01,0.3431201920374647,0.0,0.0,0.0,3112,1,3112,Bauführer und Bautechniker,3,38.516833221537,38.94519300831815,1.1121365671922114,False,Niedrig (0–0.33),0
47-4041.00,0.0,0.0,0.0,0.0,3132,1,3132,Steuerer von Verbrennungs- und Wasserbehandlungsanlagen,3,2.789748750421,2.47336977675214,-11.340769437431074,False,Niedrig (0–0.33),1
47-4051.00,0.0,0.0,0.0,0.0,3112,1,3112,Bauführer und Bautechniker,3,38.516833221537,38.94519300831815,1.1121365671922114,False,Niedrig (0–0.33),1
47-4061.00,0.0,0.0,0.0,0.0,3112,1,3112,Bauführer und Bautechniker,3,38.516833221537,38.94519300831815,1.1121365671922114,False,Niedrig (0–0.33),1
47-5011.00,0.0,0.0,0.0,0.0,2146,1,2146,"Bergbauingenieure, Metallurgen und verwandte Berufe",2,,,,,Niedrig (0–0.33),1
47-5012.00,0.0,0.0,0.0,0.0,2146,1,2146,"Bergbauingenieure, Metallurgen und verwandte Berufe",2,,,,,Niedrig (0–0.33),1
47-5022.00,0.0,0.0,0.0,0.0,3121,1,3121,Produktionsleiter im Bergbau,3,,,,,Niedrig (0–0.33),1
47-5023.00,0.0,0.0,0.0,0.0,2146,1,2146,"Bergbauingenieure, Metallurgen und verwandte Berufe",2,,,,,Niedrig (0–0.33),1
47-5032.00,0.0502228470554862,0.0,0.0,0.0,2146,1,2146,"Bergbauingenieure, Metallurgen und verwandte Berufe",2,,,,,Niedrig (0–0.33),0
47-5041.00,0.0,0.0,0.0,0.0,3121,1,3121,Produktionsleiter im Bergbau,3,,,,,Niedrig (0–0.33),1
47-5043.00,0.0,0.0,0.0,0.0,3121,1,3121,Produktionsleiter im Bergbau,3,,,,,Niedrig (0–0.33),1
47-5044.00,0.0,0.0,0.0,0.0,3121,1,3121,Produktionsleiter im Bergbau,3,,,,,Niedrig (0–0.33),1
47-5071.00,0.0,0.0,0.0,0.0,2146,1,2146,"Bergbauingenieure, Metallurgen und verwandte Berufe",2,,,,,Niedrig (0–0.33),1
49-1011.00,0.0,0.0,0.0,0.0,3123,1,3123,Poliere und Vorarbeiter,3,26.807374822177003,28.775562191047857,7.341962358964843,False,Niedrig (0–0.33),0
49-2011.00,0.0,0.0,0.0,0.0,3512,1,3512,Techniker für die Anwenderbetreuung in der Informations- und Kommunikationstechnologie,3,13.888323471840003,14.047835770181605,1.1485353049634035,False,Niedrig (0–0.33),1
49-2022.00,0.1201531009378256,0.0,0.0,0.0,2153,1,2153,Ingenieure im Bereich Telekommunikationstechnik,2,1.651368126398,1.1481756527764473,-30.471247784049645,True,Niedrig (0–0.33),1
49-2091.00,0.1892797671092633,0.0,0.0,0.0,2149,1,2149,"Ingenieure, anderweitig nicht genannt",2,5.215934733249,4.863642360752166,-6.754156071991167,False,Niedrig (0–0.33),1
49-2092.00,0.1111422391910577,0.0,0.0,0.0,3113,1,3113,Elektrotechniker,3,8.859283643801998,8.999331098083685,1.5807988536371664,False,Niedrig (0–0.33),1
49-2096.00,0.1722594513259268,0.0,0.0,0.0,3114,1,3114,Techniker im Bereich Elektronik,3,1.366058589767,1.7857538578456174,30.723079611849,False,Niedrig (0–0.33),1
49-2097.00,0.1294224803057323,0.0,0.0,0.0,3521,1,3521,Techniker für Rundfunk und audiovisuelle Medien,3,6.346659251749999,5.69390974380046,-10.284930733748665,False,Niedrig (0–0.33),1
49-2098.00,0.1138999229613235,0.0,0.0,0.0,3112,1,3112,Bauführer und Bautechniker,3,38.516833221537,38.94519300831815,1.1121365671922114,False,Niedrig (0–0.33),1
49-3031.00,0.2487765089150088,0.0,0.0,0.0,3115,1,3115,"Maschinenbautechniker, Techniker im Bereich Systemtechnik, Automation und Unternehmensprozesse",3,11.019605854272998,11.97433846910366,8.663945221420533,False,Niedrig (0–0.33),1
49-3043.00,0.0,0.0,0.0,0.0,3115,1,3115,"Maschinenbautechniker, Techniker im Bereich Systemtechnik, Automation und Unternehmensprozesse",3,11.019605854272998,11.97433846910366,8.663945221420533,False,Niedrig (0–0.33),1
49-9021.00,0.0173270929182995,0.0,0.0,0.0,3115,1,3115,"Maschinenbautechniker, Techniker im Bereich Systemtechnik, Automation und Unternehmensprozesse",3,11.019605854272998,11.97433846910366,8.663945221420533,False,Niedrig (0–0.33),1
49-9041.00,0.1097468086767799,0.0,0.0,0.0,3114,1,3114,Techniker im Bereich Elektronik,3,1.366058589767,1.7857538578456174,30.723079611849,False,Niedrig (0–0.33),1
49-9043.00,0.0539901539273477,0.0,0.0,0.0,3114,1,3114,Techniker im Bereich Elektronik,3,1.366058589767,1.7857538578456174,30.723079611849,False,Niedrig (0–0.33),1
49-9045.00,0.0,0.0,0.0,0.0,2651,1,2651,Bildende Künstler,2,4.121146544095,3.179859830652326,-22.840408691396814,False,Niedrig (0–0.33),1
49-9051.00,0.0,0.0,0.0,0.0,3131,1,3131,Steuerer von Energieerzeugungsanlagen,3,0.7010095428119999,0.6287862815912058,-10.302750078277226,False,Niedrig (0–0.33),1
49-9061.00,0.1712808179600356,0.0,0.0,0.0,3254,1,3254,Augenoptiker,3,5.256679593504,4.6672842424727,-11.212312649978736,False,Niedrig (0–0.33),1
49-9062.00,0.159149648256225,0.0,0.0,0.0,3214,1,3214,Medizinische und zahnmedizinische Prothetiktechniker,3,4.551515015314,4.129304585486128,-9.276261385655218,False,Niedrig (0–0.33),1
49-9064.00,0.1555217289951069,0.0,0.0,0.0,3111,1,3111,Chemo- und Physikotechniker,3,8.995486047674996,8.365162717972387,-7.007106968561465,False,Niedrig (0–0.33),1
49-9071.00,0.1069574669923188,0.0,0.0,0.0,2621,1,2621,Archiv- und Museumswissenschaftler,2,2.5007701291260007,3.436134062024667,37.40303524920816,False,Niedrig (0–0.33),1
49-9081.00,0.2155667831594418,0.0,0.0,0.0,3131,1,3131,Steuerer von Energieerzeugungsanlagen,3,0.7010095428119999,0.6287862815912058,-10.302750078277226,False,Niedrig (0–0.33),1
49-9092.00,0.0,0.0,0.0,0.0,3112,1,3112,Bauführer und Bautechniker,3,38.516833221537,38.94519300831815,1.1121365671922114,False,Niedrig (0–0.33),1
49-9094.00,0.2226828814623564,0.0,0.0,0.0,2144,1,2144,"Maschinenbau- , Mechatronik- und Systemtechnikingenieure",2,9.728896910697,10.551287836634446,8.453074726624155,False,Niedrig (0–0.33),1
49-9099.01,0.1017069334224049,0.0,0.0,0.0,3131,1,3131,Steuerer von Energieerzeugungsanlagen,3,0.7010095428119999,0.6287862815912058,-10.302750078277226,False,Niedrig (0–0.33),1
51-1011.00,0.0,0.0,0.0,0.0,3122,1,3122,Produktionsleiter bei der Herstellung von Waren,3,22.165944935432,22.01258882965041,-0.6918545824610831,False,Niedrig (0–0.33),0
51-2011.00,0.179114698053537,0.0,0.0,0.0,3115,1,3115,"Maschinenbautechniker, Techniker im Bereich Systemtechnik, Automation und Unternehmensprozesse",3,11.019605854272998,11.97433846910366,8.663945221420533,False,Niedrig (0–0.33),1
51-2023.00,0.21363855056688,0.0,0.0,0.0,3113,1,3113,Elektrotechniker,3,8.859283643801998,8.999331098083685,1.5807988536371664,False,Niedrig (0–0.33),1
51-2041.00,0.1624446620596965,0.0,0.0,0.0,3123,1,3123,Poliere und Vorarbeiter,3,26.807374822177003,28.775562191047857,7.341962358964843,False,Niedrig (0–0.33),1
51-2061.00,0.0,0.0,0.0,0.0,3113,1,3113,Elektrotechniker,3,8.859283643801998,8.999331098083685,1.5807988536371664,False,Niedrig (0–0.33),1
51-2092.00,0.0511359369364948,0.0,0.0,0.0,3139,1,3139,"Techniker in der Prozesssteuerung, anderweitig nicht genannt",3,0.128551448903,0.1816310917545514,41.290583112449646,True,Niedrig (0–0.33),1
51-4041.00,0.1172128819078499,0.0,0.0,0.0,2514,1,2514,Anwendungsprogrammierer,2,12.634662618871998,13.834326672812937,9.495022464225034,False,Niedrig (0–0.33),1
51-4051.00,0.0,0.0,0.0,0.0,3135,1,3135,Steuerer von Verfahren in der Metallerzeugung,3,,,,,Niedrig (0–0.33),1
51-4061.00,0.2608762012020868,0.0,0.0,0.0,2163,1,2163,Produkt- und Textildesigner,2,5.2040786091180005,5.261666339767753,1.106588408346758,False,Niedrig (0–0.33),1
51-4062.00,0.1541443482379283,0.0,0.0,0.0,2163,1,2163,Produkt- und Textildesigner,2,5.2040786091180005,5.261666339767753,1.106588408346758,False,Niedrig (0–0.33),1
51-4191.00,0.0294472022261732,0.0,0.0,0.0,3135,1,3135,Steuerer von Verfahren in der Metallerzeugung,3,,,,,Niedrig (0–0.33),1
51-6041.00,0.0,0.0,0.0,0.0,3119,1,3119,"Material- und ingenieurtechnische Fachkräfte, anderweitig nicht genannt",3,18.554461015303,18.856387509419907,1.62724475730064,False,Niedrig (0–0.33),1
51-6052.00,0.0,0.0,0.0,0.0,2163,1,2163,Produkt- und Textildesigner,2,5.2040786091180005,5.261666339767753,1.106588408346758,False,Niedrig (0–0.33),1
51-6061.00,0.0612323272659579,0.0,0.0,0.0,2113,1,2113,Chemiker,2,3.974386962397,2.954676445313163,-25.65705168449016,False,Niedrig (0–0.33),1
51-6092.00,0.2524830911343189,0.0,0.0,0.0,2163,1,2163,Produkt- und Textildesigner,2,5.2040786091180005,5.261666339767753,1.106588408346758,False,Niedrig (0–0.33),1
51-8011.00,0.1273706676534328,0.0,0.0,0.0,3131,1,3131,Steuerer von Energieerzeugungsanlagen,3,0.7010095428119999,0.6287862815912058,-10.302750078277226,False,Niedrig (0–0.33),0
51-8012.00,0.2507661390185574,0.0,0.0,0.0,3131,1,3131,Steuerer von Energieerzeugungsanlagen,3,0.7010095428119999,0.6287862815912058,-10.302750078277226,False,Niedrig (0–0.33),0
51-8013.03,0.1088336097794484,0.0,0.0,0.0,3131,1,3131,Steuerer von Energieerzeugungsanlagen,3,0.7010095428119999,0.6287862815912058,-10.302750078277226,False,Niedrig (0–0.33),1
51-8013.04,0.2302566035035809,0.0,0.0,0.0,3113,1,3113,Elektrotechniker,3,8.859283643801998,8.999331098083685,1.5807988536371664,False,Niedrig (0–0.33),1
51-8021.00,0.1175579226902231,0.0,0.0,0.0,2144,1,2144,"Maschinenbau- , Mechatronik- und Systemtechnikingenieure",2,9.728896910697,10.551287836634446,8.453074726624155,False,Niedrig (0–0.33),1
51-8031.00,0.1911699825759348,0.0,0.0,0.0,3132,1,3132,Steuerer von Verbrennungs- und Wasserbehandlungsanlagen,3,2.789748750421,2.47336977675214,-11.340769437431074,False,Niedrig (0–0.33),1
51-8091.00,0.0823068686064322,0.0,0.0,0.0,3133,1,3133,Steuerer von chemischen Verfahrensanlagen,3,,,,,Niedrig (0–0.33),1
51-8093.00,0.0493924067277113,0.0,0.0,0.0,3134,1,3134,Steuerer von Erdöl- und Erdgasraffinationsanlagen,3,,,,,Niedrig (0–0.33),1
51-9011.00,0.2418493807222579,0.0,0.0,0.0,3133,1,3133,Steuerer von chemischen Verfahrensanlagen,3,,,,,Niedrig (0–0.33),1
51-9012.00,0.0,0.0,0.0,0.0,3139,1,3139,"Techniker in der Prozesssteuerung, anderweitig nicht genannt",3,0.128551448903,0.1816310917545514,41.290583112449646,True,Niedrig (0–0.33),1
51-9071.00,0.1469687074358755,0.0,0.0,0.0,2163,1,2163,Produkt- und Textildesigner,2,5.2040786091180005,5.261666339767753,1.106588408346758,False,Niedrig (0–0.33),1
51-9081.00,0.0896591543980173,0.0,0.0,0.0,3214,1,3214,Medizinische und zahnmedizinische Prothetiktechniker,3,4.551515015314,4.129304585486128,-9.276261385655218,False,Niedrig (0–0.33),1
51-9082.00,0.0,0.0,0.0,0.0,3214,1,3214,Medizinische und zahnmedizinische Prothetiktechniker,3,4.551515015314,4.129304585486128,-9.276261385655218,False,Niedrig (0–0.33),1
51-9083.00,0.0531574551696004,0.0,0.0,0.0,3254,1,3254,Augenoptiker,3,5.256679593504,4.6672842424727,-11.212312649978736,False,Niedrig (0–0.33),1
51-9141.00,0.1177767779754841,0.0,0.0,0.0,3114,1,3114,Techniker im Bereich Elektronik,3,1.366058589767,1.7857538578456174,30.723079611849,False,Niedrig (0–0.33),1
51-9151.00,0.0,0.0,0.0,0.0,3431,1,3431,Fotografen,3,4.343179196358999,4.982288119396316,14.71523264739106,False,Niedrig (0–0.33),1
51-9162.00,0.4389074507457499,0.0,0.0,0.0,2144,1,2144,"Maschinenbau- , Mechatronik- und Systemtechnikingenieure",2,9.728896910697,10.551287836634446,8.453074726624155,False,Niedrig (0–0.33),1
51-9194.00,0.109212920848049,0.0,0.0,0.0,2651,1,2651,Bildende Künstler,2,4.121146544095,3.179859830652326,-22.840408691396814,False,Niedrig (0–0.33),1
51-9195.00,0.0066150614231447,0.0,0.0,0.0,2651,1,2651,Bildende Künstler,2,4.121146544095,3.179859830652326,-22.840408691396814,False,Niedrig (0–0.33),1
51-9195.03,0.2405980948285861,0.0,0.0,0.0,2651,1,2651,Bildende Künstler,2,4.121146544095,3.179859830652326,-22.840408691396814,False,Niedrig (0–0.33),1
51-9195.04,0.0893715604389827,0.0,0.0,0.0,2651,1,2651,Bildende Künstler,2,4.121146544095,3.179859830652326,-22.840408691396814,False,Niedrig (0–0.33),1
51-9195.05,0.0072769707039473,0.0,0.0,0.0,2651,1,2651,Bildende Künstler,2,4.121146544095,3.179859830652326,-22.840408691396814,False,Niedrig (0–0.33),1
53-1041.00,0.0152250837038613,0.0,0.0,0.0,3153,1,3153,Flugzeugpiloten und verwandte Berufe,3,3.3559243445070006,3.462788172086736,3.1843336323910574,False,Niedrig (0–0.33),0
53-1042.00,0.0,0.0,0.0,0.0,3123,1,3123,Poliere und Vorarbeiter,3,26.807374822177003,28.775562191047857,7.341962358964843,False,Niedrig (0–0.33),0
53-1042.01,0.0015670153569039,0.0,0.0,0.0,2143,1,2143,Umweltschutzingenieure,2,1.509607549755,1.708519801270991,13.176421351911834,False,Niedrig (0–0.33),0
53-1043.00,0.0215722327216218,0.0,0.0,0.0,3122,1,3122,Produktionsleiter bei der Herstellung von Waren,3,22.165944935432,22.01258882965041,-0.6918545824610831,False,Niedrig (0–0.33),0
53-2011.00,0.0530664249961816,0.0,0.0,0.0,3153,1,3153,Flugzeugpiloten und verwandte Berufe,3,3.3559243445070006,3.462788172086736,3.1843336323910574,False,Niedrig (0–0.33),0
53-2012.00,0.1106349399081147,0.0,0.0,0.0,3153,1,3153,Flugzeugpiloten und verwandte Berufe,3,3.3559243445070006,3.462788172086736,3.1843336323910574,False,Niedrig (0–0.33),0
53-2021.00,0.0651754014827896,0.0,0.0,0.0,3154,1,3154,Flugverkehrslotsen,3,1.401805752024,2.4939146075629024,77.90728879247777,True,Niedrig (0–0.33),0
53-2022.00,0.0770517801909687,0.0,0.0,0.0,3154,1,3154,Flugverkehrslotsen,3,1.401805752024,2.4939146075629024,77.90728879247777,True,Niedrig (0–0.33),0
53-3011.00,0.0111100203694012,0.0,0.0,0.0,3258,1,3258,Rettungsdienstpersonal,3,4.050694959712999,4.564136736665777,12.675399704478275,False,Niedrig (0–0.33),1
53-4011.00,0.0518072321942417,0.0,0.0,0.0,3115,1,3115,"Maschinenbautechniker, Techniker im Bereich Systemtechnik, Automation und Unternehmensprozesse",3,11.019605854272998,11.97433846910366,8.663945221420533,False,Niedrig (0–0.33),1
53-4022.00,0.0,0.0,0.0,0.0,3112,1,3112,Bauführer und Bautechniker,3,38.516833221537,38.94519300831815,1.1121365671922114,False,Niedrig (0–0.33),1
53-5011.00,0.0,0.0,0.0,0.0,3152,1,3152,"Schiffsführer, nautische Schiffsoffiziere und Schiffslotsen",3,0.5563350887370001,0.6344814656460332,14.04663816665639,False,Niedrig (0–0.33),1
53-5021.00,0.0,0.0,0.0,0.0,3152,1,3152,"Schiffsführer, nautische Schiffsoffiziere und Schiffslotsen",3,0.5563350887370001,0.6344814656460332,14.04663816665639,False,Niedrig (0–0.33),1
53-5022.00,0.0,0.0,0.0,0.0,3152,1,3152,"Schiffsführer, nautische Schiffsoffiziere und Schiffslotsen",3,0.5563350887370001,0.6344814656460332,14.04663816665639,False,Niedrig (0–0.33),1
53-5031.00,0.1068906698906061,0.0,0.0,0.0,3151,1,3151,Technische Schiffsoffiziere,3,,,,,Niedrig (0–0.33),1
53-6011.00,0.0,0.0,0.0,0.0,3123,1,3123,Poliere und Vorarbeiter,3,26.807374822177003,28.775562191047857,7.341962358964843,False,Niedrig (0–0.33),1
53-6041.00,0.279408731722436,0.0,0.0,0.0,3112,1,3112,Bauführer und Bautechniker,3,38.516833221537,38.94519300831815,1.1121365671922114,False,Niedrig (0–0.33),0
53-6051.00,0.1823221075102711,0.0,0.0,0.0,3359,1,3359,"Fachkräfte in der öffentlichen Verwaltung, anderweitig nicht genannt",3,1.1952449879130005,0.8915400349132869,-25.409431210417218,False,Niedrig (0–0.33),1
53-6051.01,0.2170109382540384,0.0,0.0,0.0,3154,1,3154,Flugverkehrslotsen,3,1.401805752024,2.4939146075629024,77.90728879247777,True,Niedrig (0–0.33),0
53-6051.07,0.0,0.0,0.0,0.0,3115,1,3115,"Maschinenbautechniker, Techniker im Bereich Systemtechnik, Automation und Unternehmensprozesse",3,11.019605854272998,11.97433846910366,8.663945221420533,False,Niedrig (0–0.33),1
53-7072.00,0.1204880586167156,0.0,0.0,0.0,3133,1,3133,Steuerer von chemischen Verfahrensanlagen,3,,,,,Niedrig (0–0.33),1
53-7073.00,0.1603451332678208,0.0,0.0,0.0,3134,1,3134,Steuerer von Erdöl- und Erdgasraffinationsanlagen,3,,,,,Niedrig (0–0.33),1
53-7121.00,0.1457820787948002,0.0,0.0,0.0,3133,1,3133,Steuerer von chemischen Verfahrensanlagen,3,,,,,Niedrig (0–0.33),1
