ch_isco_4digit,year,quarter,count_ads
1112,2020,1,610.33
1112,2020,2,516.58
1112,2020,3,572.0
1112,2020,4,595.42
1112,2021,1,610.92
1112,2021,2,648.93
1112,2021,3,657.82
1112,2021,4,735.03
1112,2022,1,841.95
1112,2022,2,831.37
1112,2022,3,853.67
1112,2022,4,952.92
1112,2023,1,983.17
1112,2023,2,836.42
1112,2023,3,820.92
1112,2023,4,855.83
1112,2024,1,821.92
1112,2024,2,789.42
1112,2024,3,719.95
1112,2024,4,773.44
1112,2025,1,751.04
1112,2025,2,682.5
1112,2025,3,716.04
1112,2025,4,807.0
1120,2020,1,1530.5
1120,2020,2,1183.33
1120,2020,3,1245.42
1120,2020,4,1216.92
1120,2021,1,1341.0
1120,2021,2,1361.85
1120,2021,3,1555.42
1120,2021,4,1693.0
1120,2022,1,1813.28
1120,2022,2,1936.48
1120,2022,3,1706.87
1120,2022,4,1671.12
1120,2023,1,1819.45
1120,2023,2,1698.62
1120,2023,3,1668.95
1120,2023,4,1563.95
1120,2024,1,1545.75
1120,2024,2,1461.83
1120,2024,3,1414.87
1120,2024,4,1487.11
1120,2025,1,1555.32
1120,2025,2,1509.16
1120,2025,3,1468.24
1120,2025,4,1590.43
1200,2020,1,180.5
1200,2020,2,123.0
1200,2020,3,138.92
1200,2020,4,168.92
1200,2021,1,170.42
1200,2021,2,165.67
1200,2021,3,182.67
1200,2021,4,225.83
1200,2022,1,246.17
1200,2022,2,269.67
1200,2022,3,246.0
1200,2022,4,248.25
1200,2023,1,245.33
1200,2023,2,239.0
1200,2023,3,236.17
1200,2023,4,205.83
1200,2024,1,232.2
1200,2024,2,233.67
1200,2024,3,192.17
1200,2024,4,184.83
1200,2025,1,199.92
1200,2025,2,170.33
1200,2025,3,167.67
1200,2025,4,149.0
1210,2020,1,152.17
1210,2020,2,111.0
1210,2020,3,119.0
1210,2020,4,185.33
1210,2021,1,201.33
1210,2021,2,216.67
1210,2021,3,196.5
1210,2021,4,266.17
1210,2022,1,300.33
1210,2022,2,307.17
1210,2022,3,289.33
1210,2022,4,233.33
1210,2023,1,300.0
1210,2023,2,232.33
1210,2023,3,234.17
1210,2023,4,184.58
1210,2024,1,187.58
1210,2024,2,208.75
1210,2024,3,190.33
1210,2024,4,172.17
1210,2025,1,191.17
1210,2025,2,188.42
1210,2025,3,182.5
1210,2025,4,187.33
1211,2020,1,294.84
1211,2020,2,267.17
1211,2020,3,293.17
1211,2020,4,268.83
1211,2021,1,299.01
1211,2021,2,359.55
1211,2021,3,328.38
1211,2021,4,339.14
1211,2022,1,405.88
1211,2022,2,442.83
1211,2022,3,392.21
1211,2022,4,427.88
1211,2023,1,478.88
1211,2023,2,433.21
1211,2023,3,402.38
1211,2023,4,379.3
1211,2024,1,383.63
1211,2024,2,342.5
1211,2024,3,373.17
1211,2024,4,356.83
1211,2025,1,341.67
1211,2025,2,349.83
1211,2025,3,319.92
1211,2025,4,296.33
1212,2020,1,290.0
1212,2020,2,235.17
1212,2020,3,187.75
1212,2020,4,242.92
1212,2021,1,265.25
1212,2021,2,282.17
1212,2021,3,300.67
1212,2021,4,344.03
1212,2022,1,372.62
1212,2022,2,373.28
1212,2022,3,435.23
1212,2022,4,460.53
1212,2023,1,460.25
1212,2023,2,426.25
1212,2023,3,344.83
1212,2023,4,333.83
1212,2024,1,392.42
1212,2024,2,334.92
1212,2024,3,267.75
1212,2024,4,294.83
1212,2025,1,334.67
1212,2025,2,319.17
1212,2025,3,296.33
1212,2025,4,320.08
1213,2020,1,1190.67
1213,2020,2,805.17
1213,2020,3,813.5
1213,2020,4,855.17
1213,2021,1,1036.75
1213,2021,2,1125.87
1213,2021,3,1289.42
1213,2021,4,1448.5
1213,2022,1,1647.67
1213,2022,2,1595.95
1213,2022,3,1541.57
1213,2022,4,1510.45
1213,2023,1,1540.28
1213,2023,2,1181.45
1213,2023,3,1022.62
1213,2023,4,955.95
1213,2024,1,940.42
1213,2024,2,879.0
1213,2024,3,848.75
1213,2024,4,791.07
1213,2025,1,782.42
1213,2025,2,760.83
1213,2025,3,767.87
1213,2025,4,752.42
1219,2020,1,6637.78
1219,2020,2,5112.05
1219,2020,3,5017.85
1219,2020,4,5485.37
1219,2021,1,6158.02
1219,2021,2,7101.34
1219,2021,3,7610.19
1219,2021,4,8363.28
1219,2022,1,9109.0
1219,2022,2,9330.16
1219,2022,3,8976.77
1219,2022,4,9015.87
1219,2023,1,9661.32
1219,2023,2,8516.19
1219,2023,3,7884.96
1219,2023,4,7760.66
1219,2024,1,7806.79
1219,2024,2,7598.02
1219,2024,3,7321.88
1219,2024,4,7273.79
1219,2025,1,7217.82
1219,2025,2,6925.01
1219,2025,3,6556.15
1219,2025,4,6579.48
1221,2020,1,1172.44
1221,2020,2,828.44
1221,2020,3,871.67
1221,2020,4,954.42
1221,2021,1,1063.77
1221,2021,2,1161.48
1221,2021,3,1204.14
1221,2021,4,1378.5
1221,2022,1,1474.48
1221,2022,2,1471.58
1221,2022,3,1582.22
1221,2022,4,1409.64
1221,2023,1,1459.89
1221,2023,2,1290.1499999999999
1221,2023,3,1185.1499999999999
1221,2023,4,1173.3999999999999
1221,2024,1,1215.98
1221,2024,2,1129.17
1221,2024,3,1118.3400000000001
1221,2024,4,1062.17
1221,2025,1,1040.0
1221,2025,2,998.99
1221,2025,3,1032.25
1221,2025,4,1067.58
1222,2020,1,129.42
1222,2020,2,89.59
1222,2020,3,95.17
1222,2020,4,116.5
1222,2021,1,120.09
1222,2021,2,110.88
1222,2021,3,100.96
1222,2021,4,150.22
1222,2022,1,170.88
1222,2022,2,196.83
1222,2022,3,173.21
1222,2022,4,178.88
1222,2023,1,190.88
1222,2023,2,182.05
1222,2023,3,162.38
1222,2023,4,119.55
1222,2024,1,139.55
1222,2024,2,140.83
1222,2024,3,112.0
1222,2024,4,103.17
1222,2025,1,114.5
1222,2025,2,117.0
1222,2025,3,104.83
1222,2025,4,83.33
1223,2020,1,254.67
1223,2020,2,151.83
1223,2020,3,189.83
1223,2020,4,196.67
1223,2021,1,250.5
1223,2021,2,269.33
1223,2021,3,259.75
1223,2021,4,289.58
1223,2022,1,276.17
1223,2022,2,258.5
1223,2022,3,271.92
1223,2022,4,271.5
1223,2023,1,285.67
1223,2023,2,264.7
1223,2023,3,207.2
1223,2023,4,205.17
1223,2024,1,220.33
1223,2024,2,204.33
1223,2024,3,161.08
1223,2024,4,166.08
1223,2025,1,210.45
1223,2025,2,191.87
1223,2025,3,180.78
1223,2025,4,188.33
1321,2020,1,399.26
1321,2020,2,344.92
1321,2020,3,379.42
1321,2020,4,383.58
1321,2021,1,429.26
1321,2021,2,463.8
1321,2021,3,467.55
1321,2021,4,502.97
1321,2022,1,549.05
1321,2022,2,566.83
1321,2022,3,520.55
1321,2022,4,573.05
1321,2023,1,524.88
1321,2023,2,501.96
1321,2023,3,512.13
1321,2023,4,507.38
1321,2024,1,459.13
1321,2024,2,449.17
1321,2024,3,432.75
1321,2024,4,414.83
1321,2025,1,442.73
1321,2025,2,465.28
1321,2025,3,419.87
1321,2025,4,408.33
1323,2020,1,188.0
1323,2020,2,178.33
1323,2020,3,162.83
1323,2020,4,191.83
1323,2021,1,195.83
1323,2021,2,186.0
1323,2021,3,198.0
1323,2021,4,195.0
1323,2022,1,207.5
1323,2022,2,210.83
1323,2022,3,256.0
1323,2022,4,234.5
1323,2023,1,261.5
1323,2023,2,223.5
1323,2023,3,223.0
1323,2023,4,237.5
1323,2024,1,264.0
1323,2024,2,248.5
1323,2024,3,250.5
1323,2024,4,271.17
1323,2025,1,263.17
1323,2025,2,292.17
1323,2025,3,287.67
1323,2025,4,271.5
1324,2020,1,437.02
1324,2020,2,297.52
1324,2020,3,299.83
1324,2020,4,321.0
1324,2021,1,375.27
1324,2021,2,427.59
1324,2021,3,462.92
1324,2021,4,512.77
1324,2022,1,562.76
1324,2022,2,569.75
1324,2022,3,594.84
1324,2022,4,553.92
1324,2023,1,556.59
1324,2023,2,514.76
1324,2023,3,489.42
1324,2023,4,443.42
1324,2024,1,441.26
1324,2024,2,421.83
1324,2024,3,374.67
1324,2024,4,398.83
1324,2025,1,445.0
1324,2025,2,439.78
1324,2025,3,388.83
1324,2025,4,365.28
1330,2020,1,1211.08
1330,2020,2,912.5
1330,2020,3,908.08
1330,2020,4,1092.58
1330,2021,1,1309.33
1330,2021,2,1596.17
1330,2021,3,1657.0
1330,2021,4,1701.67
1330,2022,1,2285.5
1330,2022,2,2416.83
1330,2022,3,2328.25
1330,2022,4,2253.33
1330,2023,1,2459.42
1330,2023,2,1209.12
1330,2023,3,1005.87
1330,2023,4,977.33
1330,2024,1,999.33
1330,2024,2,849.67
1330,2024,3,750.08
1330,2024,4,748.75
1330,2025,1,812.62
1330,2025,2,725.75
1330,2025,3,702.12
1330,2025,4,687.17
1341,2020,1,55.83
1341,2020,2,72.5
1341,2020,3,61.5
1341,2020,4,58.83
1341,2021,1,61.33
1341,2021,2,86.0
1341,2021,3,79.0
1341,2021,4,91.0
1341,2022,1,108.17
1341,2022,2,109.0
1341,2022,3,70.67
1341,2022,4,87.17
1341,2023,1,101.67
1341,2023,2,108.17
1341,2023,3,86.17
1341,2023,4,79.5
1341,2024,1,85.67
1341,2024,2,86.0
1341,2024,3,88.17
1341,2024,4,79.83
1341,2025,1,77.67
1341,2025,2,56.5
1341,2025,3,57.5
1341,2025,4,48.33
1342,2020,1,475.35
1342,2020,2,448.43
1342,2020,3,410.25
1342,2020,4,437.17
1342,2021,1,478.1
1342,2021,2,478.34
1342,2021,3,583.51
1342,2021,4,560.77
1342,2022,1,565.59
1342,2022,2,570.25
1342,2022,3,575.29
1342,2022,4,558.26
1342,2023,1,559.01
1342,2023,2,541.76
1342,2023,3,489.01
1342,2023,4,503.79
1342,2024,1,503.67
1342,2024,2,463.67
1342,2024,3,448.33
1342,2024,4,441.25
1342,2025,1,513.17
1342,2025,2,478.2
1342,2025,3,455.33
1342,2025,4,463.75
1345,2020,1,271.33
1345,2020,2,145.0
1345,2020,3,140.83
1345,2020,4,236.17
1345,2021,1,294.67
1345,2021,2,183.33
1345,2021,3,133.67
1345,2021,4,229.25
1345,2022,1,296.25
1345,2022,2,245.0
1345,2022,3,227.58
1345,2022,4,329.75
1345,2023,1,397.0
1345,2023,2,333.87
1345,2023,3,266.7
1345,2023,4,340.83
1345,2024,1,382.33
1345,2024,2,277.25
1345,2024,3,232.92
1345,2024,4,325.17
1345,2025,1,398.67
1345,2025,2,297.7
1345,2025,3,186.83
1345,2025,4,271.83
1346,2020,1,155.17
1346,2020,2,105.33
1346,2020,3,103.33
1346,2020,4,140.33
1346,2021,1,127.0
1346,2021,2,161.5
1346,2021,3,192.67
1346,2021,4,178.0
1346,2022,1,210.5
1346,2022,2,259.33000000000004
1346,2022,3,246.33
1346,2022,4,212.0
1346,2023,1,232.83
1346,2023,2,238.5
1346,2023,3,256.0
1346,2023,4,231.0
1346,2024,1,208.0
1346,2024,2,217.0
1346,2024,3,202.83
1346,2024,4,211.33
1346,2025,1,212.5
1346,2025,2,242.75
1346,2025,3,235.83
1346,2025,4,201.83
1349,2020,1,397.27
1349,2020,2,264.27
1349,2020,3,278.33
1349,2020,4,284.25
1349,2021,1,310.11
1349,2021,2,283.47
1349,2021,3,339.22
1349,2021,4,316.24
1349,2022,1,390.39
1349,2022,2,446.08
1349,2022,3,432.42
1349,2022,4,405.09
1349,2023,1,448.92
1349,2023,2,363.42
1349,2023,3,333.39
1349,2023,4,346.39
1349,2024,1,336.72
1349,2024,2,321.42
1349,2024,3,313.0
1349,2024,4,302.25
1349,2025,1,332.28
1349,2025,2,284.73
1349,2025,3,274.68
1349,2025,4,290.33
1400,2020,1,531.5
1400,2020,2,503.0
1400,2020,3,488.5
1400,2020,4,420.0
1400,2021,1,452.0
1400,2021,2,374.5
1400,2021,3,492.5
1400,2021,4,446.5
1400,2022,1,425.5
1400,2022,2,385.5
1400,2022,3,687.0
1400,2022,4,490.5
1400,2023,1,507.0
1400,2023,2,242.5
1400,2023,3,365.5
1400,2023,4,288.5
1400,2024,1,285.5
1400,2024,2,213.0
1400,2024,3,349.08
1400,2024,4,333.0
1400,2025,1,394.42
1400,2025,2,262.42
1400,2025,3,260.62
1400,2025,4,370.0
1412,2020,1,243.01
1412,2020,2,145.42
1412,2020,3,182.67
1412,2020,4,139.33
1412,2021,1,118.26
1412,2021,2,170.05
1412,2021,3,251.38
1412,2021,4,258.89
1412,2022,1,283.53
1412,2022,2,325.33
1412,2022,3,368.13
1412,2022,4,318.3
1412,2023,1,337.96
1412,2023,2,338.38
1412,2023,3,351.8
1412,2023,4,255.96
1412,2024,1,261.8
1412,2024,2,279.33
1412,2024,3,288.83
1412,2024,4,287.67
1412,2025,1,296.0
1412,2025,2,279.75
1412,2025,3,318.17
1412,2025,4,293.0
1420,2020,1,156.5
1420,2020,2,121.5
1420,2020,3,105.83
1420,2020,4,103.0
1420,2021,1,119.33
1420,2021,2,107.0
1420,2021,3,134.67
1420,2021,4,184.64
1420,2022,1,188.06
1420,2022,2,183.76
1420,2022,3,160.33
1420,2022,4,149.67
1420,2023,1,163.5
1420,2023,2,170.33
1420,2023,3,144.5
1420,2023,4,130.67
1420,2024,1,125.83
1420,2024,2,134.67
1420,2024,3,118.33
1420,2024,4,121.17
1420,2025,1,124.17
1420,2025,2,102.33
1420,2025,3,104.33
1420,2025,4,121.5
1439,2020,1,170.5
1439,2020,2,133.33
1439,2020,3,148.83
1439,2020,4,149.5
1439,2021,1,187.67
1439,2021,2,175.67
1439,2021,3,208.83
1439,2021,4,207.83
1439,2022,1,241.17
1439,2022,2,233.17
1439,2022,3,199.5
1439,2022,4,211.83
1439,2023,1,231.17
1439,2023,2,226.17
1439,2023,3,231.67
1439,2023,4,215.83
1439,2024,1,209.67
1439,2024,2,184.83
1439,2024,3,192.58
1439,2024,4,182.75
1439,2025,1,181.92
1439,2025,2,186.33
1439,2025,3,191.5
1439,2025,4,222.83
2000,2020,1,1387.5
2000,2020,2,1185.08
2000,2020,3,1225.33
2000,2020,4,1307.5
2000,2021,1,1399.95
2000,2021,2,1363.78
2000,2021,3,1322.33
2000,2021,4,1516.75
2000,2022,1,1690.33
2000,2022,2,1613.53
2000,2022,3,1556.0
2000,2022,4,1677.0
2000,2023,1,1669.5
2000,2023,2,1555.75
2000,2023,3,1344.67
2000,2023,4,1370.78
2000,2024,1,1391.87
2000,2024,2,1316.83
2000,2024,3,1197.0
2000,2024,4,1214.42
2000,2025,1,1264.52
2000,2025,2,1164.2
2000,2025,3,1034.37
2000,2025,4,1077.42
2111,2020,1,72.08
2111,2020,2,44.58
2111,2020,3,46.0
2111,2020,4,59.17
2111,2021,1,48.67
2111,2021,2,46.08
2111,2021,3,68.83
2111,2021,4,96.5
2111,2022,1,69.17
2111,2022,2,65.33
2111,2022,3,53.67
2111,2022,4,70.5
2111,2023,1,72.33
2111,2023,2,59.5
2111,2023,3,85.33
2111,2023,4,81.5
2111,2024,1,86.83
2111,2024,2,72.17
2111,2024,3,54.17
2111,2024,4,64.5
2111,2025,1,80.0
2111,2025,2,61.5
2111,2025,3,58.08
2111,2025,4,63.92
2113,2020,1,108.67
2113,2020,2,106.17
2113,2020,3,116.33
2113,2020,4,113.25
2113,2021,1,138.75
2113,2021,2,140.5
2113,2021,3,112.5
2113,2021,4,121.33
2113,2022,1,146.83
2113,2022,2,187.17
2113,2022,3,173.17
2113,2022,4,141.0
2113,2023,1,137.67
2113,2023,2,143.33
2113,2023,3,126.83
2113,2023,4,109.67
2113,2024,1,103.83
2113,2024,2,110.0
2113,2024,3,99.17
2113,2024,4,101.0
2113,2025,1,108.17
2113,2025,2,81.67
2113,2025,3,91.0
2113,2025,4,89.92
2120,2020,1,166.87
2120,2020,2,131.83
2120,2020,3,145.67
2120,2020,4,170.67
2120,2021,1,172.5
2120,2021,2,173.75
2120,2021,3,151.17
2120,2021,4,183.5
2120,2022,1,198.83
2120,2022,2,205.17
2120,2022,3,146.17
2120,2022,4,153.42
2120,2023,1,148.75
2120,2023,2,162.5
2120,2023,3,121.33
2120,2023,4,120.4
2120,2024,1,110.23
2120,2024,2,132.33
2120,2024,3,121.5
2120,2024,4,126.75
2120,2025,1,139.07
2120,2025,2,132.42
2120,2025,3,88.58
2120,2025,4,78.83
2130,2020,1,203.67
2130,2020,2,171.83
2130,2020,3,208.5
2130,2020,4,204.0
2130,2021,1,255.67
2130,2021,2,238.33
2130,2021,3,235.67
2130,2021,4,249.17
2130,2022,1,282.83
2130,2022,2,258.92
2130,2022,3,257.25
2130,2022,4,257.17
2130,2023,1,280.67
2130,2023,2,244.83
2130,2023,3,216.5
2130,2023,4,207.58
2130,2024,1,174.17
2130,2024,2,163.75
2130,2024,3,149.33
2130,2024,4,155.25
2130,2025,1,181.33
2130,2025,2,188.5
2130,2025,3,165.42
2130,2025,4,136.5
2131,2020,1,66.2
2131,2020,2,59.17
2131,2020,3,64.83
2131,2020,4,73.33
2131,2021,1,93.83
2131,2021,2,113.08
2131,2021,3,80.5
2131,2021,4,75.92
2131,2022,1,83.83
2131,2022,2,166.75
2131,2022,3,113.0
2131,2022,4,90.67
2131,2023,1,77.67
2131,2023,2,86.25
2131,2023,3,69.08
2131,2023,4,68.42
2131,2024,1,75.17
2131,2024,2,78.5
2131,2024,3,78.33
2131,2024,4,67.67
2131,2025,1,67.08
2131,2025,2,51.42
2131,2025,3,52.53
2131,2025,4,43.53
2141,2020,1,129.83
2141,2020,2,87.92
2141,2020,3,79.0
2141,2020,4,120.67
2141,2021,1,150.25
2141,2021,2,158.67
2141,2021,3,158.17
2141,2021,4,170.08
2141,2022,1,200.08
2141,2022,2,222.0
2141,2022,3,212.75
2141,2022,4,182.5
2141,2023,1,209.5
2141,2023,2,193.0
2141,2023,3,195.0
2141,2023,4,177.33
2141,2024,1,184.67
2141,2024,2,151.67
2141,2024,3,146.15
2141,2024,4,158.48
2141,2025,1,158.96
2141,2025,2,151.62
2141,2025,3,149.19
2141,2025,4,153.33
2142,2020,1,418.5
2142,2020,2,395.5
2142,2020,3,373.5
2142,2020,4,355.5
2142,2021,1,414.92
2142,2021,2,433.17
2142,2021,3,420.92
2142,2021,4,478.95
2142,2022,1,492.78
2142,2022,2,546.92
2142,2022,3,497.33
2142,2022,4,463.5
2142,2023,1,487.08
2142,2023,2,505.0
2142,2023,3,479.42
2142,2023,4,482.75
2142,2024,1,509.17
2142,2024,2,494.83
2142,2024,3,471.75
2142,2024,4,483.32
2142,2025,1,464.0
2142,2025,2,501.7
2142,2025,3,487.6
2142,2025,4,499.33
2143,2020,1,45.33
2143,2020,2,41.67
2143,2020,3,37.0
2143,2020,4,44.83
2143,2021,1,51.92
2143,2021,2,53.37
2143,2021,3,44.62
2143,2021,4,35.28
2143,2022,1,68.5
2143,2022,2,59.75
2143,2022,3,49.92
2143,2022,4,60.5
2143,2023,1,77.17
2143,2023,2,82.33
2143,2023,3,76.75
2143,2023,4,55.95
2143,2024,1,62.95
2143,2024,2,60.28
2143,2024,3,60.83
2143,2024,4,62.17
2143,2025,1,54.65
2143,2025,2,40.53
2143,2025,3,44.8
2143,2025,4,34.48
2144,2020,1,128.07999999999998
2144,2020,2,93.58
2144,2020,3,99.75
2144,2020,4,113.5
2144,2021,1,141.0
2144,2021,2,149.83
2144,2021,3,169.83
2144,2021,4,216.0
2144,2022,1,213.5
2144,2022,2,229.17
2144,2022,3,223.17
2144,2022,4,203.2
2144,2023,1,213.53
2144,2023,2,223.53
2144,2023,3,196.17
2144,2023,4,198.58
2144,2024,1,198.75
2144,2024,2,185.12
2144,2024,3,175.5
2144,2024,4,176.28
2144,2025,1,188.8
2144,2025,2,169.6
2144,2025,3,167.07999999999998
2144,2025,4,147.33
2149,2020,1,3356.73
2149,2020,2,2569.33
2149,2020,3,2493.72
2149,2020,4,2574.62
2149,2021,1,3160.03
2149,2021,2,3587.7
2149,2021,3,3884.84
2149,2021,4,4117.92
2149,2022,1,4595.27
2149,2022,2,4770.1
2149,2022,3,4566.27
2149,2022,4,4408.7
2149,2023,1,4683.67
2149,2023,2,4246.92
2149,2023,3,3979.2
2149,2023,4,3740.95
2149,2024,1,3736.92
2149,2024,2,3596.42
2149,2024,3,3317.46
2149,2024,4,3246.13
2149,2025,1,3306.27
2149,2025,2,3125.42
2149,2025,3,2996.97
2149,2025,4,3005.67
2151,2020,1,190.5
2151,2020,2,166.33
2151,2020,3,144.33
2151,2020,4,137.0
2151,2021,1,197.17
2151,2021,2,164.0
2151,2021,3,211.5
2151,2021,4,229.92
2151,2022,1,246.0
2151,2022,2,270.25
2151,2022,3,266.58
2151,2022,4,266.08
2151,2023,1,239.92
2151,2023,2,233.83
2151,2023,3,224.0
2151,2023,4,191.83
2151,2024,1,169.83
2151,2024,2,183.67
2151,2024,3,181.42
2151,2024,4,165.71
2151,2025,1,156.16
2151,2025,2,151.94
2151,2025,3,152.78
2151,2025,4,154.67
2152,2020,1,89.0
2152,2020,2,64.33
2152,2020,3,59.0
2152,2020,4,63.0
2152,2021,1,99.0
2152,2021,2,100.67
2152,2021,3,97.83
2152,2021,4,125.33
2152,2022,1,156.17
2152,2022,2,151.0
2152,2022,3,145.0
2152,2022,4,132.5
2152,2023,1,147.0
2152,2023,2,123.0
2152,2023,3,112.7
2152,2023,4,93.2
2152,2024,1,100.5
2152,2024,2,100.42
2152,2024,3,88.83
2152,2024,4,96.5
2152,2025,1,95.17
2152,2025,2,89.87
2152,2025,3,102.2
2152,2025,4,91.33
2161,2020,1,527.33
2161,2020,2,465.58
2161,2020,3,440.25
2161,2020,4,448.23
2161,2021,1,538.27
2161,2021,2,535.9
2161,2021,3,577.4
2161,2021,4,634.35
2161,2022,1,722.93
2161,2022,2,700.43
2161,2022,3,704.27
2161,2022,4,683.9
2161,2023,1,719.25
2161,2023,2,648.0
2161,2023,3,601.0
2161,2023,4,551.87
2161,2024,1,577.27
2161,2024,2,554.13
2161,2024,3,516.88
2161,2024,4,509.78
2161,2025,1,549.27
2161,2025,2,580.62
2161,2025,3,555.2
2161,2025,4,544.2
2162,2020,1,68.92
2162,2020,2,62.25
2162,2020,3,63.25
2162,2020,4,58.25
2162,2021,1,68.75
2162,2021,2,62.25
2162,2021,3,77.75
2162,2021,4,84.92
2162,2022,1,117.25
2162,2022,2,88.33
2162,2022,3,88.83
2162,2022,4,100.17
2162,2023,1,102.17
2162,2023,2,84.33
2162,2023,3,69.67
2162,2023,4,67.33
2162,2024,1,73.67
2162,2024,2,59.67
2162,2024,3,62.67
2162,2024,4,69.0
2162,2025,1,90.17
2162,2025,2,76.98
2162,2025,3,86.5
2162,2025,4,72.33
2163,2020,1,145.83
2163,2020,2,81.0
2163,2020,3,87.17
2163,2020,4,119.0
2163,2021,1,154.42
2163,2021,2,174.25
2163,2021,3,184.42
2163,2021,4,209.33
2163,2022,1,230.5
2163,2022,2,237.5
2163,2022,3,213.33
2163,2022,4,188.83
2163,2023,1,185.83
2163,2023,2,237.5
2163,2023,3,192.0
2163,2023,4,157.58
2163,2024,1,135.17
2163,2024,2,146.17
2163,2024,3,145.67
2163,2024,4,118.42
2163,2025,1,135.45
2163,2025,2,144.28
2163,2025,3,145.08
2163,2025,4,135.92
2164,2020,1,103.25
2164,2020,2,74.42
2164,2020,3,83.08
2164,2020,4,116.0
2164,2021,1,124.0
2164,2021,2,116.7
2164,2021,3,121.53
2164,2021,4,136.32
2164,2022,1,145.58
2164,2022,2,150.67
2164,2022,3,168.83
2164,2022,4,154.5
2164,2023,1,157.83
2164,2023,2,137.67
2164,2023,3,126.33
2164,2023,4,130.87
2164,2024,1,148.03
2164,2024,2,142.03
2164,2024,3,132.0
2164,2024,4,117.67
2164,2025,1,112.25
2164,2025,2,127.08
2164,2025,3,107.58
2164,2025,4,99.42
2165,2020,1,150.97
2165,2020,2,161.47
2165,2020,3,149.18
2165,2020,4,136.75
2165,2021,1,151.53
2165,2021,2,191.23
2165,2021,3,193.65
2165,2021,4,217.5
2165,2022,1,207.93
2165,2022,2,179.82
2165,2022,3,197.57
2165,2022,4,175.87
2165,2023,1,157.2
2165,2023,2,159.5
2165,2023,3,180.83
2165,2023,4,169.95
2165,2024,1,146.53
2165,2024,2,157.65
2165,2024,3,167.58
2165,2024,4,158.5
2165,2025,1,166.03
2165,2025,2,173.97
2165,2025,3,190.68
2165,2025,4,165.12
2166,2020,1,496.15
2166,2020,2,395.9
2166,2020,3,400.92
2166,2020,4,432.0
2166,2021,1,512.57
2166,2021,2,605.37
2166,2021,3,641.95
2166,2021,4,720.2
2166,2022,1,890.28
2166,2022,2,748.45
2166,2022,3,662.78
2166,2022,4,616.78
2166,2023,1,647.78
2166,2023,2,544.53
2166,2023,3,510.42
2166,2023,4,458.75
2166,2024,1,468.58
2166,2024,2,482.17
2166,2024,3,460.83
2166,2024,4,441.53
2166,2025,1,396.17
2166,2025,2,389.32
2166,2025,3,434.5
2166,2025,4,398.17
2200,2020,1,47.33
2200,2020,2,32.67
2200,2020,3,39.67
2200,2020,4,43.0
2200,2021,1,44.5
2200,2021,2,51.92
2200,2021,3,67.08
2200,2021,4,63.17
2200,2022,1,83.37
2200,2022,2,66.4
2200,2022,3,83.83
2200,2022,4,90.83
2200,2023,1,80.5
2200,2023,2,70.75
2200,2023,3,75.92
2200,2023,4,97.17
2200,2024,1,94.0
2200,2024,2,82.87
2200,2024,3,66.03
2200,2024,4,61.67
2200,2025,1,66.5
2200,2025,2,89.0
2200,2025,3,65.45
2200,2025,4,80.15
2211,2020,1,1486.33
2211,2020,2,1444.75
2211,2020,3,1404.0
2211,2020,4,1458.0
2211,2021,1,1506.82
2211,2021,2,1631.05
2211,2021,3,1716.48
2211,2021,4,1768.17
2211,2022,1,1922.0
2211,2022,2,1746.58
2211,2022,3,1747.33
2211,2022,4,1736.0
2211,2023,1,1890.17
2211,2023,2,1861.0
2211,2023,3,1798.67
2211,2023,4,1697.25
2211,2024,1,1638.33
2211,2024,2,1600.17
2211,2024,3,1614.58
2211,2024,4,1587.0
2211,2025,1,1662.92
2211,2025,2,1639.92
2211,2025,3,1570.75
2211,2025,4,1587.42
2212,2020,1,580.83
2212,2020,2,509.33
2212,2020,3,549.08
2212,2020,4,587.42
2212,2021,1,650.78
2212,2021,2,635.7
2212,2021,3,613.25
2212,2021,4,725.33
2212,2022,1,781.92
2212,2022,2,776.67
2212,2022,3,833.42
2212,2022,4,840.42
2212,2023,1,931.83
2212,2023,2,912.07
2212,2023,3,840.73
2212,2023,4,777.0
2212,2024,1,738.52
2212,2024,2,752.93
2212,2024,3,710.52
2212,2024,4,705.5
2212,2025,1,680.72
2212,2025,2,697.85
2212,2025,3,657.96
2212,2025,4,715.08
2221,2020,1,4492.56
2221,2020,2,4231.45
2221,2020,3,4414.400000000001
2221,2020,4,4386.04
2221,2021,1,4415.65
2221,2021,2,4536.860000000001
2221,2021,3,4966.66
2221,2021,4,5495.0
2221,2022,1,5985.9
2221,2022,2,5788.47
2221,2022,3,5938.6900000000005
2221,2022,4,5974.82
2221,2023,1,6438.18
2221,2023,2,6063.849999999999
2221,2023,3,5849.2699999999995
2221,2023,4,5586.53
2221,2024,1,5645.009999999999
2221,2024,2,5478.99
2221,2024,3,5025.25
2221,2024,4,4918.59
2221,2025,1,5199.81
2221,2025,2,4956.820000000001
2221,2025,3,4891.290000000001
2221,2025,4,5019.78
2222,2020,1,93.67
2222,2020,2,60.67
2222,2020,3,51.67
2222,2020,4,69.58
2222,2021,1,85.92
2222,2021,2,96.33
2222,2021,3,97.0
2222,2021,4,105.67
2222,2022,1,110.67
2222,2022,2,119.92
2222,2022,3,129.5
2222,2022,4,118.33
2222,2023,1,117.17
2222,2023,2,80.17
2222,2023,3,65.67
2222,2023,4,80.83
2222,2024,1,76.67
2222,2024,2,66.5
2222,2024,3,53.5
2222,2024,4,59.33
2222,2025,1,69.17
2222,2025,2,61.77
2222,2025,3,53.28
2222,2025,4,65.33
2250,2020,1,41.83
2250,2020,2,33.17
2250,2020,3,47.67
2250,2020,4,60.67
2250,2021,1,47.17
2250,2021,2,45.5
2250,2021,3,39.5
2250,2021,4,53.83
2250,2022,1,61.67
2250,2022,2,67.17
2250,2022,3,82.17
2250,2022,4,97.0
2250,2023,1,88.25
2250,2023,2,68.5
2250,2023,3,54.17
2250,2023,4,58.0
2250,2024,1,38.5
2250,2024,2,39.08
2250,2024,3,45.08
2250,2024,4,64.58
2250,2025,1,96.58
2250,2025,2,93.25
2250,2025,3,88.25
2250,2025,4,66.5
2261,2020,1,87.0
2261,2020,2,110.0
2261,2020,3,95.0
2261,2020,4,95.5
2261,2021,1,110.5
2261,2021,2,103.5
2261,2021,3,113.0
2261,2021,4,99.0
2261,2022,1,138.0
2261,2022,2,152.33
2261,2022,3,136.17
2261,2022,4,151.33
2261,2023,1,163.58
2261,2023,2,172.0
2261,2023,3,140.5
2261,2023,4,124.33
2261,2024,1,166.58
2261,2024,2,142.25
2261,2024,3,115.33
2261,2024,4,139.2
2261,2025,1,122.7
2261,2025,2,178.67
2261,2025,3,141.0
2261,2025,4,149.0
2262,2020,1,416.58
2262,2020,2,420.08
2262,2020,3,384.75
2262,2020,4,462.17
2262,2021,1,509.5
2262,2021,2,381.75
2262,2021,3,375.42
2262,2021,4,434.58
2262,2022,1,514.75
2262,2022,2,609.42
2262,2022,3,801.92
2262,2022,4,815.92
2262,2023,1,804.83
2262,2023,2,588.92
2262,2023,3,455.75
2262,2023,4,433.0
2262,2024,1,400.17
2262,2024,2,375.92
2262,2024,3,340.67
2262,2024,4,356.17
2262,2025,1,345.75
2262,2025,2,352.67
2262,2025,3,355.33
2262,2025,4,290.67
2263,2020,1,43.33
2263,2020,2,40.17
2263,2020,3,52.33
2263,2020,4,57.5
2263,2021,1,62.5
2263,2021,2,80.75
2263,2021,3,65.25
2263,2021,4,61.83
2263,2022,1,60.92
2263,2022,2,89.08
2263,2022,3,91.75
2263,2022,4,90.25
2263,2023,1,96.08
2263,2023,2,99.83
2263,2023,3,80.17
2263,2023,4,88.67
2263,2024,1,90.17
2263,2024,2,83.33
2263,2024,3,71.17
2263,2024,4,62.33
2263,2025,1,62.83
2263,2025,2,72.58
2263,2025,3,76.58
2263,2025,4,65.58
2264,2020,1,450.87
2264,2020,2,373.08
2264,2020,3,370.53
2264,2020,4,355.68
2264,2021,1,383.81
2264,2021,2,465.4
2264,2021,3,458.07
2264,2021,4,495.12
2264,2022,1,498.87
2264,2022,2,546.37
2264,2022,3,493.83
2264,2022,4,485.0
2264,2023,1,482.33
2264,2023,2,487.33
2264,2023,3,447.17
2264,2023,4,422.5
2264,2024,1,410.83
2264,2024,2,426.25
2264,2024,3,418.58
2264,2024,4,405.54
2264,2025,1,458.65
2264,2025,2,509.81
2264,2025,3,492.25
2264,2025,4,468.5
2265,2020,1,51.83
2265,2020,2,39.5
2265,2020,3,40.5
2265,2020,4,38.45
2265,2021,1,55.92
2265,2021,2,58.5
2265,2021,3,75.0
2265,2021,4,95.5
2265,2022,1,87.0
2265,2022,2,85.5
2265,2022,3,76.0
2265,2022,4,80.5
2265,2023,1,81.83
2265,2023,2,78.08
2265,2023,3,71.83
2265,2023,4,64.17
2265,2024,1,66.5
2265,2024,2,47.5
2265,2024,3,54.0
2265,2024,4,70.0
2265,2025,1,78.0
2265,2025,2,78.5
2265,2025,3,55.5
2265,2025,4,68.83
2266,2020,1,248.37
2266,2020,2,290.5
2266,2020,3,203.7
2266,2020,4,209.65
2266,2021,1,324.25
2266,2021,2,310.57
2266,2021,3,230.57
2266,2021,4,251.87
2266,2022,1,373.03
2266,2022,2,347.87
2266,2022,3,268.5
2266,2022,4,244.0
2266,2023,1,366.5
2266,2023,2,360.2
2266,2023,3,238.25
2266,2023,4,263.72
2266,2024,1,328.33
2266,2024,2,329.83
2266,2024,3,287.83
2266,2024,4,287.2
2266,2025,1,394.45
2266,2025,2,365.95
2266,2025,3,263.9
2266,2025,4,258.9
2269,2020,1,728.78
2269,2020,2,604.33
2269,2020,3,636.53
2269,2020,4,657.74
2269,2021,1,760.06
2269,2021,2,819.3
2269,2021,3,837.97
2269,2021,4,920.57
2269,2022,1,1037.48
2269,2022,2,973.68
2269,2022,3,936.17
2269,2022,4,920.33
2269,2023,1,978.08
2269,2023,2,940.15
2269,2023,3,789.62
2269,2023,4,743.33
2269,2024,1,802.58
2269,2024,2,780.33
2269,2024,3,688.25
2269,2024,4,666.61
2269,2025,1,808.68
2269,2025,2,780.71
2269,2025,3,681.32
2269,2025,4,710.07
2300,2020,1,2135.92
2300,2020,2,1789.83
2300,2020,3,828.33
2300,2020,4,996.81
2300,2021,1,2096.31
2300,2021,2,2051.7
2300,2021,3,1072.58
2300,2021,4,1202.75
2300,2022,1,2581.7
2300,2022,2,2621.67
2300,2022,3,1158.33
2300,2022,4,1411.03
2300,2023,1,2970.75
2300,2023,2,4742.83
2300,2023,3,1834.25
2300,2023,4,2473.17
2300,2024,1,4654.58
2300,2024,2,4528.12
2300,2024,3,1909.7
2300,2024,4,2421.33
2300,2025,1,4601.98
2300,2025,2,4139.4
2300,2025,3,1649.82
2300,2025,4,2171.2
2310,2020,1,1106.95
2310,2020,2,877.83
2310,2020,3,887.75
2310,2020,4,1017.48
2310,2021,1,1254.18
2310,2021,2,1219.03
2310,2021,3,1123.5
2310,2021,4,1206.95
2310,2022,1,1366.45
2310,2022,2,1405.95
2310,2022,3,1250.37
2310,2022,4,1302.95
2310,2023,1,1380.78
2310,2023,2,1248.85
2310,2023,3,1039.73
2310,2023,4,1075.0
2310,2024,1,1197.75
2310,2024,2,1031.0
2310,2024,3,904.8
2310,2024,4,952.52
2310,2025,1,1199.95
2310,2025,2,1011.67
2310,2025,3,834.36
2310,2025,4,916.75
2320,2020,1,268.0
2320,2020,2,302.75
2320,2020,3,167.58
2320,2020,4,135.75
2320,2021,1,386.42
2320,2021,2,381.0
2320,2021,3,205.17
2320,2021,4,257.92
2320,2022,1,483.25
2320,2022,2,493.92
2320,2022,3,229.25
2320,2022,4,233.0
2320,2023,1,386.67
2320,2023,2,370.92
2320,2023,3,184.17
2320,2023,4,231.0
2320,2024,1,442.42
2320,2024,2,422.42
2320,2024,3,195.33
2320,2024,4,204.33
2320,2025,1,410.25
2320,2025,2,432.0
2320,2025,3,181.83
2320,2025,4,225.17
2330,2020,1,285.0
2330,2020,2,203.0
2330,2020,3,60.5
2330,2020,4,104.5
2330,2021,1,287.5
2330,2021,2,267.5
2330,2021,3,116.5
2330,2021,4,163.0
2330,2022,1,344.0
2330,2022,2,282.5
2330,2022,3,128.0
2330,2022,4,156.0
2330,2023,1,343.0
2330,2023,2,260.33
2330,2023,3,71.5
2330,2023,4,121.5
2330,2024,1,272.5
2330,2024,2,219.83
2330,2024,3,71.33
2330,2024,4,142.33
2330,2025,1,271.0
2330,2025,2,196.33
2330,2025,3,70.5
2330,2025,4,129.5
2341,2020,1,520.33
2341,2020,2,429.0
2341,2020,3,121.5
2341,2020,4,229.17
2341,2021,1,619.83
2341,2021,2,508.5
2341,2021,3,223.0
2341,2021,4,303.25
2341,2022,1,697.75
2341,2022,2,663.42
2341,2022,3,230.92
2341,2022,4,283.0
2341,2023,1,628.5
2341,2023,2,472.5
2341,2023,3,124.5
2341,2023,4,229.0
2341,2024,1,489.83
2341,2024,2,399.17
2341,2024,3,101.83
2341,2024,4,211.33
2341,2025,1,461.17
2341,2025,2,343.0
2341,2025,3,87.83
2341,2025,4,157.5
2342,2020,1,419.25
2342,2020,2,355.83
2342,2020,3,128.83
2342,2020,4,158.17
2342,2021,1,371.33
2342,2021,2,322.7
2342,2021,3,146.0
2342,2021,4,190.25
2342,2022,1,537.37
2342,2022,2,462.5
2342,2022,3,126.0
2342,2022,4,158.0
2342,2023,1,416.83
2342,2023,2,341.67
2342,2023,3,83.5
2342,2023,4,140.0
2342,2024,1,355.5
2342,2024,2,288.33
2342,2024,3,79.0
2342,2024,4,118.5
2342,2025,1,342.0
2342,2025,2,271.13
2342,2025,3,86.53
2342,2025,4,127.0
2351,2020,1,370.37
2351,2020,2,320.25
2351,2020,3,287.17
2351,2020,4,363.17
2351,2021,1,441.33
2351,2021,2,498.03
2351,2021,3,417.42
2351,2021,4,440.75
2351,2022,1,450.03
2351,2022,2,479.0
2351,2022,3,445.9
2351,2022,4,556.43
2351,2023,1,636.25
2351,2023,2,621.87
2351,2023,3,540.78
2351,2023,4,501.25
2351,2024,1,520.83
2351,2024,2,612.33
2351,2024,3,469.5
2351,2024,4,494.75
2351,2025,1,535.45
2351,2025,2,548.42
2351,2025,3,475.0
2351,2025,4,489.33
2352,2020,1,796.48
2352,2020,2,855.67
2352,2020,3,548.67
2352,2020,4,597.0
2352,2021,1,881.25
2352,2021,2,1044.82
2352,2021,3,807.67
2352,2021,4,823.25
2352,2022,1,1161.98
2352,2022,2,1232.0
2352,2022,3,921.17
2352,2022,4,887.42
2352,2023,1,1316.75
2352,2023,2,1326.0
2352,2023,3,950.75
2352,2023,4,1027.75
2352,2024,1,1369.0
2352,2024,2,1334.0
2352,2024,3,984.83
2352,2024,4,1037.12
2352,2025,1,1317.46
2352,2025,2,1299.89
2352,2025,3,902.25
2352,2025,4,985.77
2353,2020,1,238.33
2353,2020,2,222.17
2353,2020,3,157.33
2353,2020,4,150.0
2353,2021,1,198.33
2353,2021,2,305.83
2353,2021,3,173.0
2353,2021,4,166.0
2353,2022,1,279.17
2353,2022,2,409.83
2353,2022,3,199.5
2353,2022,4,234.5
2353,2023,1,313.33
2353,2023,2,294.83
2353,2023,3,179.33
2353,2023,4,221.5
2353,2024,1,272.33
2353,2024,2,295.17
2353,2024,3,174.5
2353,2024,4,206.33
2353,2025,1,271.33
2353,2025,2,293.17
2353,2025,3,204.83
2353,2025,4,194.83
2359,2020,1,511.5
2359,2020,2,406.5
2359,2020,3,421.33
2359,2020,4,332.42
2359,2021,1,407.75
2359,2021,2,493.0
2359,2021,3,386.33
2359,2021,4,423.0
2359,2022,1,579.83
2359,2022,2,599.42
2359,2022,3,493.42
2359,2022,4,492.33
2359,2023,1,546.5
2359,2023,2,707.83
2359,2023,3,561.83
2359,2023,4,513.5
2359,2024,1,534.92
2359,2024,2,578.0
2359,2024,3,498.17
2359,2024,4,478.21
2359,2025,1,526.13
2359,2025,2,583.83
2359,2025,3,484.17
2359,2025,4,471.0
2410,2020,1,119.17
2410,2020,2,94.33
2410,2020,3,131.67
2410,2020,4,138.83
2410,2021,1,121.33
2410,2021,2,142.67
2410,2021,3,135.5
2410,2021,4,155.5
2410,2022,1,162.17
2410,2022,2,191.17
2410,2022,3,193.5
2410,2022,4,177.83
2410,2023,1,189.17
2410,2023,2,147.0
2410,2023,3,138.17
2410,2023,4,149.0
2410,2024,1,103.33
2410,2024,2,105.83
2410,2024,3,107.37
2410,2024,4,106.87
2410,2025,1,121.28
2410,2025,2,130.57
2410,2025,3,123.53
2410,2025,4,99.67
2411,2020,1,911.33
2411,2020,2,651.88
2411,2020,3,719.77
2411,2020,4,825.75
2411,2021,1,941.82
2411,2021,2,996.62
2411,2021,3,1185.78
2411,2021,4,1188.33
2411,2022,1,1235.63
2411,2022,2,1393.29
2411,2022,3,1436.4
2411,2022,4,1339.57
2411,2023,1,1356.57
2411,2023,2,1297.87
2411,2023,3,1243.87
2411,2023,4,1167.03
2411,2024,1,1132.17
2411,2024,2,1137.37
2411,2024,3,1083.65
2411,2024,4,1025.65
2411,2025,1,1059.7
2411,2025,2,1046.99
2411,2025,3,953.41
2411,2025,4,966.37
2412,2020,1,766.67
2412,2020,2,649.75
2412,2020,3,687.33
2412,2020,4,744.0
2412,2021,1,881.3
2412,2021,2,970.95
2412,2021,3,955.53
2412,2021,4,1083.42
2412,2022,1,1158.08
2412,2022,2,1262.62
2412,2022,3,1239.03
2412,2022,4,1221.42
2412,2023,1,1176.87
2412,2023,2,1045.87
2412,2023,3,982.75
2412,2023,4,1019.67
2412,2024,1,992.92
2412,2024,2,981.33
2412,2024,3,898.95
2412,2024,4,867.03
2412,2025,1,908.37
2412,2025,2,814.88
2412,2025,3,762.2
2412,2025,4,725.75
2413,2020,1,447.5
2413,2020,2,320.33
2413,2020,3,322.0
2413,2020,4,406.33
2413,2021,1,476.75
2413,2021,2,591.17
2413,2021,3,645.33
2413,2021,4,725.0
2413,2022,1,802.08
2413,2022,2,810.92
2413,2022,3,759.67
2413,2022,4,688.75
2413,2023,1,663.92
2413,2023,2,577.33
2413,2023,3,489.17
2413,2023,4,508.67
2413,2024,1,505.75
2413,2024,2,464.58
2413,2024,3,467.75
2413,2024,4,396.17
2413,2025,1,392.79
2413,2025,2,414.74
2413,2025,3,354.58
2413,2025,4,367.0
2421,2020,1,1065.83
2421,2020,2,821.67
2421,2020,3,820.92
2421,2020,4,922.83
2421,2021,1,1232.33
2421,2021,2,1247.25
2421,2021,3,1367.25
2421,2021,4,1509.33
2421,2022,1,1663.17
2421,2022,2,1743.67
2421,2022,3,1569.75
2421,2022,4,1501.08
2421,2023,1,1555.5
2421,2023,2,1367.5
2421,2023,3,1213.75
2421,2023,4,1146.83
2421,2024,1,1174.75
2421,2024,2,1166.67
2421,2024,3,1033.67
2421,2024,4,915.45
2421,2025,1,1031.18
2421,2025,2,955.48
2421,2025,3,919.2
2421,2025,4,900.17
2422,2020,1,375.12
2422,2020,2,247.78
2422,2020,3,274.08
2422,2020,4,296.17
2422,2021,1,386.82
2422,2021,2,460.5
2422,2021,3,449.17
2422,2021,4,432.5
2422,2022,1,564.0
2422,2022,2,624.37
2422,2022,3,492.7
2422,2022,4,452.83
2422,2023,1,503.53
2422,2023,2,433.87
2422,2023,3,400.75
2422,2023,4,353.17
2422,2024,1,301.5
2422,2024,2,268.92
2422,2024,3,299.17
2422,2024,4,251.83
2422,2025,1,269.58
2422,2025,2,263.5
2422,2025,3,207.03
2422,2025,4,189.75
2423,2020,1,1129.75
2423,2020,2,816.83
2423,2020,3,813.17
2423,2020,4,909.5
2423,2021,1,1092.83
2423,2021,2,1259.0
2423,2021,3,1371.83
2423,2021,4,1661.33
2423,2022,1,1899.37
2423,2022,2,1963.07
2423,2022,3,1853.57
2423,2022,4,1815.23
2423,2023,1,1941.0
2423,2023,2,1883.0
2423,2023,3,1600.45
2423,2023,4,1445.92
2423,2024,1,1521.42
2423,2024,2,1543.53
2423,2024,3,1408.28
2423,2024,4,1300.96
2423,2025,1,1267.19
2423,2025,2,1279.85
2423,2025,3,1202.62
2423,2025,4,1243.4
2424,2020,1,192.42
2424,2020,2,133.17
2424,2020,3,125.33
2424,2020,4,136.17
2424,2021,1,175.28
2424,2021,2,225.7
2424,2021,3,211.83
2424,2021,4,237.0
2424,2022,1,269.17
2424,2022,2,303.5
2424,2022,3,274.0
2424,2022,4,250.92
2424,2023,1,285.75
2424,2023,2,263.33
2424,2023,3,206.33
2424,2023,4,208.33
2424,2024,1,245.92
2424,2024,2,250.92
2424,2024,3,212.67
2424,2024,4,183.87
2424,2025,1,210.13
2424,2025,2,203.82
2424,2025,3,193.92
2424,2025,4,207.08
2430,2020,1,881.7
2430,2020,2,622.92
2430,2020,3,664.75
2430,2020,4,697.5
2430,2021,1,784.78
2430,2021,2,932.95
2430,2021,3,1057.53
2430,2021,4,1130.5
2430,2022,1,1386.5
2430,2022,2,1331.08
2430,2022,3,1211.75
2430,2022,4,1192.17
2430,2023,1,1225.75
2430,2023,2,1002.58
2430,2023,3,992.08
2430,2023,4,972.0
2430,2024,1,894.67
2430,2024,2,870.67
2430,2024,3,782.83
2430,2024,4,773.17
2430,2025,1,836.0
2430,2025,2,798.75
2430,2025,3,766.0
2430,2025,4,767.42
2431,2020,1,2899.67
2431,2020,2,1701.83
2431,2020,3,1640.42
2431,2020,4,1955.5
2431,2021,1,2521.33
2431,2021,2,3297.67
2431,2021,3,3328.87
2431,2021,4,3294.25
2431,2022,1,4431.58
2431,2022,2,4365.95
2431,2022,3,3904.7
2431,2022,4,3486.75
2431,2023,1,3638.42
2431,2023,2,2874.67
2431,2023,3,2447.25
2431,2023,4,2256.92
2431,2024,1,2194.67
2431,2024,2,1999.1
2431,2024,3,1817.6
2431,2024,4,1744.02
2431,2025,1,1922.77
2431,2025,2,1909.28
2431,2025,3,1714.02
2431,2025,4,1664.42
2432,2020,1,362.0
2432,2020,2,241.17
2432,2020,3,257.0
2432,2020,4,326.5
2432,2021,1,447.33
2432,2021,2,580.17
2432,2021,3,579.17
2432,2021,4,556.5
2432,2022,1,720.0
2432,2022,2,649.33
2432,2022,3,584.67
2432,2022,4,618.5
2432,2023,1,608.67
2432,2023,2,451.5
2432,2023,3,390.5
2432,2023,4,342.0
2432,2024,1,369.0
2432,2024,2,349.0
2432,2024,3,324.17
2432,2024,4,323.5
2432,2025,1,290.0
2432,2025,2,294.92
2432,2025,3,271.92
2432,2025,4,256.0
2433,2020,1,332.66999999999996
2433,2020,2,225.17
2433,2020,3,196.83
2433,2020,4,223.67
2433,2021,1,297.0
2433,2021,2,329.16999999999996
2433,2021,3,363.25
2433,2021,4,376.75
2433,2022,1,397.08
2433,2022,2,403.75
2433,2022,3,409.5
2433,2022,4,388.42
2433,2023,1,414.42
2433,2023,2,352.66999999999996
2433,2023,3,324.16999999999996
2433,2023,4,322.5
2433,2024,1,326.16999999999996
2433,2024,2,317.5
2433,2024,3,275.66999999999996
2433,2024,4,290.33000000000004
2433,2025,1,295.2
2433,2025,2,295.92
2433,2025,3,292.08000000000004
2433,2025,4,302.25
2434,2020,1,44.67
2434,2020,2,41.67
2434,2020,3,29.83
2434,2020,4,58.83
2434,2021,1,60.0
2434,2021,2,73.33
2434,2021,3,65.83
2434,2021,4,76.5
2434,2022,1,88.0
2434,2022,2,67.33
2434,2022,3,88.5
2434,2022,4,86.5
2434,2023,1,67.5
2434,2023,2,34.17
2434,2023,3,32.33
2434,2023,4,27.5
2434,2024,1,22.83
2434,2024,2,26.67
2434,2024,3,32.08
2434,2024,4,38.75
2434,2025,1,38.5
2434,2025,2,29.0
2434,2025,3,32.0
2434,2025,4,44.5
2510,2020,1,126.17
2510,2020,2,132.92000000000002
2510,2020,3,121.42
2510,2020,4,163.57999999999998
2510,2021,1,126.33
2510,2021,2,145.17000000000002
2510,2021,3,187.67000000000002
2510,2021,4,220.5
2510,2022,1,302.84
2510,2022,2,282.41
2510,2022,3,256.41999999999996
2510,2022,4,230.67000000000002
2510,2023,1,209.33
2510,2023,2,169.57999999999998
2510,2023,3,143.25
2510,2023,4,125.92
2510,2024,1,132.92000000000002
2510,2024,2,137.2
2510,2024,3,117.37
2510,2024,4,112.54
2510,2025,1,171.23000000000002
2510,2025,2,181.72
2510,2025,3,156.45
2510,2025,4,115.5
2511,2020,1,1315.78
2511,2020,2,1001.03
2511,2020,3,980.87
2511,2020,4,1139.17
2511,2021,1,1284.5
2511,2021,2,1581.33
2511,2021,3,1493.5
2511,2021,4,1577.08
2511,2022,1,2108.33
2511,2022,2,2306.67
2511,2022,3,2034.17
2511,2022,4,1904.5
2511,2023,1,2021.25
2511,2023,2,1218.75
2511,2023,3,1021.92
2511,2023,4,917.5
2511,2024,1,953.67
2511,2024,2,972.42
2511,2024,3,902.67
2511,2024,4,832.58
2511,2025,1,833.67
2511,2025,2,790.0
2511,2025,3,709.33
2511,2025,4,763.17
2512,2020,1,4725.17
2512,2020,2,3740.0
2512,2020,3,3589.33
2512,2020,4,3954.21
2512,2021,1,4677.47
2512,2021,2,5137.61
2512,2021,3,5844.08
2512,2021,4,6007.38
2512,2022,1,7641.84
2512,2022,2,7769.33
2512,2022,3,6587.02
2512,2022,4,6179.64
2512,2023,1,6222.73
2512,2023,2,4050.41
2512,2023,3,3491.12
2512,2023,4,3283.12
2512,2024,1,3283.35
2512,2024,2,3100.94
2512,2024,3,2866.89
2512,2024,4,2581.96
2512,2025,1,2476.0299999999997
2512,2025,2,2349.1
2512,2025,3,2190.37
2512,2025,4,2082.6
2513,2020,1,862.9
2513,2020,2,614.57
2513,2020,3,629.57
2513,2020,4,612.73
2513,2021,1,787.98
2513,2021,2,777.03
2513,2021,3,933.48
2513,2021,4,800.23
2513,2022,1,1007.22
2513,2022,2,1025.02
2513,2022,3,930.27
2513,2022,4,857.93
2513,2023,1,922.8
2513,2023,2,442.93
2513,2023,3,377.53
2513,2023,4,308.37
2513,2024,1,299.2
2513,2024,2,318.93
2513,2024,3,319.03
2513,2024,4,275.03
2513,2025,1,273.96
2513,2025,2,260.47
2513,2025,3,292.67
2513,2025,4,214.97
2514,2020,1,202.83
2514,2020,2,177.0
2514,2020,3,163.0
2514,2020,4,163.0
2514,2021,1,172.5
2514,2021,2,196.0
2514,2021,3,240.0
2514,2021,4,248.0
2514,2022,1,304.83
2514,2022,2,266.5
2514,2022,3,244.5
2514,2022,4,223.0
2514,2023,1,208.5
2514,2023,2,198.0
2514,2023,3,174.5
2514,2023,4,176.5
2514,2024,1,160.33
2514,2024,2,118.83
2514,2024,3,118.5
2514,2024,4,100.5
2514,2025,1,97.83
2514,2025,2,86.5
2514,2025,3,97.0
2514,2025,4,94.0
2519,2020,1,932.3399999999999
2519,2020,2,617.16
2519,2020,3,627.6700000000001
2519,2020,4,638.17
2519,2021,1,660.6600000000001
2519,2021,2,733.33
2519,2021,3,909.0
2519,2021,4,989.83
2519,2022,1,1245.5
2519,2022,2,1322.66
2519,2022,3,1259.58
2519,2022,4,1256.1599999999999
2519,2023,1,1372.58
2519,2023,2,850.53
2519,2023,3,775.67
2519,2023,4,700.5
2519,2024,1,620.5
2519,2024,2,589.34
2519,2024,3,561.84
2519,2024,4,468.58
2519,2025,1,416.5
2519,2025,2,459.25
2519,2025,3,441.59000000000003
2519,2025,4,393.75
2521,2020,1,475.07
2521,2020,2,383.9
2521,2020,3,418.9
2521,2020,4,396.15
2521,2021,1,480.15
2521,2021,2,592.28
2521,2021,3,619.48
2521,2021,4,608.07
2521,2022,1,797.47
2521,2022,2,952.9
2521,2022,3,893.07
2521,2022,4,811.6
2521,2023,1,844.47
2521,2023,2,478.77
2521,2023,3,421.2
2521,2023,4,410.03
2521,2024,1,394.95
2521,2024,2,397.62
2521,2024,3,357.8
2521,2024,4,336.88
2521,2025,1,350.2
2521,2025,2,377.62
2521,2025,3,311.37
2521,2025,4,291.8
2522,2020,1,1649.13
2522,2020,2,1237.3
2522,2020,3,1093.68
2522,2020,4,1094.67
2522,2021,1,1506.03
2522,2021,2,1784.53
2522,2021,3,1744.95
2522,2021,4,2093.43
2522,2022,1,2763.9
2522,2022,2,2556.87
2522,2022,3,2290.7
2522,2022,4,2045.95
2522,2023,1,2545.37
2522,2023,2,1433.03
2522,2023,3,1309.58
2522,2023,4,1106.83
2522,2024,1,1074.33
2522,2024,2,1078.45
2522,2024,3,992.25
2522,2024,4,904.75
2522,2025,1,891.17
2522,2025,2,848.7
2522,2025,3,780.73
2522,2025,4,763.03
2523,2020,1,439.08
2523,2020,2,362.67
2523,2020,3,366.17
2523,2020,4,377.17
2523,2021,1,424.67
2523,2021,2,485.0
2523,2021,3,491.5
2523,2021,4,422.33
2523,2022,1,636.33
2523,2022,2,549.17
2523,2022,3,564.5
2523,2022,4,618.17
2523,2023,1,744.67
2523,2023,2,438.0
2523,2023,3,375.75
2523,2023,4,403.92
2523,2024,1,394.33
2523,2024,2,334.67
2523,2024,3,272.33
2523,2024,4,282.0
2523,2025,1,266.17
2523,2025,2,277.58
2523,2025,3,222.67
2523,2025,4,194.33
2529,2020,1,1679.58
2529,2020,2,1386.5
2529,2020,3,1343.67
2529,2020,4,1289.5
2529,2021,1,1629.17
2529,2021,2,1916.5
2529,2021,3,2181.17
2529,2021,4,2369.67
2529,2022,1,2840.95
2529,2022,2,2828.17
2529,2022,3,2751.67
2529,2022,4,2439.75
2529,2023,1,2744.0
2529,2023,2,1586.68
2529,2023,3,1423.83
2529,2023,4,1374.33
2529,2024,1,1321.58
2529,2024,2,1217.08
2529,2024,3,1133.5
2529,2024,4,1084.42
2529,2025,1,1030.95
2529,2025,2,1031.57
2529,2025,3,945.87
2529,2025,4,885.75
2611,2020,1,335.87
2611,2020,2,237.0
2611,2020,3,281.42
2611,2020,4,283.33
2611,2021,1,336.67
2611,2021,2,351.5
2611,2021,3,347.17
2611,2021,4,375.42
2611,2022,1,440.08
2611,2022,2,378.58
2611,2022,3,381.7
2611,2022,4,374.03
2611,2023,1,437.87
2611,2023,2,394.87
2611,2023,3,410.7
2611,2023,4,408.2
2611,2024,1,426.17
2611,2024,2,367.17
2611,2024,3,378.33
2611,2024,4,380.58
2611,2025,1,379.58
2611,2025,2,324.5
2611,2025,3,320.25
2611,2025,4,359.08
2619,2020,1,946.58
2619,2020,2,706.83
2619,2020,3,740.0
2619,2020,4,853.75
2619,2021,1,965.25
2619,2021,2,1030.92
2619,2021,3,1084.91
2619,2021,4,1181.5
2619,2022,1,1372.83
2619,2022,2,1403.5
2619,2022,3,1283.67
2619,2022,4,1243.58
2619,2023,1,1294.17
2619,2023,2,1184.5
2619,2023,3,1112.67
2619,2023,4,1088.42
2619,2024,1,1066.75
2619,2024,2,987.42
2619,2024,3,905.4100000000001
2619,2024,4,907.17
2619,2025,1,1016.04
2619,2025,2,923.78
2619,2025,3,883.07
2619,2025,4,896.67
2622,2020,1,583.2
2622,2020,2,456.33
2622,2020,3,484.67
2622,2020,4,503.33
2622,2021,1,601.42
2622,2021,2,639.5
2622,2021,3,628.17
2622,2021,4,753.83
2622,2022,1,774.08
2622,2022,2,916.0
2622,2022,3,889.0
2622,2022,4,773.28
2622,2023,1,775.33
2622,2023,2,620.25
2622,2023,3,530.83
2622,2023,4,537.58
2622,2024,1,546.08
2622,2024,2,512.42
2622,2024,3,522.58
2622,2024,4,420.08
2622,2025,1,496.67
2622,2025,2,502.0
2622,2025,3,468.87
2622,2025,4,414.08
2631,2020,1,86.08
2631,2020,2,83.42
2631,2020,3,61.5
2631,2020,4,82.42
2631,2021,1,83.67
2631,2021,2,107.25
2631,2021,3,108.58
2631,2021,4,121.75
2631,2022,1,121.33
2631,2022,2,111.58
2631,2022,3,116.0
2631,2022,4,119.33
2631,2023,1,126.83
2631,2023,2,94.0
2631,2023,3,72.33
2631,2023,4,90.12
2631,2024,1,113.45
2631,2024,2,78.08
2631,2024,3,64.0
2631,2024,4,72.08
2631,2025,1,39.17
2631,2025,2,51.67
2631,2025,3,74.33
2631,2025,4,87.42
2634,2020,1,386.33
2634,2020,2,309.67
2634,2020,3,314.12
2634,2020,4,355.98
2634,2021,1,454.75
2634,2021,2,518.25
2634,2021,3,487.0
2634,2021,4,508.08
2634,2022,1,613.58
2634,2022,2,605.75
2634,2022,3,568.15
2634,2022,4,579.82
2634,2023,1,695.25
2634,2023,2,722.25
2634,2023,3,791.5
2634,2023,4,773.75
2634,2024,1,706.42
2634,2024,2,692.2
2634,2024,3,602.95
2634,2024,4,638.45
2634,2025,1,680.2
2634,2025,2,657.82
2634,2025,3,599.18
2634,2025,4,586.3
2635,2020,1,636.42
2635,2020,2,550.51
2635,2020,3,526.17
2635,2020,4,510.42
2635,2021,1,653.17
2635,2021,2,695.96
2635,2021,3,676.05
2635,2021,4,687.14
2635,2022,1,819.05
2635,2022,2,980.5
2635,2022,3,908.21
2635,2022,4,926.3
2635,2023,1,1044.38
2635,2023,2,1096.55
2635,2023,3,984.46
2635,2023,4,931.13
2635,2024,1,1021.3
2635,2024,2,1035.0
2635,2024,3,886.7
2635,2024,4,905.62
2635,2025,1,1087.45
2635,2025,2,1046.5
2635,2025,3,906.75
2635,2025,4,887.9
2636,2020,1,139.0
2636,2020,2,119.33
2636,2020,3,106.0
2636,2020,4,124.67
2636,2021,1,144.5
2636,2021,2,146.0
2636,2021,3,116.67
2636,2021,4,106.33
2636,2022,1,161.42
2636,2022,2,113.58
2636,2022,3,89.5
2636,2022,4,96.0
2636,2023,1,113.17
2636,2023,2,144.67
2636,2023,3,152.33
2636,2023,4,158.17
2636,2024,1,185.25
2636,2024,2,165.67
2636,2024,3,152.5
2636,2024,4,123.0
2636,2025,1,134.87
2636,2025,2,131.23
2636,2025,3,129.9
2636,2025,4,114.75
2641,2020,1,223.17
2641,2020,2,134.33
2641,2020,3,129.67
2641,2020,4,164.17
2641,2021,1,177.5
2641,2021,2,236.17
2641,2021,3,259.5
2641,2021,4,277.83
2641,2022,1,306.75
2641,2022,2,303.17
2641,2022,3,274.08
2641,2022,4,274.67
2641,2023,1,301.25
2641,2023,2,282.17
2641,2023,3,229.25
2641,2023,4,204.75
2641,2024,1,189.0
2641,2024,2,162.67
2641,2024,3,145.17
2641,2024,4,137.92
2641,2025,1,149.56
2641,2025,2,168.0
2641,2025,3,125.7
2641,2025,4,113.17
2642,2020,1,130.67
2642,2020,2,79.17
2642,2020,3,79.92
2642,2020,4,140.5
2642,2021,1,203.0
2642,2021,2,136.33
2642,2021,3,231.17
2642,2021,4,249.17
2642,2022,1,309.33
2642,2022,2,244.33
2642,2022,3,243.25
2642,2022,4,254.5
2642,2023,1,225.0
2642,2023,2,149.83
2642,2023,3,122.83
2642,2023,4,113.33
2642,2024,1,111.5
2642,2024,2,91.83
2642,2024,3,88.33
2642,2024,4,100.83
2642,2025,1,102.67
2642,2025,2,105.58
2642,2025,3,89.25
2642,2025,4,72.58
2643,2020,1,75.83
2643,2020,2,72.67
2643,2020,3,77.83
2643,2020,4,73.67
2643,2021,1,88.83
2643,2021,2,90.0
2643,2021,3,86.0
2643,2021,4,90.83
2643,2022,1,102.17
2643,2022,2,109.5
2643,2022,3,105.0
2643,2022,4,107.33
2643,2023,1,99.0
2643,2023,2,84.5
2643,2023,3,79.5
2643,2023,4,53.5
2643,2024,1,62.33
2643,2024,2,99.83
2643,2024,3,79.0
2643,2024,4,90.83
2643,2025,1,86.5
2643,2025,2,57.5
2643,2025,3,65.83
2643,2025,4,65.33
2654,2020,1,29.83
2654,2020,2,43.5
2654,2020,3,23.5
2654,2020,4,33.33
2654,2021,1,36.5
2654,2021,2,71.33
2654,2021,3,76.17
2654,2021,4,84.0
2654,2022,1,97.33
2654,2022,2,84.17
2654,2022,3,100.5
2654,2022,4,94.33
2654,2023,1,70.5
2654,2023,2,68.0
2654,2023,3,35.75
2654,2023,4,45.25
2654,2024,1,51.0
2654,2024,2,37.5
2654,2024,3,33.25
2654,2024,4,37.0
2654,2025,1,39.0
2654,2025,2,38.83
2654,2025,3,40.58
2654,2025,4,37.25
3000,2020,1,880.03
3000,2020,2,755.7
3000,2020,3,719.35
3000,2020,4,771.58
3000,2021,1,827.33
3000,2021,2,895.92
3000,2021,3,983.83
3000,2021,4,1153.08
3000,2022,1,1299.25
3000,2022,2,1361.5
3000,2022,3,1282.6599999999999
3000,2022,4,1331.53
3000,2023,1,1410.87
3000,2023,2,1351.4499999999998
3000,2023,3,1329.1599999999999
3000,2023,4,1238.95
3000,2024,1,1266.52
3000,2024,2,1162.11
3000,2024,3,1120.0700000000002
3000,2024,4,1109.4099999999999
3000,2025,1,1187.79
3000,2025,2,1152.1399999999999
3000,2025,3,1105.54
3000,2025,4,1097.65
3111,2020,1,158.81
3111,2020,2,131.5
3111,2020,3,135.17
3111,2020,4,128.0
3111,2021,1,139.67
3111,2021,2,164.0
3111,2021,3,150.83
3111,2021,4,161.08
3111,2022,1,162.33
3111,2022,2,185.67
3111,2022,3,190.5
3111,2022,4,172.17
3111,2023,1,176.2
3111,2023,2,164.03
3111,2023,3,167.33
3111,2023,4,144.92
3111,2024,1,118.33
3111,2024,2,140.92
3111,2024,3,147.83
3111,2024,4,128.92000000000002
3111,2025,1,108.0
3111,2025,2,127.17
3111,2025,3,156.0
3111,2025,4,112.83
3112,2020,1,1223.34
3112,2020,2,1048.42
3112,2020,3,1079.18
3112,2020,4,1109.15
3112,2021,1,1259.82
3112,2021,2,1256.36
3112,2021,3,1371.2
3112,2021,4,1391.62
3112,2022,1,1469.98
3112,2022,2,1528.1
3112,2022,3,1495.28
3112,2022,4,1560.78
3112,2023,1,1628.96
3112,2023,2,1569.63
3112,2023,3,1479.38
3112,2023,4,1516.16
3112,2024,1,1535.56
3112,2024,2,1407.27
3112,2024,3,1358.38
3112,2024,4,1481.18
3112,2025,1,1449.12
3112,2025,2,1469.28
3112,2025,3,1380.32
3112,2025,4,1452.28
3113,2020,1,367.25
3113,2020,2,297.17
3113,2020,3,316.83
3113,2020,4,310.5
3113,2021,1,344.58
3113,2021,2,348.83
3113,2021,3,393.67
3113,2021,4,438.75
3113,2022,1,498.67
3113,2022,2,489.25
3113,2022,3,551.67
3113,2022,4,554.33
3113,2023,1,579.9
3113,2023,2,552.42
3113,2023,3,566.25
3113,2023,4,593.17
3113,2024,1,620.92
3113,2024,2,543.58
3113,2024,3,546.42
3113,2024,4,490.96
3113,2025,1,483.94
3113,2025,2,448.06
3113,2025,3,463.4
3113,2025,4,444.83
3115,2020,1,34.75
3115,2020,2,27.83
3115,2020,3,37.75
3115,2020,4,33.75
3115,2021,1,42.08
3115,2021,2,54.33
3115,2021,3,57.08
3115,2021,4,58.08
3115,2022,1,64.67
3115,2022,2,71.34
3115,2022,3,75.75
3115,2022,4,84.41
3115,2023,1,89.84
3115,2023,2,63.5
3115,2023,3,68.67
3115,2023,4,75.66
3115,2024,1,77.42
3115,2024,2,76.4
3115,2024,3,60.94
3115,2024,4,62.44
3115,2025,1,68.78999999999999
3115,2025,2,67.23
3115,2025,3,55.94
3115,2025,4,58.33
3118,2020,1,1715.15
3118,2020,2,1477.08
3118,2020,3,1546.2800000000002
3118,2020,4,1522.6000000000001
3118,2021,1,1542.8300000000002
3118,2021,2,1622.47
3118,2021,3,1873.1200000000001
3118,2021,4,2042.0
3118,2022,1,2105.17
3118,2022,2,2170.55
3118,2022,3,2269.46
3118,2022,4,2110.88
3118,2023,1,2115.38
3118,2023,2,2113.26
3118,2023,3,2178.62
3118,2023,4,2083.65
3118,2024,1,2042.21
3118,2024,2,2002.8000000000002
3118,2024,3,1984.04
3118,2024,4,1958.95
3118,2025,1,1950.31
3118,2025,2,1966.4099999999999
3118,2025,3,1981.0900000000001
3118,2025,4,1900.33
3119,2020,1,167.06
3119,2020,2,125.17
3119,2020,3,142.58
3119,2020,4,168.42
3119,2021,1,202.42
3119,2021,2,202.58
3119,2021,3,213.0
3119,2021,4,198.0
3119,2022,1,234.17
3119,2022,2,249.75
3119,2022,3,286.08
3119,2022,4,281.67
3119,2023,1,289.75
3119,2023,2,288.25
3119,2023,3,283.28
3119,2023,4,264.45
3119,2024,1,258.33
3119,2024,2,246.5
3119,2024,3,210.33
3119,2024,4,199.58
3119,2025,1,204.67
3119,2025,2,185.83
3119,2025,3,185.5
3119,2025,4,194.83
3122,2020,1,470.17
3122,2020,2,338.5
3122,2020,3,369.08
3122,2020,4,381.17
3122,2021,1,461.83
3122,2021,2,515.0
3122,2021,3,550.67
3122,2021,4,657.08
3122,2022,1,701.83
3122,2022,2,763.17
3122,2022,3,839.17
3122,2022,4,726.37
3122,2023,1,745.95
3122,2023,2,803.03
3122,2023,3,845.7
3122,2023,4,805.53
3122,2024,1,854.5
3122,2024,2,790.75
3122,2024,3,749.17
3122,2024,4,724.17
3122,2025,1,665.23
3122,2025,2,572.82
3122,2025,3,602.0
3122,2025,4,639.42
3123,2020,1,467.2
3123,2020,2,448.53
3123,2020,3,424.2
3123,2020,4,453.45
3123,2021,1,516.28
3123,2021,2,526.87
3123,2021,3,528.75
3123,2021,4,543.91
3123,2022,1,579.04
3123,2022,2,597.62
3123,2022,3,605.92
3123,2022,4,582.83
3123,2023,1,604.25
3123,2023,2,622.25
3123,2023,3,578.0699999999999
3123,2023,4,539.4
3123,2024,1,553.5699999999999
3123,2024,2,558.5
3123,2024,3,547.5
3123,2024,4,580.58
3123,2025,1,593.91
3123,2025,2,637.6600000000001
3123,2025,3,644.5
3123,2025,4,705.25
3132,2020,1,31.67
3132,2020,2,32.5
3132,2020,3,36.83
3132,2020,4,41.33
3132,2021,1,33.67
3132,2021,2,42.17
3132,2021,3,47.17
3132,2021,4,49.17
3132,2022,1,49.5
3132,2022,2,53.33
3132,2022,3,57.0
3132,2022,4,50.67
3132,2023,1,48.0
3132,2023,2,49.67
3132,2023,3,67.58
3132,2023,4,52.25
3132,2024,1,48.25
3132,2024,2,51.58
3132,2024,3,53.58
3132,2024,4,48.92
3132,2025,1,55.75
3132,2025,2,59.83
3132,2025,3,67.67
3132,2025,4,53.17
3139,2020,1,54.83
3139,2020,2,42.08
3139,2020,3,42.33
3139,2020,4,54.0
3139,2021,1,65.0
3139,2021,2,74.17
3139,2021,3,64.17
3139,2021,4,60.75
3139,2022,1,77.33
3139,2022,2,104.5
3139,2022,3,73.33
3139,2022,4,81.17
3139,2023,1,88.33
3139,2023,2,86.17
3139,2023,3,73.67
3139,2023,4,64.83
3139,2024,1,72.0
3139,2024,2,62.67
3139,2024,3,68.65
3139,2024,4,61.4
3139,2025,1,73.3
3139,2025,2,70.55
3139,2025,3,56.81
3139,2025,4,60.17
3141,2020,1,167.5
3141,2020,2,150.08
3141,2020,3,172.67
3141,2020,4,161.25
3141,2021,1,230.58
3141,2021,2,224.08
3141,2021,3,214.25
3141,2021,4,243.58
3141,2022,1,280.08
3141,2022,2,238.08
3141,2022,3,231.58
3141,2022,4,247.92
3141,2023,1,235.92
3141,2023,2,210.67
3141,2023,3,199.5
3141,2023,4,179.67
3141,2024,1,174.33
3141,2024,2,172.0
3141,2024,3,181.62
3141,2024,4,180.83
3141,2025,1,193.17
3141,2025,2,209.83
3141,2025,3,186.0
3141,2025,4,163.17
3211,2020,1,229.08
3211,2020,2,209.17
3211,2020,3,235.0
3211,2020,4,214.92
3211,2021,1,205.42
3211,2021,2,226.33
3211,2021,3,294.83
3211,2021,4,299.17
3211,2022,1,297.17
3211,2022,2,306.83
3211,2022,3,325.33
3211,2022,4,311.67
3211,2023,1,327.33
3211,2023,2,281.33
3211,2023,3,278.83
3211,2023,4,299.83
3211,2024,1,291.5
3211,2024,2,263.0
3211,2024,3,262.33
3211,2024,4,293.67
3211,2025,1,295.5
3211,2025,2,256.33
3211,2025,3,244.83
3211,2025,4,236.67
3213,2020,1,669.23
3213,2020,2,698.75
3213,2020,3,742.58
3213,2020,4,734.25
3213,2021,1,688.92
3213,2021,2,812.17
3213,2021,3,917.25
3213,2021,4,928.75
3213,2022,1,1057.83
3213,2022,2,1113.33
3213,2022,3,1244.17
3213,2022,4,1157.75
3213,2023,1,1156.42
3213,2023,2,953.33
3213,2023,3,895.08
3213,2023,4,785.75
3213,2024,1,729.5
3213,2024,2,776.33
3213,2024,3,727.78
3213,2024,4,605.33
3213,2025,1,652.6
3213,2025,2,726.75
3213,2025,3,781.52
3213,2025,4,602.0
3214,2020,1,173.33
3214,2020,2,130.83
3214,2020,3,116.5
3214,2020,4,128.83
3214,2021,1,150.5
3214,2021,2,176.33
3214,2021,3,168.33
3214,2021,4,164.83
3214,2022,1,169.83
3214,2022,2,191.87
3214,2022,3,206.07
3214,2022,4,173.83
3214,2023,1,185.2
3214,2023,2,196.37
3214,2023,3,235.17
3214,2023,4,169.67
3214,2024,1,285.17
3214,2024,2,169.5
3214,2024,3,199.0
3214,2024,4,218.33
3214,2025,1,154.87
3214,2025,2,144.81
3214,2025,3,157.23
3214,2025,4,141.75
3221,2020,1,1915.82
3221,2020,2,1740.85
3221,2020,3,2014.82
3221,2020,4,2079.33
3221,2021,1,2020.48
3221,2021,2,1841.28
3221,2021,3,2337.75
3221,2021,4,2571.25
3221,2022,1,2708.72
3221,2022,2,2805.73
3221,2022,3,3092.45
3221,2022,4,3233.67
3221,2023,1,3135.85
3221,2023,2,3089.42
3221,2023,3,3097.73
3221,2023,4,3043.18
3221,2024,1,3025.82
3221,2024,2,3068.43
3221,2024,3,3125.97
3221,2024,4,3050.53
3221,2025,1,3087.07
3221,2025,2,3040.02
3221,2025,3,3229.5
3221,2025,4,3196.07
3251,2020,1,122.0
3251,2020,2,168.0
3251,2020,3,170.5
3251,2020,4,159.75
3251,2021,1,141.5
3251,2021,2,173.5
3251,2021,3,169.5
3251,2021,4,161.5
3251,2022,1,215.0
3251,2022,2,265.17
3251,2022,3,255.33
3251,2022,4,264.0
3251,2023,1,326.25
3251,2023,2,342.08
3251,2023,3,318.17
3251,2023,4,319.17
3251,2024,1,285.5
3251,2024,2,271.83
3251,2024,3,279.25
3251,2024,4,323.58
3251,2025,1,293.08
3251,2025,2,284.17
3251,2025,3,288.33
3251,2025,4,278.5
3252,2020,1,196.75
3252,2020,2,137.08
3252,2020,3,146.25
3252,2020,4,165.0
3252,2021,1,151.5
3252,2021,2,143.0
3252,2021,3,174.83
3252,2021,4,231.33
3252,2022,1,237.67
3252,2022,2,212.33
3252,2022,3,223.33
3252,2022,4,205.67
3252,2023,1,235.33
3252,2023,2,236.83
3252,2023,3,173.67
3252,2023,4,197.5
3252,2024,1,190.83
3252,2024,2,195.75
3252,2024,3,188.83
3252,2024,4,163.0
3252,2025,1,164.5
3252,2025,2,164.5
3252,2025,3,165.83
3252,2025,4,138.67
3254,2020,1,208.83
3254,2020,2,107.33
3254,2020,3,110.08
3254,2020,4,125.67
3254,2021,1,169.83
3254,2021,2,254.83
3254,2021,3,254.75
3254,2021,4,230.17
3254,2022,1,232.0
3254,2022,2,271.83
3254,2022,3,360.67
3254,2022,4,357.75
3254,2023,1,298.33
3254,2023,2,341.33
3254,2023,3,334.92
3254,2023,4,260.08
3254,2024,1,280.25
3254,2024,2,266.17
3254,2024,3,305.92
3254,2024,4,251.33
3254,2025,1,236.75
3254,2025,2,246.58
3254,2025,3,240.33
3254,2025,4,217.83
3255,2020,1,84.83
3255,2020,2,78.33
3255,2020,3,122.33
3255,2020,4,115.0
3255,2021,1,100.0
3255,2021,2,105.0
3255,2021,3,114.0
3255,2021,4,140.5
3255,2022,1,117.17
3255,2022,2,104.33
3255,2022,3,103.0
3255,2022,4,107.5
3255,2023,1,94.17
3255,2023,2,114.5
3255,2023,3,114.5
3255,2023,4,124.0
3255,2024,1,113.67
3255,2024,2,106.17
3255,2024,3,105.67
3255,2024,4,123.0
3255,2025,1,113.83
3255,2025,2,114.33
3255,2025,3,127.17
3255,2025,4,113.83
3256,2020,1,616.83
3256,2020,2,556.33
3256,2020,3,631.17
3256,2020,4,653.83
3256,2021,1,652.67
3256,2021,2,754.0
3256,2021,3,717.42
3256,2021,4,827.75
3256,2022,1,875.75
3256,2022,2,891.12
3256,2022,3,901.67
3256,2022,4,910.92
3256,2023,1,989.0
3256,2023,2,916.5
3256,2023,3,860.7
3256,2023,4,809.48
3256,2024,1,859.65
3256,2024,2,918.83
3256,2024,3,946.92
3256,2024,4,863.15
3256,2025,1,893.82
3256,2025,2,910.0
3256,2025,3,891.92
3256,2025,4,878.58
3258,2020,1,49.0
3258,2020,2,55.5
3258,2020,3,60.0
3258,2020,4,59.17
3258,2021,1,57.0
3258,2021,2,74.67
3258,2021,3,83.5
3258,2021,4,85.67
3258,2022,1,92.33
3258,2022,2,102.17
3258,2022,3,120.0
3258,2022,4,117.33
3258,2023,1,112.33
3258,2023,2,127.5
3258,2023,3,125.25
3258,2023,4,131.33
3258,2024,1,130.83
3258,2024,2,120.0
3258,2024,3,114.0
3258,2024,4,127.0
3258,2025,1,128.03
3258,2025,2,104.95
3258,2025,3,90.45
3258,2025,4,82.0
3259,2020,1,206.5
3259,2020,2,186.42
3259,2020,3,199.42
3259,2020,4,202.0
3259,2021,1,204.75
3259,2021,2,220.75
3259,2021,3,240.17
3259,2021,4,286.83
3259,2022,1,281.83
3259,2022,2,244.83
3259,2022,3,251.67
3259,2022,4,268.33
3259,2023,1,293.67
3259,2023,2,287.17
3259,2023,3,287.58
3259,2023,4,340.25
3259,2024,1,305.92
3259,2024,2,289.42
3259,2024,3,275.92
3259,2024,4,237.83
3259,2025,1,254.0
3259,2025,2,240.75
3259,2025,3,237.58
3259,2025,4,255.33
3310,2020,1,341.75
3310,2020,2,257.33
3310,2020,3,281.17
3310,2020,4,320.0
3310,2021,1,390.08
3310,2021,2,418.25
3310,2021,3,421.08
3310,2021,4,450.33
3310,2022,1,567.0
3310,2022,2,646.67
3310,2022,3,618.58
3310,2022,4,561.67
3310,2023,1,535.08
3310,2023,2,454.92
3310,2023,3,395.67
3310,2023,4,373.33
3310,2024,1,364.5
3310,2024,2,369.67
3310,2024,3,352.33
3310,2024,4,284.87
3310,2025,1,319.6
3310,2025,2,341.13
3310,2025,3,279.83
3310,2025,4,268.83
3311,2020,1,200.0
3311,2020,2,148.33
3311,2020,3,154.0
3311,2020,4,186.0
3311,2021,1,228.08
3311,2021,2,224.42
3311,2021,3,258.75
3311,2021,4,269.17
3311,2022,1,303.58
3311,2022,2,372.25
3311,2022,3,365.08
3311,2022,4,328.08
3311,2023,1,348.33
3311,2023,2,273.67
3311,2023,3,243.17
3311,2023,4,192.83
3311,2024,1,185.67
3311,2024,2,192.17
3311,2024,3,188.5
3311,2024,4,160.5
3311,2025,1,153.12
3311,2025,2,177.88
3311,2025,3,166.83
3311,2025,4,164.83
3312,2020,1,196.67
3312,2020,2,140.17
3312,2020,3,163.17
3312,2020,4,157.0
3312,2021,1,158.25
3312,2021,2,185.5
3312,2021,3,184.5
3312,2021,4,222.0
3312,2022,1,252.83
3312,2022,2,253.17
3312,2022,3,212.67
3312,2022,4,228.67
3312,2023,1,199.83
3312,2023,2,178.67
3312,2023,3,159.0
3312,2023,4,145.0
3312,2024,1,173.5
3312,2024,2,148.0
3312,2024,3,129.5
3312,2024,4,164.5
3312,2025,1,169.67
3312,2025,2,142.67
3312,2025,3,109.67
3312,2025,4,105.17
3313,2020,1,380.75
3313,2020,2,290.17
3313,2020,3,284.17
3313,2020,4,247.75
3313,2021,1,281.33
3313,2021,2,370.58
3313,2021,3,370.14
3313,2021,4,390.25
3313,2022,1,506.23
3313,2022,2,522.48
3313,2022,3,504.67
3313,2022,4,529.58
3313,2023,1,560.25
3313,2023,2,573.33
3313,2023,3,544.67
3313,2023,4,449.17
3313,2024,1,524.5
3313,2024,2,512.83
3313,2024,3,437.5
3313,2024,4,395.53
3313,2025,1,401.27
3313,2025,2,422.39
3313,2025,3,450.75
3313,2025,4,355.67
3315,2020,1,36.5
3315,2020,2,30.5
3315,2020,3,40.5
3315,2020,4,39.5
3315,2021,1,39.5
3315,2021,2,48.5
3315,2021,3,43.5
3315,2021,4,59.5
3315,2022,1,53.75
3315,2022,2,63.75
3315,2022,3,60.0
3315,2022,4,60.0
3315,2023,1,53.5
3315,2023,2,53.67
3315,2023,3,54.5
3315,2023,4,67.17
3315,2024,1,52.83
3315,2024,2,38.17
3315,2024,3,48.33
3315,2024,4,57.0
3315,2025,1,62.5
3315,2025,2,62.67
3315,2025,3,55.83
3315,2025,4,28.33
3321,2020,1,456.92
3321,2020,2,370.42
3321,2020,3,375.25
3321,2020,4,388.0
3321,2021,1,406.83
3321,2021,2,399.83
3321,2021,3,470.58
3321,2021,4,513.58
3321,2022,1,664.5
3321,2022,2,709.5
3321,2022,3,760.83
3321,2022,4,722.5
3321,2023,1,689.33
3321,2023,2,658.0
3321,2023,3,606.5
3321,2023,4,642.33
3321,2024,1,586.33
3321,2024,2,590.5
3321,2024,3,615.83
3321,2024,4,514.0
3321,2025,1,526.0
3321,2025,2,579.5
3321,2025,3,504.67
3321,2025,4,597.0
3322,2020,1,4895.17
3322,2020,2,3493.12
3322,2020,3,4370.25
3322,2020,4,4813.75
3322,2021,1,4537.42
3322,2021,2,5598.45
3322,2021,3,6294.48
3322,2021,4,6968.0
3322,2022,1,6867.08
3322,2022,2,7226.83
3322,2022,3,7800.75
3322,2022,4,7622.0
3322,2023,1,7883.42
3322,2023,2,8083.42
3322,2023,3,8367.33
3322,2023,4,8587.92
3322,2024,1,7756.25
3322,2024,2,7529.82
3322,2024,3,7681.15
3322,2024,4,8145.95
3322,2025,1,7440.82
3322,2025,2,7553.55
3322,2025,3,8291.15
3322,2025,4,7807.17
3323,2020,1,788.17
3323,2020,2,562.67
3323,2020,3,548.67
3323,2020,4,601.67
3323,2021,1,704.42
3323,2021,2,774.33
3323,2021,3,894.5
3323,2021,4,980.0
3323,2022,1,1132.17
3323,2022,2,1225.25
3323,2022,3,1146.0
3323,2022,4,1049.67
3323,2023,1,1055.83
3323,2023,2,1004.83
3323,2023,3,899.92
3323,2023,4,812.75
3323,2024,1,902.33
3323,2024,2,793.83
3323,2024,3,724.5
3323,2024,4,672.75
3323,2025,1,739.55
3323,2025,2,701.24
3323,2025,3,660.31
3323,2025,4,615.08
3330,2020,1,1090.58
3330,2020,2,772.5
3330,2020,3,725.92
3330,2020,4,863.42
3330,2021,1,958.87
3330,2021,2,1067.83
3330,2021,3,1143.0
3330,2021,4,1276.25
3330,2022,1,1328.37
3330,2022,2,1381.4
3330,2022,3,1246.0
3330,2022,4,1330.08
3330,2023,1,1262.5
3330,2023,2,1230.83
3330,2023,3,1127.83
3330,2023,4,1099.5
3330,2024,1,1061.58
3330,2024,2,1047.92
3330,2024,3,996.58
3330,2024,4,964.54
3330,2025,1,983.54
3330,2025,2,963.95
3330,2025,3,834.78
3330,2025,4,920.58
3331,2020,1,243.5
3331,2020,2,150.0
3331,2020,3,206.17
3331,2020,4,217.0
3331,2021,1,211.0
3331,2021,2,246.83
3331,2021,3,299.83
3331,2021,4,334.17
3331,2022,1,357.83
3331,2022,2,348.83
3331,2022,3,416.17
3331,2022,4,364.17
3331,2023,1,340.5
3331,2023,2,289.67
3331,2023,3,299.5
3331,2023,4,256.83
3331,2024,1,287.17
3331,2024,2,260.83
3331,2024,3,276.5
3331,2024,4,260.33
3331,2025,1,265.5
3331,2025,2,256.5
3331,2025,3,291.0
3331,2025,4,300.33
3332,2020,1,222.76
3332,2020,2,105.76
3332,2020,3,74.7
3332,2020,4,74.2
3332,2021,1,103.17
3332,2021,2,152.05
3332,2021,3,218.38
3332,2021,4,259.47
3332,2022,1,286.08
3332,2022,2,328.5
3332,2022,3,308.38
3332,2022,4,290.21
3332,2023,1,310.38
3332,2023,2,267.71
3332,2023,3,260.38
3332,2023,4,238.55
3332,2024,1,251.21
3332,2024,2,204.33
3332,2024,3,208.67
3332,2024,4,220.33
3332,2025,1,212.17
3332,2025,2,196.0
3332,2025,3,189.5
3332,2025,4,210.83
3333,2020,1,81.83
3333,2020,2,110.0
3333,2020,3,88.83
3333,2020,4,81.0
3333,2021,1,76.0
3333,2021,2,77.5
3333,2021,3,101.5
3333,2021,4,77.33
3333,2022,1,94.33
3333,2022,2,116.17
3333,2022,3,70.0
3333,2022,4,91.83
3333,2023,1,104.0
3333,2023,2,84.33
3333,2023,3,74.33
3333,2023,4,80.33
3333,2024,1,94.17
3333,2024,2,113.67
3333,2024,3,101.33
3333,2024,4,105.67
3333,2025,1,115.87
3333,2025,2,119.57
3333,2025,3,105.57
3333,2025,4,104.83
3334,2020,1,506.83
3334,2020,2,512.17
3334,2020,3,607.17
3334,2020,4,588.33
3334,2021,1,565.5
3334,2021,2,637.67
3334,2021,3,889.83
3334,2021,4,924.17
3334,2022,1,969.5
3334,2022,2,967.67
3334,2022,3,1404.83
3334,2022,4,1687.67
3334,2023,1,2427.33
3334,2023,2,1552.17
3334,2023,3,2075.17
3334,2023,4,2515.33
3334,2024,1,2414.67
3334,2024,2,1958.0
3334,2024,3,1869.67
3334,2024,4,1720.17
3334,2025,1,2304.03
3334,2025,2,2706.83
3334,2025,3,1266.33
3334,2025,4,1352.67
3339,2020,1,99.33
3339,2020,2,64.0
3339,2020,3,57.33
3339,2020,4,61.67
3339,2021,1,76.33
3339,2021,2,85.33
3339,2021,3,84.5
3339,2021,4,73.5
3339,2022,1,74.0
3339,2022,2,108.0
3339,2022,3,72.83
3339,2022,4,67.17
3339,2023,1,84.17
3339,2023,2,86.33
3339,2023,3,76.83
3339,2023,4,67.5
3339,2024,1,64.83
3339,2024,2,69.0
3339,2024,3,71.33
3339,2024,4,59.67
3339,2025,1,53.33
3339,2025,2,78.67
3339,2025,3,75.33
3339,2025,4,70.5
3340,2020,1,374.67
3340,2020,2,283.0
3340,2020,3,264.17
3340,2020,4,294.67
3340,2021,1,317.7
3340,2021,2,320.7
3340,2021,3,341.0
3340,2021,4,400.67
3340,2022,1,426.17
3340,2022,2,434.83
3340,2022,3,416.37
3340,2022,4,454.17
3340,2023,1,454.83
3340,2023,2,446.75
3340,2023,3,377.25
3340,2023,4,405.37
3340,2024,1,414.92
3340,2024,2,359.17
3340,2024,3,287.25
3340,2024,4,300.25
3340,2025,1,381.83
3340,2025,2,386.5
3340,2025,3,277.75
3340,2025,4,317.08
3342,2020,1,240.33
3342,2020,2,177.5
3342,2020,3,181.17
3342,2020,4,185.33
3342,2021,1,221.5
3342,2021,2,228.5
3342,2021,3,256.33
3342,2021,4,280.17
3342,2022,1,276.17
3342,2022,2,278.67
3342,2022,3,303.83
3342,2022,4,324.83
3342,2023,1,340.83
3342,2023,2,320.83
3342,2023,3,264.17
3342,2023,4,295.17
3342,2024,1,304.67
3342,2024,2,309.67
3342,2024,3,296.17
3342,2024,4,297.67
3342,2025,1,292.75
3342,2025,2,306.58
3342,2025,3,273.67
3342,2025,4,296.0
3343,2020,1,934.17
3343,2020,2,649.17
3343,2020,3,631.83
3343,2020,4,651.58
3343,2021,1,733.92
3343,2021,2,802.17
3343,2021,3,853.73
3343,2021,4,1060.64
3343,2022,1,1144.29
3343,2022,2,1264.54
3343,2022,3,1271.67
3343,2022,4,1218.25
3343,2023,1,1203.42
3343,2023,2,1211.33
3343,2023,3,1085.98
3343,2023,4,955.83
3343,2024,1,992.42
3343,2024,2,967.0
3343,2024,3,911.5
3343,2024,4,854.23
3343,2025,1,1041.13
3343,2025,2,977.57
3343,2025,3,792.95
3343,2025,4,758.7
3344,2020,1,346.0
3344,2020,2,247.83
3344,2020,3,268.42
3344,2020,4,276.42
3344,2021,1,292.75
3344,2021,2,388.25
3344,2021,3,410.42
3344,2021,4,469.33
3344,2022,1,517.08
3344,2022,2,477.25
3344,2022,3,486.32
3344,2022,4,492.92
3344,2023,1,530.17
3344,2023,2,519.67
3344,2023,3,462.83
3344,2023,4,435.97
3344,2024,1,470.65
3344,2024,2,474.58
3344,2024,3,421.67
3344,2024,4,363.8
3344,2025,1,439.89
3344,2025,2,386.0
3344,2025,3,359.5
3344,2025,4,389.67
3350,2020,1,68.17
3350,2020,2,56.17
3350,2020,3,47.5
3350,2020,4,66.67
3350,2021,1,61.83
3350,2021,2,55.5
3350,2021,3,68.17
3350,2021,4,77.33
3350,2022,1,79.83
3350,2022,2,74.83
3350,2022,3,78.83
3350,2022,4,73.67
3350,2023,1,84.33
3350,2023,2,68.0
3350,2023,3,74.33
3350,2023,4,80.67
3350,2024,1,90.33
3350,2024,2,86.5
3350,2024,3,76.5
3350,2024,4,76.83
3350,2025,1,84.83
3350,2025,2,66.5
3350,2025,3,69.33
3350,2025,4,60.83
3352,2020,1,80.83
3352,2020,2,55.5
3352,2020,3,48.67
3352,2020,4,54.67
3352,2021,1,62.33
3352,2021,2,68.5
3352,2021,3,59.17
3352,2021,4,73.92
3352,2022,1,66.75
3352,2022,2,90.17
3352,2022,3,90.0
3352,2022,4,86.83
3352,2023,1,125.67
3352,2023,2,101.75
3352,2023,3,84.58
3352,2023,4,82.42
3352,2024,1,104.75
3352,2024,2,100.5
3352,2024,3,90.17
3352,2024,4,85.08
3352,2025,1,80.92
3352,2025,2,84.33
3352,2025,3,87.33
3352,2025,4,85.83
3353,2020,1,223.63
3353,2020,2,180.88
3353,2020,3,233.85
3353,2020,4,233.42
3353,2021,1,245.87
3353,2021,2,254.87
3353,2021,3,263.51
3353,2021,4,222.02
3353,2022,1,305.71
3353,2022,2,337.01
3353,2022,3,358.87
3353,2022,4,406.2
3353,2023,1,446.53
3353,2023,2,464.0
3353,2023,3,450.03
3353,2023,4,418.67
3353,2024,1,434.83
3353,2024,2,424.87
3353,2024,3,495.17
3353,2024,4,482.0
3353,2025,1,482.08
3353,2025,2,504.17
3353,2025,3,442.95
3353,2025,4,397.2
3355,2020,1,67.83
3355,2020,2,48.0
3355,2020,3,56.0
3355,2020,4,72.83
3355,2021,1,80.0
3355,2021,2,63.17
3355,2021,3,75.83
3355,2021,4,73.83
3355,2022,1,91.33
3355,2022,2,128.67
3355,2022,3,83.0
3355,2022,4,78.17
3355,2023,1,89.5
3355,2023,2,68.5
3355,2023,3,67.2
3355,2023,4,68.53
3355,2024,1,81.67
3355,2024,2,89.17
3355,2024,3,60.5
3355,2024,4,75.0
3355,2025,1,77.7
3355,2025,2,69.15
3355,2025,3,62.5
3355,2025,4,56.33
3411,2020,1,82.33
3411,2020,2,64.33
3411,2020,3,68.67
3411,2020,4,80.67
3411,2021,1,76.67
3411,2021,2,88.83
3411,2021,3,98.5
3411,2021,4,115.83
3411,2022,1,114.5
3411,2022,2,126.33
3411,2022,3,107.0
3411,2022,4,129.25
3411,2023,1,171.33
3411,2023,2,126.17
3411,2023,3,144.17
3411,2023,4,136.17
3411,2024,1,131.33
3411,2024,2,149.0
3411,2024,3,124.92
3411,2024,4,92.83
3411,2025,1,110.92
3411,2025,2,133.92
3411,2025,3,120.08
3411,2025,4,90.33
3412,2020,1,69.33
3412,2020,2,78.5
3412,2020,3,78.83
3412,2020,4,62.17
3412,2021,1,58.5
3412,2021,2,66.0
3412,2021,3,52.5
3412,2021,4,54.0
3412,2022,1,66.0
3412,2022,2,70.0
3412,2022,3,72.5
3412,2022,4,69.5
3412,2023,1,87.0
3412,2023,2,82.0
3412,2023,3,81.67
3412,2023,4,77.0
3412,2024,1,68.5
3412,2024,2,73.0
3412,2024,3,76.5
3412,2024,4,76.17
3412,2025,1,77.67
3412,2025,2,85.33
3412,2025,3,82.33
3412,2025,4,78.0
3422,2020,1,123.33
3422,2020,2,134.75
3422,2020,3,126.67
3422,2020,4,115.6
3422,2021,1,109.93
3422,2021,2,136.33
3422,2021,3,123.0
3422,2021,4,114.25
3422,2022,1,130.5
3422,2022,2,178.17
3422,2022,3,136.33
3422,2022,4,148.33
3422,2023,1,132.67
3422,2023,2,159.83
3422,2023,3,147.25
3422,2023,4,119.5
3422,2024,1,125.33
3422,2024,2,171.83
3422,2024,3,130.83
3422,2024,4,113.08
3422,2025,1,109.25
3422,2025,2,155.42
3422,2025,3,133.33
3422,2025,4,134.58
3423,2020,1,420.17
3423,2020,2,340.33
3423,2020,3,424.0
3423,2020,4,424.33
3423,2021,1,311.53
3423,2021,2,468.28
3423,2021,3,460.92
3423,2021,4,451.08
3423,2022,1,390.0
3423,2022,2,369.53
3423,2022,3,418.0
3423,2022,4,404.53
3423,2023,1,436.67
3423,2023,2,343.83
3423,2023,3,344.33
3423,2023,4,464.17
3423,2024,1,512.17
3423,2024,2,535.83
3423,2024,3,527.67
3423,2024,4,523.33
3423,2025,1,599.5
3423,2025,2,567.33
3423,2025,3,546.83
3423,2025,4,497.67
3432,2020,1,103.5
3432,2020,2,62.5
3432,2020,3,91.5
3432,2020,4,91.33
3432,2021,1,63.33
3432,2021,2,86.33
3432,2021,3,134.5
3432,2021,4,130.33
3432,2022,1,110.17
3432,2022,2,110.5
3432,2022,3,162.5
3432,2022,4,161.58
3432,2023,1,123.17
3432,2023,2,99.33
3432,2023,3,120.33
3432,2023,4,114.33
3432,2024,1,82.33
3432,2024,2,74.0
3432,2024,3,103.0
3432,2024,4,63.67
3432,2025,1,60.4
3432,2025,2,61.0
3432,2025,3,77.17
3432,2025,4,70.33
3433,2020,1,63.0
3433,2020,2,33.83
3433,2020,3,34.17
3433,2020,4,43.0
3433,2021,1,52.83
3433,2021,2,63.33
3433,2021,3,54.67
3433,2021,4,55.67
3433,2022,1,64.25
3433,2022,2,73.42
3433,2022,3,75.42
3433,2022,4,59.58
3433,2023,1,97.17
3433,2023,2,87.33
3433,2023,3,75.83
3433,2023,4,84.33
3433,2024,1,77.5
3433,2024,2,59.67
3433,2024,3,56.33
3433,2024,4,59.5
3433,2025,1,55.33
3433,2025,2,48.5
3433,2025,3,42.33
3433,2025,4,57.2
3434,2020,1,882.67
3434,2020,2,469.83
3434,2020,3,477.17
3434,2020,4,323.0
3434,2021,1,279.17
3434,2021,2,521.83
3434,2021,3,719.9
3434,2021,4,666.63
3434,2022,1,745.3
3434,2022,2,852.42
3434,2022,3,914.98
3434,2022,4,819.57
3434,2023,1,918.0
3434,2023,2,923.67
3434,2023,3,907.75
3434,2023,4,780.72
3434,2024,1,809.75
3434,2024,2,810.17
3434,2024,3,849.5
3434,2024,4,693.33
3434,2025,1,776.17
3434,2025,2,712.08
3434,2025,3,745.58
3434,2025,4,796.67
3435,2020,1,43.7
3435,2020,2,40.37
3435,2020,3,34.53
3435,2020,4,37.37
3435,2021,1,38.53
3435,2021,2,46.7
3435,2021,3,50.03
3435,2021,4,61.03
3435,2022,1,70.7
3435,2022,2,86.2
3435,2022,3,79.7
3435,2022,4,73.9
3435,2023,1,77.2
3435,2023,2,69.2
3435,2023,3,60.7
3435,2023,4,62.7
3435,2024,1,76.2
3435,2024,2,58.7
3435,2024,3,47.45
3435,2024,4,55.2
3435,2025,1,82.57
3435,2025,2,65.7
3435,2025,3,60.28
3435,2025,4,60.78
3500,2020,1,729.87
3500,2020,2,503.5
3500,2020,3,780.75
3500,2020,4,747.08
3500,2021,1,633.25
3500,2021,2,755.17
3500,2021,3,979.0
3500,2021,4,1008.08
3500,2022,1,1045.33
3500,2022,2,1203.5
3500,2022,3,1206.92
3500,2022,4,1001.45
3500,2023,1,982.92
3500,2023,2,670.83
3500,2023,3,842.0
3500,2023,4,673.03
3500,2024,1,565.87
3500,2024,2,538.7
3500,2024,3,828.37
3500,2024,4,601.12
3500,2025,1,432.81
3500,2025,2,413.13
3500,2025,3,702.53
3500,2025,4,530.25
3510,2020,1,44.83
3510,2020,2,21.5
3510,2020,3,25.0
3510,2020,4,65.5
3510,2021,1,39.33
3510,2021,2,49.83
3510,2021,3,39.83
3510,2021,4,50.0
3510,2022,1,50.5
3510,2022,2,69.0
3510,2022,3,70.5
3510,2022,4,54.83
3510,2023,1,51.83
3510,2023,2,32.5
3510,2023,3,29.0
3510,2023,4,39.5
3510,2024,1,48.17
3510,2024,2,35.67
3510,2024,3,23.83
3510,2024,4,23.5
3510,2025,1,21.5
3510,2025,2,19.0
3510,2025,3,20.0
3510,2025,4,11.5
3511,2020,1,40.33
3511,2020,2,60.5
3511,2020,3,39.0
3511,2020,4,33.0
3511,2021,1,64.5
3511,2021,2,39.83
3511,2021,3,59.83
3511,2021,4,57.0
3511,2022,1,77.67
3511,2022,2,77.17
3511,2022,3,110.33
3511,2022,4,106.33
3511,2023,1,123.0
3511,2023,2,58.83
3511,2023,3,38.5
3511,2023,4,29.33
3511,2024,1,29.5
3511,2024,2,40.5
3511,2024,3,34.0
3511,2024,4,34.0
3511,2025,1,39.12
3511,2025,2,32.98
3511,2025,3,29.15
3511,2025,4,32.0
3512,2020,1,1137.0
3512,2020,2,937.08
3512,2020,3,976.83
3512,2020,4,987.17
3512,2021,1,1342.33
3512,2021,2,1572.75
3512,2021,3,1487.0
3512,2021,4,1826.17
3512,2022,1,2257.33
3512,2022,2,2202.0
3512,2022,3,2002.67
3512,2022,4,2124.75
3512,2023,1,2211.42
3512,2023,2,1257.17
3512,2023,3,1094.83
3512,2023,4,1025.5
3512,2024,1,992.17
3512,2024,2,938.53
3512,2024,3,829.28
3512,2024,4,811.78
3512,2025,1,882.47
3512,2025,2,804.28
3512,2025,3,751.25
3512,2025,4,749.75
3521,2020,1,112.77
3521,2020,2,82.1
3521,2020,3,69.77
3521,2020,4,81.6
3521,2021,1,71.43
3521,2021,2,131.27
3521,2021,3,119.77
3521,2021,4,143.93
3521,2022,1,138.93
3521,2022,2,163.6
3521,2022,3,171.3
3521,2022,4,161.23
3521,2023,1,159.13
3521,2023,2,152.97
3521,2023,3,134.27
3521,2023,4,121.6
3521,2024,1,126.93
3521,2024,2,120.43
3521,2024,3,120.77
3521,2024,4,120.35
3521,2025,1,124.27
3521,2025,2,130.8
3521,2025,3,116.67
3521,2025,4,94.68
