soc_code,s_ij,E_j,E_sub_j,E_aug_j,isco_4digit,mapping_stage,ch_isco_4digit,ch_isco_label,main_group,employed_2022,employed_2024,delta_bfs,is_outlier
11-1011.00,0.09805704745441288,0.0,0.0,0.0,1120,1,1120,Geschäftsführer und Vorstände,1,134.88761828972696,137.1951616627503,1.7107154846984889,False
11-1011.03,0.1648105980120238,0.0,0.0,0.0,2133,1,2133,Umweltwissenschaftler,2,3.499424292972,4.195820269836831,19.90030126565172,False
11-2011.00,0.09984041111224931,0.0,0.0,0.0,2431,1,2431,Fachkräfte in Marketing und Werbung,2,43.93795628549201,43.92670158260029,-0.0256149895060899,False
11-2021.00,0.04094157450303583,0.0,0.0,0.0,1221,1,1221,Führungskräfte in Vertrieb und Marketing,1,52.72827724799202,55.21365268686552,4.713553274620107,False
11-2022.00,0.0,0.0,0.0,0.0,1221,1,1221,Führungskräfte in Vertrieb und Marketing,1,52.72827724799202,55.21365268686552,4.713553274620107,False
11-3012.00,0.039486142042475754,0.0,0.0,0.0,1349,1,1349,"Führungskräfte in der Erbringung von spezialisierten Dienstleistungen, anderweitig nicht genannt",1,8.184198786407,8.565180039903229,4.65508308680129,False
11-3013.00,0.0,0.0,0.0,0.0,1219,1,1219,"Führungskräfte in der betrieblichen Administration und in unternehmensbezogenen Dienstleistungen, anderweitig nicht genannt",1,11.188193659694004,13.16862356373752,17.701069218868735,False
11-3013.01,0.016198365445637027,0.0,0.0,0.0,1219,1,1219,"Führungskräfte in der betrieblichen Administration und in unternehmensbezogenen Dienstleistungen, anderweitig nicht genannt",1,11.188193659694004,13.16862356373752,17.701069218868735,False
11-3031.00,0.1245025863824422,0.0,0.0,0.0,1211,1,1211,Führungskräfte im Bereich Finanzen,1,21.499894461505,19.925565280223204,-7.322497252721817,False
11-3031.01,0.30934409161554244,0.0,0.0,0.0,1211,1,1211,Führungskräfte im Bereich Finanzen,1,21.499894461505,19.925565280223204,-7.322497252721817,False
11-3031.03,0.3714833552485622,0.0,0.0,0.0,2412,1,2412,Finanz- und Anlageberater,2,19.897725421554,20.81871100519237,4.628597310126321,False
11-3051.00,0.0,0.0,0.0,0.0,1321,1,1321,Führungskräfte in der Produktion von Waren,1,34.40472682012501,33.7528023397626,-1.8948689340589904,False
11-3051.01,0.10505373627603708,0.0,0.0,0.0,1321,1,1321,Führungskräfte in der Produktion von Waren,1,34.40472682012501,33.7528023397626,-1.8948689340589904,False
11-3051.02,0.0,0.0,0.0,0.0,1219,1,1219,"Führungskräfte in der betrieblichen Administration und in unternehmensbezogenen Dienstleistungen, anderweitig nicht genannt",1,11.188193659694004,13.16862356373752,17.701069218868735,False
11-3051.03,0.0,0.0,0.0,0.0,1219,1,1219,"Führungskräfte in der betrieblichen Administration und in unternehmensbezogenen Dienstleistungen, anderweitig nicht genannt",1,11.188193659694004,13.16862356373752,17.701069218868735,False
11-3051.04,0.0,0.0,0.0,0.0,1219,1,1219,"Führungskräfte in der betrieblichen Administration und in unternehmensbezogenen Dienstleistungen, anderweitig nicht genannt",1,11.188193659694004,13.16862356373752,17.701069218868735,False
11-3051.06,0.0,0.0,0.0,0.0,1219,1,1219,"Führungskräfte in der betrieblichen Administration und in unternehmensbezogenen Dienstleistungen, anderweitig nicht genannt",1,11.188193659694004,13.16862356373752,17.701069218868735,False
11-3061.00,0.006046992968106695,0.0,0.0,0.0,3323,1,3323,Einkäufer,3,10.104688062421005,10.266898583215756,1.6052996370863597,False
11-3071.00,0.0,0.0,0.0,0.0,1324,1,1324,"Führungskräfte in der Beschaffung, Logistik und in verwandten Bereichen",1,18.928098152166,21.1017139561925,11.483540430488349,False
11-3071.04,0.03190260385886113,0.0,0.0,0.0,1324,1,1324,"Führungskräfte in der Beschaffung, Logistik und in verwandten Bereichen",1,18.928098152166,21.1017139561925,11.483540430488349,False
11-3111.00,0.2279640965894488,0.0,0.0,0.0,1212,1,1212,Führungskräfte im Personalwesen,1,13.564983511046998,13.724554056355064,1.1763416091004857,False
11-3121.00,0.0,0.0,0.0,0.0,1212,1,1212,Führungskräfte im Personalwesen,1,13.564983511046998,13.724554056355064,1.1763416091004857,False
11-3131.00,0.01667074700960604,0.0,0.0,0.0,2424,1,2424,Fachkräfte in Personalschulung und -entwicklung,2,6.644263679097,6.926895695942648,4.2537748424225486,False
11-9013.00,0.0,0.0,0.0,0.0,1311,1,1311,Führungskräfte in der Produktion in Land- und Forstwirtschaft,1,0.461633413851,0.7439693523178712,61.1602041783743,True
11-9021.00,0.0,0.0,0.0,0.0,1323,1,1323,Führungskräfte in der Produktion im Bau,1,7.393838464748998,7.563892914740079,2.2999481365712278,False
11-9031.00,0.0,0.0,0.0,0.0,1341,1,1341,Führungskräfte in der Erbringung von Dienstleistungen der Kinderbetreuung,1,3.922539975932,3.4693109976298317,-11.554476973672667,False
11-9032.00,0.0,0.0,0.0,0.0,1345,1,1345,Führungskräfte in der Erbringung von Dienstleistungen des Bildungswesens,1,11.028094699376,10.289950045270016,-6.693310805063635,False
11-9041.01,0.3176184402049941,0.0,0.0,0.0,1223,1,1223,Führungskräfte in Forschung und Entwicklung,1,7.978092085696001,9.415763923087622,18.02024621863212,False
11-9051.00,0.0,0.0,0.0,0.0,1412,1,1412,Führungskräfte in Restaurants,1,19.072046092383005,18.02767534569753,-5.47592398648079,False
11-9071.00,0.002086908144342956,0.0,0.0,0.0,1431,1,1431,"Führungskräfte in der Erbringung von Dienstleistungen im Bereich Sport, Erholung und Kultur",1,3.431486778191001,3.0208506211645925,-11.966712494310872,False
11-9072.00,0.0,0.0,0.0,0.0,1431,1,1431,"Führungskräfte in der Erbringung von Dienstleistungen im Bereich Sport, Erholung und Kultur",1,3.431486778191001,3.0208506211645925,-11.966712494310872,False
11-9081.00,0.0,0.0,0.0,0.0,1411,1,1411,Führungskräfte in Hotels,1,7.145420438866,7.373899343391159,3.197557183372949,False
11-9111.00,0.014746793083878666,0.0,0.0,0.0,1342,1,1342,Führungskräfte in der Gesundheitsversorgung,1,4.720166093993001,3.964401059559405,-16.01140763659569,False
11-9121.00,0.23255830459839508,0.0,0.0,0.0,1223,1,1223,Führungskräfte in Forschung und Entwicklung,1,7.978092085696001,9.415763923087622,18.02024621863212,False
11-9121.02,0.32360498515469754,0.0,0.0,0.0,2133,1,2133,Umweltwissenschaftler,2,3.499424292972,4.195820269836831,19.90030126565172,False
11-9141.00,0.1363401949588505,0.0,0.0,0.0,3334,1,3334,Immobilienmakler und -verwalter,3,24.240044403385003,24.235080118485676,-0.0204796856668994,False
11-9151.00,0.0,0.0,0.0,0.0,1344,1,1344,Führungskräfte in der Erbringung von Dienstleistungen der sozialen Institutionen,1,3.260227311051,2.895100305320919,-11.199433993219786,False
11-9179.01,0.0,0.0,0.0,0.0,1431,1,1431,"Führungskräfte in der Erbringung von Dienstleistungen im Bereich Sport, Erholung und Kultur",1,3.431486778191001,3.0208506211645925,-11.966712494310872,False
11-9179.02,0.0,0.0,0.0,0.0,1431,1,1431,"Führungskräfte in der Erbringung von Dienstleistungen im Bereich Sport, Erholung und Kultur",1,3.431486778191001,3.0208506211645925,-11.966712494310872,False
11-9199.01,0.24384930513727157,0.0,0.0,0.0,2422,1,2422,Spezialisten in der strategischen Planung in Politik und Wirtschaft,2,2.9147980542490006,5.080192459807278,74.2896888654673,True
11-9199.02,0.19112446390466134,0.0,0.0,0.0,2619,1,2619,"Juristen, anderweitig nicht genannt",2,13.337931516611995,13.413769730663356,0.5685905191288955,False
11-9199.09,0.0,0.0,0.0,0.0,2149,1,2149,"Ingenieure, anderweitig nicht genannt",2,5.215934733249,4.863642360752166,-6.754156071991167,False
11-9199.10,0.08041487223084108,0.0,0.0,0.0,1219,1,1219,"Führungskräfte in der betrieblichen Administration und in unternehmensbezogenen Dienstleistungen, anderweitig nicht genannt",1,11.188193659694004,13.16862356373752,17.701069218868735,False
11-9199.11,0.19648114821817253,0.0,0.0,0.0,2143,1,2143,Umweltschutzingenieure,2,1.509607549755,1.708519801270991,13.176421351911834,False
13-1011.00,0.0,0.0,0.0,0.0,2654,1,2654,Regisseure und Produzenten im Film- und Bühnenbereich sowie in verwandten Bereichen,2,5.632197512363999,6.4874852608908045,15.185684568931537,False
13-1023.00,0.1636805706502293,0.0,0.0,0.0,3323,1,3323,Einkäufer,3,10.104688062421005,10.266898583215756,1.6052996370863597,False
13-1031.00,0.29985744432028094,0.0,0.0,0.0,3315,1,3315,Schätzer und Schadensgutachter,3,3.6551101946799993,3.6223267584318464,-0.8969205988883489,False
13-1032.00,0.21056778127918563,0.0,0.0,0.0,3315,1,3315,Schätzer und Schadensgutachter,3,3.6551101946799993,3.6223267584318464,-0.8969205988883489,False
13-1041.00,0.13107901039178618,0.0,0.0,0.0,3359,1,3359,"Fachkräfte in der öffentlichen Verwaltung, anderweitig nicht genannt",3,1.1952449879130005,0.8915400349132869,-25.409431210417218,False
13-1041.03,0.23707287284853024,0.0,0.0,0.0,2422,1,2422,Spezialisten in der strategischen Planung in Politik und Wirtschaft,2,2.9147980542490006,5.080192459807278,74.2896888654673,True
13-1041.04,0.1466510732309731,0.0,0.0,0.0,3112,1,3112,Bauführer und Bautechniker,3,38.516833221537,38.94519300831815,1.1121365671922114,False
13-1041.07,0.22667986539677334,0.0,0.0,0.0,2619,1,2619,"Juristen, anderweitig nicht genannt",2,13.337931516611995,13.413769730663356,0.5685905191288955,False
13-1051.00,0.4134746680570697,0.0,0.0,0.0,2421,1,2421,Spezialisten im Bereich Management- und Organisationsanalyse,2,23.15272405713,25.047760093979186,8.184937686697829,False
13-1071.00,0.14322947755881327,0.0,0.0,0.0,2423,1,2423,Berufsberater und -analytiker und vergleichbare Spezialisten der Personalwesen,2,22.044454867828005,27.63613744207947,25.365483554832863,False
13-1074.00,0.0,0.0,0.0,0.0,3333,1,3333,Arbeits- und Personalvermittler,3,1.4332020387599995,1.4220041110155557,-0.7813223426707291,False
13-1081.01,0.4244997259931747,0.0,0.0,0.0,1324,1,1324,"Führungskräfte in der Beschaffung, Logistik und in verwandten Bereichen",1,18.928098152166,21.1017139561925,11.483540430488349,False
13-1111.00,0.277529822867511,0.0,0.0,0.0,2422,1,2422,Spezialisten in der strategischen Planung in Politik und Wirtschaft,2,2.9147980542490006,5.080192459807278,74.2896888654673,True
13-1121.00,0.0,0.0,0.0,0.0,3332,1,3332,Konferenz- und Veranstaltungsplaner,3,4.823599589778,6.026339973511182,24.93449883945564,False
13-1131.00,0.11142102398172642,0.0,0.0,0.0,2432,1,2432,Fachkräfte in der Öffentlichkeitsarbeit,2,5.166502693133,5.007895832675806,-3.069907631481635,False
13-1161.01,0.40280540845212925,0.0,0.0,0.0,2431,1,2431,Fachkräfte in Marketing und Werbung,2,43.93795628549201,43.92670158260029,-0.0256149895060899,False
13-1199.04,0.23634973259037523,0.0,0.0,0.0,2529,1,2529,"Fachkräfte für Datenbanken und Netzwerke, anderweitig nicht genannt.",2,4.8492228385630005,6.558325060565179,35.24486869134368,False
13-1199.06,0.3521515373016189,0.0,0.0,0.0,2431,1,2431,Fachkräfte in Marketing und Werbung,2,43.93795628549201,43.92670158260029,-0.0256149895060899,False
13-1199.07,0.14063961912001666,0.0,0.0,0.0,2529,1,2529,"Fachkräfte für Datenbanken und Netzwerke, anderweitig nicht genannt.",2,4.8492228385630005,6.558325060565179,35.24486869134368,False
13-2022.00,0.47955495610611215,0.0,0.0,0.0,3315,1,3315,Schätzer und Schadensgutachter,3,3.6551101946799993,3.6223267584318464,-0.8969205988883489,False
13-2031.00,0.4965601929947205,0.0,0.0,0.0,2411,1,2411,"Wirtschaftsprüfer, Steuerberater und verwandte Berufe",2,30.91757631977699,32.86095748101834,6.285684043086613,False
13-2041.00,0.47801213481136257,0.0,0.0,0.0,3312,1,3312,Fachkräfte im Bereich Kredit und Darlehen,3,1.933962219203,2.110797466890553,9.143676434404602,False
13-2052.00,0.38866666280199036,0.0,0.0,0.0,2412,1,2412,Finanz- und Anlageberater,2,19.897725421554,20.81871100519237,4.628597310126321,False
13-2061.00,0.2381342484883129,0.0,0.0,0.0,2411,1,2411,"Wirtschaftsprüfer, Steuerberater und verwandte Berufe",2,30.91757631977699,32.86095748101834,6.285684043086613,False
13-2071.00,0.32087524944776313,0.0,0.0,0.0,3312,1,3312,Fachkräfte im Bereich Kredit und Darlehen,3,1.933962219203,2.110797466890553,9.143676434404602,False
13-2072.00,0.3271608371983592,0.0,0.0,0.0,3312,1,3312,Fachkräfte im Bereich Kredit und Darlehen,3,1.933962219203,2.110797466890553,9.143676434404602,False
13-2081.00,0.26543827439113465,0.0,0.0,0.0,2411,1,2411,"Wirtschaftsprüfer, Steuerberater und verwandte Berufe",2,30.91757631977699,32.86095748101834,6.285684043086613,False
13-2082.00,0.4515541277692605,0.0,0.0,0.0,2411,1,2411,"Wirtschaftsprüfer, Steuerberater und verwandte Berufe",2,30.91757631977699,32.86095748101834,6.285684043086613,False
13-2099.01,0.4639168420038665,0.0,0.0,0.0,2413,1,2413,Finanzanalysten,2,11.92703184398,12.734364557981875,6.768932325852428,False
15-1211.00,0.38668450861263526,0.0,0.0,0.0,2511,1,2511,Systemanalytiker,2,29.740223548839005,32.15004470820105,8.102901968455852,False
15-1211.01,0.3508986444553044,0.0,0.0,0.0,3252,1,3252,Fachkräfte im Bereich medizinische Dokumentation und Information,3,0.707328782249,0.6898539063011778,-2.470545011933432,False
15-1212.00,0.47720086160971353,0.0,0.0,0.0,2529,1,2529,"Fachkräfte für Datenbanken und Netzwerke, anderweitig nicht genannt.",2,4.8492228385630005,6.558325060565179,35.24486869134368,False
15-1231.00,0.30186268140423766,0.0,0.0,0.0,2522,1,2522,Systemadministratoren,2,7.8538938488240015,7.015214286634813,-10.67851919484203,False
15-1232.00,0.2914059370432353,0.0,0.0,0.0,3512,1,3512,Techniker für die Anwenderbetreuung in der Informations- und Kommunikationstechnologie,3,13.888323471840003,14.047835770181605,1.1485353049634035,False
15-1241.00,0.4371720545364654,0.0,0.0,0.0,2523,1,2523,Fachkräfte für Computernetzwerke,2,2.810723149023,3.2563318829901973,15.853882091592324,False
15-1241.01,0.3087297238149287,0.0,0.0,0.0,2153,1,2153,Ingenieure im Bereich Telekommunikationstechnik,2,1.651368126398,1.1481756527764473,-30.471247784049645,True
15-1242.00,0.5873682212952165,0.0,0.0,0.0,2521,1,2521,Datenbankentwickler und -administratoren,2,4.259532754658,5.595270601260391,31.35878800654129,False
15-1243.00,0.5173678370851301,0.0,0.0,0.0,2521,1,2521,Datenbankentwickler und -administratoren,2,4.259532754658,5.595270601260391,31.35878800654129,False
15-1251.00,0.5738996799126658,0.0,0.0,0.0,2514,1,2514,Anwendungsprogrammierer,2,12.634662618871998,13.834326672812937,9.495022464225034,False
15-1252.00,0.466865731044198,0.0,0.0,0.0,2512,1,2512,Softwareentwickler,2,68.19933209303699,71.44350839669346,4.756903336283109,False
15-1253.00,0.46358577433571685,0.0,0.0,0.0,2519,1,2519,"Entwickler und Analytiker von Software und Anwendungen, anderweitig nicht genannt",2,2.6580083804119994,2.8958302583726145,8.947371261626799,False
15-1254.00,0.4929630476428056,0.0,0.0,0.0,2513,1,2513,Mediamatiker,2,5.302707827998,4.9787925200163,-6.10848869084292,False
15-1255.01,0.38333352856957037,0.0,0.0,0.0,2166,1,2166,Grafik- und Multimediadesigner,2,12.445369746459,13.714818712509937,10.20017076159689,False
15-1299.01,0.45400963754678236,0.0,0.0,0.0,2521,1,2521,Datenbankentwickler und -administratoren,2,4.259532754658,5.595270601260391,31.35878800654129,False
15-1299.02,0.5257580557218928,0.0,0.0,0.0,2165,1,2165,Kartografen und Vermessungsingenieure,2,1.377854227406,1.5452771434024477,12.150989028182206,False
15-1299.03,0.4188184494981958,0.0,0.0,0.0,2621,1,2621,Archiv- und Museumswissenschaftler,2,2.5007701291260007,3.436134062024667,37.40303524920816,False
15-1299.08,0.47209582295428776,0.0,0.0,0.0,2511,1,2511,Systemanalytiker,2,29.740223548839005,32.15004470820105,8.102901968455852,False
15-2011.00,0.531881155007123,0.0,0.0,0.0,3321,1,3321,Versicherungsvertreter,3,16.217702350982005,16.324559714630414,0.6588933582317137,False
15-2021.00,0.5851918014286939,0.0,0.0,0.0,2120,1,2120,"Mathematiker, Aktuare und Statistiker",2,8.721144665276999,11.404907910852772,30.77306189244979,False
15-2031.00,0.5845353972840442,0.0,0.0,0.0,2421,1,2421,Spezialisten im Bereich Management- und Organisationsanalyse,2,23.15272405713,25.047760093979186,8.184937686697829,False
15-2041.00,0.6384248420472659,0.0,0.0,0.0,2120,1,2120,"Mathematiker, Aktuare und Statistiker",2,8.721144665276999,11.404907910852772,30.77306189244979,False
15-2041.01,0.49237105958539423,0.0,0.0,0.0,2131,1,2131,"Biologen, Botaniker, Zoologen und verwandte Berufe",2,8.866294443315,9.867582137765408,11.293192447554636,False
15-2051.01,0.5201703232325714,0.0,0.0,0.0,2421,1,2421,Spezialisten im Bereich Management- und Organisationsanalyse,2,23.15272405713,25.047760093979186,8.184937686697829,False
15-2051.02,0.40886952548322025,0.0,0.0,0.0,3252,1,3252,Fachkräfte im Bereich medizinische Dokumentation und Information,3,0.707328782249,0.6898539063011778,-2.470545011933432,False
15-2099.01,0.5452976668696978,0.0,0.0,0.0,3141,1,3141,Biotechniker (ohne medizinische Fachberufe),3,3.350140159418,3.229993311397246,-3.5863230283961043,False
17-1011.00,0.33733265527141665,0.0,0.0,0.0,2161,1,2161,Architekten,2,28.544426125306003,31.36889082452777,9.894978048683711,False
17-1012.00,0.10342366841917586,0.0,0.0,0.0,2162,1,2162,Landschaftsarchitekten,2,1.572515060856,1.6623136588834688,5.71050797940129,False
17-2011.00,0.3657594112353588,0.0,0.0,0.0,3115,1,3115,"Maschinenbautechniker, Techniker im Bereich Systemtechnik, Automation und Unternehmensprozesse",3,11.019605854272998,11.97433846910366,8.663945221420533,False
17-2041.00,0.3973625991308464,0.0,0.0,0.0,2113,1,2113,Chemiker,2,3.974386962397,2.954676445313163,-25.65705168449016,False
17-2051.00,0.3233626616411829,0.0,0.0,0.0,2142,1,2142,Bauingenieure,2,11.233861333084002,10.017360337809963,-10.828876725506763,False
17-2051.01,0.3036506934123421,0.0,0.0,0.0,2142,1,2142,Bauingenieure,2,11.233861333084002,10.017360337809963,-10.828876725506763,False
17-2051.02,0.34513968211860513,0.0,0.0,0.0,2142,1,2142,Bauingenieure,2,11.233861333084002,10.017360337809963,-10.828876725506763,False
17-2061.00,0.5277934475239644,0.0,0.0,0.0,2152,1,2152,Ingenieure im Bereich Elektronik,2,3.099915272122,3.4648638391465907,11.772856190832965,False
17-2071.00,0.42157742748886773,0.0,0.0,0.0,2151,1,2151,Ingenieure im Bereich Elektrotechnik,2,6.666120611251,7.680384556746472,15.215205434231253,False
17-2072.00,0.4679645208313901,0.0,0.0,0.0,2152,1,2152,Ingenieure im Bereich Elektronik,2,3.099915272122,3.4648638391465907,11.772856190832965,False
17-2072.01,0.36768136544498425,0.0,0.0,0.0,2152,1,2152,Ingenieure im Bereich Elektronik,2,3.099915272122,3.4648638391465907,11.772856190832965,False
17-2111.00,0.2977412125116145,0.0,0.0,0.0,2149,1,2149,"Ingenieure, anderweitig nicht genannt",2,5.215934733249,4.863642360752166,-6.754156071991167,False
17-2111.02,0.303765771603127,0.0,0.0,0.0,2149,1,2149,"Ingenieure, anderweitig nicht genannt",2,5.215934733249,4.863642360752166,-6.754156071991167,False
17-2112.01,0.3976312319970009,0.0,0.0,0.0,2149,1,2149,"Ingenieure, anderweitig nicht genannt",2,5.215934733249,4.863642360752166,-6.754156071991167,False
17-2112.02,0.35951114017895147,0.0,0.0,0.0,2149,1,2149,"Ingenieure, anderweitig nicht genannt",2,5.215934733249,4.863642360752166,-6.754156071991167,False
17-2112.03,0.25029764858532116,0.0,0.0,0.0,2141,1,2141,Prozess- und Produktionsingenieure,2,9.624988998978,9.29664372404815,-3.4113833788767387,False
17-2121.00,0.3725225342557929,0.0,0.0,0.0,2144,1,2144,"Maschinenbau- , Mechatronik- und Systemtechnikingenieure",2,9.728896910697,10.551287836634446,8.453074726624155,False
17-2131.00,0.3976492573594952,0.0,0.0,0.0,2149,1,2149,"Ingenieure, anderweitig nicht genannt",2,5.215934733249,4.863642360752166,-6.754156071991167,False
17-2141.00,0.4206112564767089,0.0,0.0,0.0,2144,1,2144,"Maschinenbau- , Mechatronik- und Systemtechnikingenieure",2,9.728896910697,10.551287836634446,8.453074726624155,False
17-2141.02,0.4966456382315173,0.0,0.0,0.0,2144,1,2144,"Maschinenbau- , Mechatronik- und Systemtechnikingenieure",2,9.728896910697,10.551287836634446,8.453074726624155,False
17-2151.00,0.44027475727880844,0.0,0.0,0.0,2142,1,2142,Bauingenieure,2,11.233861333084002,10.017360337809963,-10.828876725506763,False
17-2171.00,0.2328603580219598,0.0,0.0,0.0,2146,1,2146,"Bergbauingenieure, Metallurgen und verwandte Berufe",2,,,,
17-2199.03,0.4036833423683128,0.0,0.0,0.0,2149,1,2149,"Ingenieure, anderweitig nicht genannt",2,5.215934733249,4.863642360752166,-6.754156071991167,False
17-2199.05,0.3289444879089848,0.0,0.0,0.0,2144,1,2144,"Maschinenbau- , Mechatronik- und Systemtechnikingenieure",2,9.728896910697,10.551287836634446,8.453074726624155,False
17-2199.06,0.34193081608683457,0.0,0.0,0.0,2152,1,2152,Ingenieure im Bereich Elektronik,2,3.099915272122,3.4648638391465907,11.772856190832965,False
17-2199.07,0.4534005901759752,0.0,0.0,0.0,2149,1,2149,"Ingenieure, anderweitig nicht genannt",2,5.215934733249,4.863642360752166,-6.754156071991167,False
17-2199.10,0.5416253873424446,0.0,0.0,0.0,2149,1,2149,"Ingenieure, anderweitig nicht genannt",2,5.215934733249,4.863642360752166,-6.754156071991167,False
17-2199.11,0.39271232761920194,0.0,0.0,0.0,2149,1,2149,"Ingenieure, anderweitig nicht genannt",2,5.215934733249,4.863642360752166,-6.754156071991167,False
17-3011.00,0.38200796456858577,0.0,0.0,0.0,3118,1,3118,Technische Zeichner,3,27.021317878039003,28.27450634808652,4.637777016294312,False
17-3012.00,0.3576525023870418,0.0,0.0,0.0,3118,1,3118,Technische Zeichner,3,27.021317878039003,28.27450634808652,4.637777016294312,False
17-3013.00,0.44748587378103044,0.0,0.0,0.0,3118,1,3118,Technische Zeichner,3,27.021317878039003,28.27450634808652,4.637777016294312,False
17-3021.00,0.2540564653984497,0.0,0.0,0.0,3115,1,3115,"Maschinenbautechniker, Techniker im Bereich Systemtechnik, Automation und Unternehmensprozesse",3,11.019605854272998,11.97433846910366,8.663945221420533,False
17-3022.00,0.48173596692970994,0.0,0.0,0.0,3112,1,3112,Bauführer und Bautechniker,3,38.516833221537,38.94519300831815,1.1121365671922114,False
17-3023.00,0.3652373212561878,0.0,0.0,0.0,3114,1,3114,Techniker im Bereich Elektronik,3,1.366058589767,1.7857538578456174,30.723079611849,False
17-3024.00,0.17499138307639947,0.0,0.0,0.0,3115,1,3115,"Maschinenbautechniker, Techniker im Bereich Systemtechnik, Automation und Unternehmensprozesse",3,11.019605854272998,11.97433846910366,8.663945221420533,False
17-3024.01,0.2678453984429633,0.0,0.0,0.0,3119,1,3119,"Material- und ingenieurtechnische Fachkräfte, anderweitig nicht genannt",3,18.554461015303,18.856387509419907,1.62724475730064,False
17-3025.00,0.10764488103774046,0.0,0.0,0.0,2143,1,2143,Umweltschutzingenieure,2,1.509607549755,1.708519801270991,13.176421351911834,False
17-3026.00,0.3240864652312387,0.0,0.0,0.0,3119,1,3119,"Material- und ingenieurtechnische Fachkräfte, anderweitig nicht genannt",3,18.554461015303,18.856387509419907,1.62724475730064,False
17-3026.01,0.45416702308100504,0.0,0.0,0.0,3141,1,3141,Biotechniker (ohne medizinische Fachberufe),3,3.350140159418,3.229993311397246,-3.5863230283961043,False
17-3027.00,0.27922757250684127,0.0,0.0,0.0,3115,1,3115,"Maschinenbautechniker, Techniker im Bereich Systemtechnik, Automation und Unternehmensprozesse",3,11.019605854272998,11.97433846910366,8.663945221420533,False
17-3027.01,0.40493972673106726,0.0,0.0,0.0,3115,1,3115,"Maschinenbautechniker, Techniker im Bereich Systemtechnik, Automation und Unternehmensprozesse",3,11.019605854272998,11.97433846910366,8.663945221420533,False
17-3031.00,0.46600916093934003,0.0,0.0,0.0,2165,1,2165,Kartografen und Vermessungsingenieure,2,1.377854227406,1.5452771434024477,12.150989028182206,False
19-1011.00,0.38732891177080553,0.0,0.0,0.0,2131,1,2131,"Biologen, Botaniker, Zoologen und verwandte Berufe",2,8.866294443315,9.867582137765408,11.293192447554636,False
19-1012.00,0.3034793555341671,0.0,0.0,0.0,2145,1,2145,Chemieingenieure,2,2.5566012285310005,2.4504455883913967,-4.152217364011823,False
19-1013.00,0.4456782085173014,0.0,0.0,0.0,2133,1,2133,Umweltwissenschaftler,2,3.499424292972,4.195820269836831,19.90030126565172,False
19-1021.00,0.44674715859279795,0.0,0.0,0.0,2131,1,2131,"Biologen, Botaniker, Zoologen und verwandte Berufe",2,8.866294443315,9.867582137765408,11.293192447554636,False
19-1022.00,0.30983126512687237,0.0,0.0,0.0,2131,1,2131,"Biologen, Botaniker, Zoologen und verwandte Berufe",2,8.866294443315,9.867582137765408,11.293192447554636,False
19-1023.00,0.15966181648950897,0.0,0.0,0.0,2131,1,2131,"Biologen, Botaniker, Zoologen und verwandte Berufe",2,8.866294443315,9.867582137765408,11.293192447554636,False
19-1029.01,0.4365260635900097,0.0,0.0,0.0,2131,1,2131,"Biologen, Botaniker, Zoologen und verwandte Berufe",2,8.866294443315,9.867582137765408,11.293192447554636,False
19-1029.02,0.34906887866879693,0.0,0.0,0.0,2131,1,2131,"Biologen, Botaniker, Zoologen und verwandte Berufe",2,8.866294443315,9.867582137765408,11.293192447554636,False
19-1029.04,0.4758734375230182,0.0,0.0,0.0,2131,1,2131,"Biologen, Botaniker, Zoologen und verwandte Berufe",2,8.866294443315,9.867582137765408,11.293192447554636,False
19-1031.00,0.3449199674126217,0.0,0.0,0.0,2133,1,2133,Umweltwissenschaftler,2,3.499424292972,4.195820269836831,19.90030126565172,False
19-1031.02,0.16976108886719377,0.0,0.0,0.0,2133,1,2133,Umweltwissenschaftler,2,3.499424292972,4.195820269836831,19.90030126565172,False
19-1032.00,0.11367410142086058,0.0,0.0,0.0,2133,1,2133,Umweltwissenschaftler,2,3.499424292972,4.195820269836831,19.90030126565172,False
19-1041.00,0.29457462008464697,0.0,0.0,0.0,2131,1,2131,"Biologen, Botaniker, Zoologen und verwandte Berufe",2,8.866294443315,9.867582137765408,11.293192447554636,False
19-1042.00,0.2896156642177927,0.0,0.0,0.0,2131,1,2131,"Biologen, Botaniker, Zoologen und verwandte Berufe",2,8.866294443315,9.867582137765408,11.293192447554636,False
19-2011.00,0.4707682219089168,0.0,0.0,0.0,2111,1,2111,Physiker und Astronomen,2,2.583152246271001,2.7711920901338605,7.279471975928281,False
19-2012.00,0.47248254905825404,0.0,0.0,0.0,2111,1,2111,Physiker und Astronomen,2,2.583152246271001,2.7711920901338605,7.279471975928281,False
19-2021.00,0.4381368598444686,0.0,0.0,0.0,2112,1,2112,Meteorologen,2,0.4304312644699999,0.2746529679786791,-36.19121317386976,True
19-2031.00,0.43392097888717884,0.0,0.0,0.0,2113,1,2113,Chemiker,2,3.974386962397,2.954676445313163,-25.65705168449016,False
19-2032.00,0.44179034672226297,0.0,0.0,0.0,2146,1,2146,"Bergbauingenieure, Metallurgen und verwandte Berufe",2,,,,
19-2041.00,0.230813834099427,0.0,0.0,0.0,2133,1,2133,Umweltwissenschaftler,2,3.499424292972,4.195820269836831,19.90030126565172,False
19-2041.01,0.2974087970316928,0.0,0.0,0.0,2422,1,2422,Spezialisten in der strategischen Planung in Politik und Wirtschaft,2,2.9147980542490006,5.080192459807278,74.2896888654673,True
19-2041.02,0.35812045815772214,0.0,0.0,0.0,2133,1,2133,Umweltwissenschaftler,2,3.499424292972,4.195820269836831,19.90030126565172,False
19-3011.01,0.5164254559137882,0.0,0.0,0.0,2631,1,2631,Volkswirtschaftler,2,2.471595154266,2.382919443774241,-3.5877926989257847,False
19-3022.00,0.49431728514604534,0.0,0.0,0.0,2120,1,2120,"Mathematiker, Aktuare und Statistiker",2,8.721144665276999,11.404907910852772,30.77306189244979,False
19-3033.00,0.13702157711464472,0.0,0.0,0.0,2634,1,2634,Psychologen,2,16.014104383519,17.086424090273,6.696095398613619,False
19-3034.00,0.0,0.0,0.0,0.0,2634,1,2634,Psychologen,2,16.014104383519,17.086424090273,6.696095398613619,False
19-3039.02,0.270340228097422,0.0,0.0,0.0,2634,1,2634,Psychologen,2,16.014104383519,17.086424090273,6.696095398613619,False
19-3039.03,0.1611153477885459,0.0,0.0,0.0,2634,1,2634,Psychologen,2,16.014104383519,17.086424090273,6.696095398613619,False
19-3051.00,0.28141722270288494,0.0,0.0,0.0,2164,1,2164,"Raum-, Stadt- und Verkehrsplaner",2,2.986436137319,4.022007269050025,34.67581706470658,False
19-3091.00,0.32054897045514563,0.0,0.0,0.0,2632,1,2632,"Soziologen, Anthropologen und verwandte Wissenschaftler",2,1.5603602284769995,1.418883811171202,-9.066907418159886,False
19-3092.00,0.476287907310006,0.0,0.0,0.0,2632,1,2632,"Soziologen, Anthropologen und verwandte Wissenschaftler",2,1.5603602284769995,1.418883811171202,-9.066907418159886,False
19-3093.00,0.30914253555445176,0.0,0.0,0.0,2633,1,2633,"Philosophen, Historiker und Politologen",2,1.4198766489419998,1.1926910239138884,-16.00037758191146,False
19-3094.00,0.38557103247860036,0.0,0.0,0.0,2633,1,2633,"Philosophen, Historiker und Politologen",2,1.4198766489419998,1.1926910239138884,-16.00037758191146,False
19-3099.01,0.4476511173154857,0.0,0.0,0.0,2164,1,2164,"Raum-, Stadt- und Verkehrsplaner",2,2.986436137319,4.022007269050025,34.67581706470658,False
19-4012.01,0.45457905704927987,0.0,0.0,0.0,2132,1,2132,"Agrar-, Forst- und Fischereiwissenschaftler und -berater",2,2.12185711709,2.6381245624533496,24.33092413269468,False
19-4013.00,0.19092676963094007,0.0,0.0,0.0,3111,1,3111,Chemo- und Physikotechniker,3,8.995486047674996,8.365162717972387,-7.007106968561465,False
19-4021.00,0.45008589603043647,0.0,0.0,0.0,3141,1,3141,Biotechniker (ohne medizinische Fachberufe),3,3.350140159418,3.229993311397246,-3.5863230283961043,False
19-4031.00,0.2094036025339718,0.0,0.0,0.0,2113,1,2113,Chemiker,2,3.974386962397,2.954676445313163,-25.65705168449016,False
19-4042.00,0.3118120668854038,0.0,0.0,0.0,3111,1,3111,Chemo- und Physikotechniker,3,8.995486047674996,8.365162717972387,-7.007106968561465,False
19-4043.00,0.29663927695968606,0.0,0.0,0.0,2114,1,2114,Geologen und Geophysiker,2,1.3645087371050002,1.381838922881416,1.2700677764207162,False
19-4051.00,0.10726819661724339,0.0,0.0,0.0,3111,1,3111,Chemo- und Physikotechniker,3,8.995486047674996,8.365162717972387,-7.007106968561465,False
19-4051.02,0.042781294871640035,0.0,0.0,0.0,3111,1,3111,Chemo- und Physikotechniker,3,8.995486047674996,8.365162717972387,-7.007106968561465,False
19-4061.00,0.5555291412308432,0.0,0.0,0.0,2632,1,2632,"Soziologen, Anthropologen und verwandte Wissenschaftler",2,1.5603602284769995,1.418883811171202,-9.066907418159886,False
19-4071.00,0.12805121497506297,0.0,0.0,0.0,2133,1,2133,Umweltwissenschaftler,2,3.499424292972,4.195820269836831,19.90030126565172,False
19-4092.00,0.19520481701282452,0.0,0.0,0.0,2632,1,2632,"Soziologen, Anthropologen und verwandte Wissenschaftler",2,1.5603602284769995,1.418883811171202,-9.066907418159886,False
19-4099.03,0.42927185587532035,0.0,0.0,0.0,3111,1,3111,Chemo- und Physikotechniker,3,8.995486047674996,8.365162717972387,-7.007106968561465,False
19-5011.00,0.3265257092129289,0.0,0.0,0.0,2263,1,2263,Spezialisten in den Bereichen Umwelt- und Arbeitsmedizin sowie Hygiene,2,0.32615951275,0.3430628235210496,5.182528827238589,False
19-5012.00,0.25213813733966545,0.0,0.0,0.0,3257,1,3257,Kontrolleure und Beauftragte in den Bereichen Umwelt- und Arbeitsmedizin sowie verwandte Berufe,3,1.93101920804,2.65008295629057,37.2375243734849,False
21-1011.00,0.03212084849180494,0.0,0.0,0.0,2635,1,2635,Sozialarbeiter,2,18.731495843976003,19.518126849400357,4.199509809449249,False
21-1013.00,0.0,0.0,0.0,0.0,2635,1,2635,Sozialarbeiter,2,18.731495843976003,19.518126849400357,4.199509809449249,False
21-1014.00,0.08811971119565089,0.0,0.0,0.0,2635,1,2635,Sozialarbeiter,2,18.731495843976003,19.518126849400357,4.199509809449249,False
21-1021.00,0.0,0.0,0.0,0.0,2635,1,2635,Sozialarbeiter,2,18.731495843976003,19.518126849400357,4.199509809449249,False
21-1022.00,0.0,0.0,0.0,0.0,2635,1,2635,Sozialarbeiter,2,18.731495843976003,19.518126849400357,4.199509809449249,False
21-1023.00,0.0,0.0,0.0,0.0,2635,1,2635,Sozialarbeiter,2,18.731495843976003,19.518126849400357,4.199509809449249,False
21-1091.00,0.0778410690937091,0.0,0.0,0.0,2422,1,2422,Spezialisten in der strategischen Planung in Politik und Wirtschaft,2,2.9147980542490006,5.080192459807278,74.2896888654673,True
21-1092.00,0.10860718879210711,0.0,0.0,0.0,2635,1,2635,Sozialarbeiter,2,18.731495843976003,19.518126849400357,4.199509809449249,False
21-1093.00,0.0,0.0,0.0,0.0,2635,1,2635,Sozialarbeiter,2,18.731495843976003,19.518126849400357,4.199509809449249,False
21-2011.00,0.0,0.0,0.0,0.0,2636,1,2636,Geistliche Seelsorger,2,5.976385258751999,5.897894664667229,-1.3133456209140169,False
21-2021.00,0.0,0.0,0.0,0.0,2636,1,2636,Geistliche Seelsorger,2,5.976385258751999,5.897894664667229,-1.3133456209140169,False
23-1012.00,0.335145521573071,0.0,0.0,0.0,3411,1,3411,Fachkräfte für Rechts- und verwandte Angelegenheiten,3,12.039343043658002,12.144299740161111,0.8717809279335977,False
23-1021.00,0.234961991810382,0.0,0.0,0.0,2612,1,2612,Richter,2,1.7479735068289997,1.9882884851850045,13.748204845047132,False
23-1022.00,0.2791900643850589,0.0,0.0,0.0,2612,1,2612,Richter,2,1.7479735068289997,1.9882884851850045,13.748204845047132,False
23-1023.00,0.2726854941126943,0.0,0.0,0.0,2612,1,2612,Richter,2,1.7479735068289997,1.9882884851850045,13.748204845047132,False
23-2011.00,0.2791244774198042,0.0,0.0,0.0,3411,1,3411,Fachkräfte für Rechts- und verwandte Angelegenheiten,3,12.039343043658002,12.144299740161111,0.8717809279335977,False
23-2093.00,0.3548205193490281,0.0,0.0,0.0,3315,1,3315,Schätzer und Schadensgutachter,3,3.6551101946799993,3.6223267584318464,-0.8969205988883489,False
25-1011.00,0.3028133654239188,0.0,0.0,0.0,2310,1,2310,Universitäts- und Hochschullehrer,2,16.214208988428997,17.17445899551822,5.922274763909165,False
25-1022.00,0.32675369100742657,0.0,0.0,0.0,2310,1,2310,Universitäts- und Hochschullehrer,2,16.214208988428997,17.17445899551822,5.922274763909165,False
25-1031.00,0.21527115553358303,0.0,0.0,0.0,2310,1,2310,Universitäts- und Hochschullehrer,2,16.214208988428997,17.17445899551822,5.922274763909165,False
25-1032.00,0.4231760643620095,0.0,0.0,0.0,2320,1,2320,Lehrkräfte im Bereich Berufsbildung,2,13.416577980547006,11.345376912521528,-15.4376255333406,False
25-1041.00,0.17888466060621508,0.0,0.0,0.0,2310,1,2310,Universitäts- und Hochschullehrer,2,16.214208988428997,17.17445899551822,5.922274763909165,False
25-1042.00,0.24966118931762143,0.0,0.0,0.0,2310,1,2310,Universitäts- und Hochschullehrer,2,16.214208988428997,17.17445899551822,5.922274763909165,False
25-1043.00,0.3306686488712582,0.0,0.0,0.0,2310,1,2310,Universitäts- und Hochschullehrer,2,16.214208988428997,17.17445899551822,5.922274763909165,False
25-1051.00,0.3152782227731909,0.0,0.0,0.0,2310,1,2310,Universitäts- und Hochschullehrer,2,16.214208988428997,17.17445899551822,5.922274763909165,False
25-1052.00,0.2980483443412517,0.0,0.0,0.0,2310,1,2310,Universitäts- und Hochschullehrer,2,16.214208988428997,17.17445899551822,5.922274763909165,False
25-1053.00,0.2986416536113158,0.0,0.0,0.0,2310,1,2310,Universitäts- und Hochschullehrer,2,16.214208988428997,17.17445899551822,5.922274763909165,False
25-1054.00,0.3112192993902935,0.0,0.0,0.0,2310,1,2310,Universitäts- und Hochschullehrer,2,16.214208988428997,17.17445899551822,5.922274763909165,False
25-1061.00,0.20049881149496485,0.0,0.0,0.0,2310,1,2310,Universitäts- und Hochschullehrer,2,16.214208988428997,17.17445899551822,5.922274763909165,False
25-1062.00,0.18668115354056447,0.0,0.0,0.0,2310,1,2310,Universitäts- und Hochschullehrer,2,16.214208988428997,17.17445899551822,5.922274763909165,False
25-1063.00,0.45234823243092587,0.0,0.0,0.0,2310,1,2310,Universitäts- und Hochschullehrer,2,16.214208988428997,17.17445899551822,5.922274763909165,False
25-1064.00,0.33532863283462033,0.0,0.0,0.0,2310,1,2310,Universitäts- und Hochschullehrer,2,16.214208988428997,17.17445899551822,5.922274763909165,False
25-1065.00,0.26957441822173106,0.0,0.0,0.0,2310,1,2310,Universitäts- und Hochschullehrer,2,16.214208988428997,17.17445899551822,5.922274763909165,False
25-1066.00,0.3028752753345086,0.0,0.0,0.0,2310,1,2310,Universitäts- und Hochschullehrer,2,16.214208988428997,17.17445899551822,5.922274763909165,False
25-1067.00,0.24525575031095542,0.0,0.0,0.0,2310,1,2310,Universitäts- und Hochschullehrer,2,16.214208988428997,17.17445899551822,5.922274763909165,False
25-1071.00,0.15609530114736545,0.0,0.0,0.0,2310,1,2310,Universitäts- und Hochschullehrer,2,16.214208988428997,17.17445899551822,5.922274763909165,False
25-1081.00,0.18311545673848953,0.0,0.0,0.0,2310,1,2310,Universitäts- und Hochschullehrer,2,16.214208988428997,17.17445899551822,5.922274763909165,False
25-1111.00,0.21217582245541566,0.0,0.0,0.0,2310,1,2310,Universitäts- und Hochschullehrer,2,16.214208988428997,17.17445899551822,5.922274763909165,False
25-1112.00,0.26575553695547194,0.0,0.0,0.0,2310,1,2310,Universitäts- und Hochschullehrer,2,16.214208988428997,17.17445899551822,5.922274763909165,False
25-1113.00,0.10897264223646833,0.0,0.0,0.0,2310,1,2310,Universitäts- und Hochschullehrer,2,16.214208988428997,17.17445899551822,5.922274763909165,False
25-1121.00,0.01992515047451628,0.0,0.0,0.0,2310,1,2310,Universitäts- und Hochschullehrer,2,16.214208988428997,17.17445899551822,5.922274763909165,False
25-1123.00,0.1765622441636904,0.0,0.0,0.0,2310,1,2310,Universitäts- und Hochschullehrer,2,16.214208988428997,17.17445899551822,5.922274763909165,False
25-1124.00,0.15270367459769035,0.0,0.0,0.0,2310,1,2310,Universitäts- und Hochschullehrer,2,16.214208988428997,17.17445899551822,5.922274763909165,False
25-1126.00,0.2510128372166962,0.0,0.0,0.0,2310,1,2310,Universitäts- und Hochschullehrer,2,16.214208988428997,17.17445899551822,5.922274763909165,False
25-1192.00,0.2268575505237101,0.0,0.0,0.0,2310,1,2310,Universitäts- und Hochschullehrer,2,16.214208988428997,17.17445899551822,5.922274763909165,False
25-1193.00,0.10656553717997083,0.0,0.0,0.0,2310,1,2310,Universitäts- und Hochschullehrer,2,16.214208988428997,17.17445899551822,5.922274763909165,False
25-1194.00,0.05699616637057412,0.0,0.0,0.0,2320,1,2320,Lehrkräfte im Bereich Berufsbildung,2,13.416577980547006,11.345376912521528,-15.4376255333406,False
25-2012.00,0.0,0.0,0.0,0.0,2342,1,2342,Lehrkräfte und Erzieher im Vorschulbereich,2,25.699583072334,24.82397974435253,-3.4070721128704475,False
25-2021.00,0.0,0.0,0.0,0.0,2352,1,2352,Lehrkräfte im Bereich Sonderpädagogik,2,17.397115878819,16.650613559593914,-4.290954457192263,False
25-2023.00,0.1364865774565941,0.0,0.0,0.0,2330,1,2330,Lehrkräfte im Sekundarbereich,2,41.82404447045,50.1786723693133,19.975657554510555,False
25-2031.00,0.060266121992939736,0.0,0.0,0.0,2330,1,2330,Lehrkräfte im Sekundarbereich,2,41.82404447045,50.1786723693133,19.975657554510555,False
25-2032.00,0.004336008785774237,0.0,0.0,0.0,2320,1,2320,Lehrkräfte im Bereich Berufsbildung,2,13.416577980547006,11.345376912521528,-15.4376255333406,False
25-2051.00,0.032620848201751144,0.0,0.0,0.0,2352,1,2352,Lehrkräfte im Bereich Sonderpädagogik,2,17.397115878819,16.650613559593914,-4.290954457192263,False
25-2056.00,0.08089994383911606,0.0,0.0,0.0,2352,1,2352,Lehrkräfte im Bereich Sonderpädagogik,2,17.397115878819,16.650613559593914,-4.290954457192263,False
25-2057.00,0.0,0.0,0.0,0.0,2352,1,2352,Lehrkräfte im Bereich Sonderpädagogik,2,17.397115878819,16.650613559593914,-4.290954457192263,False
25-2058.00,0.043494359724866025,0.0,0.0,0.0,2352,1,2352,Lehrkräfte im Bereich Sonderpädagogik,2,17.397115878819,16.650613559593914,-4.290954457192263,False
25-2059.01,0.0,0.0,0.0,0.0,3422,1,3422,"Sportlehrer, Sporttrainer und Sportfunktionäre",3,18.596802860598004,18.48931429700556,-0.5779948542670491,False
25-3021.00,0.027322543720512835,0.0,0.0,0.0,3423,1,3423,Trainer und Betreuer im Bereich Fitness und Erholung,3,6.404440928735001,7.535353269945205,17.65825235636267,False
25-3031.00,0.007874608967219584,0.0,0.0,0.0,2330,1,2330,Lehrkräfte im Sekundarbereich,2,41.82404447045,50.1786723693133,19.975657554510555,False
25-4011.00,0.3629959605959975,0.0,0.0,0.0,2621,1,2621,Archiv- und Museumswissenschaftler,2,2.5007701291260007,3.436134062024667,37.40303524920816,False
25-4012.00,0.2773058038090884,0.0,0.0,0.0,2621,1,2621,Archiv- und Museumswissenschaftler,2,2.5007701291260007,3.436134062024667,37.40303524920816,False
25-4013.00,0.12952580515982606,0.0,0.0,0.0,2621,1,2621,Archiv- und Museumswissenschaftler,2,2.5007701291260007,3.436134062024667,37.40303524920816,False
25-4022.00,0.25863347851845575,0.0,0.0,0.0,2621,1,2621,Archiv- und Museumswissenschaftler,2,2.5007701291260007,3.436134062024667,37.40303524920816,False
25-4031.00,0.14128735304762266,0.0,0.0,0.0,2621,1,2621,Archiv- und Museumswissenschaftler,2,2.5007701291260007,3.436134062024667,37.40303524920816,False
25-9031.00,0.07237427164142723,0.0,0.0,0.0,2351,1,2351,Pädagogik- und Didaktikspezialisten,2,5.918517435153998,6.4573758349139485,9.104617932851117,False
25-9042.00,0.014110318952217637,0.0,0.0,0.0,2352,1,2352,Lehrkräfte im Bereich Sonderpädagogik,2,17.397115878819,16.650613559593914,-4.290954457192263,False
25-9044.00,0.15848265304337114,0.0,0.0,0.0,2310,1,2310,Universitäts- und Hochschullehrer,2,16.214208988428997,17.17445899551822,5.922274763909165,False
27-1011.00,0.05836342334931072,0.0,0.0,0.0,2166,1,2166,Grafik- und Multimediadesigner,2,12.445369746459,13.714818712509937,10.20017076159689,False
27-1013.00,0.2942246685573741,0.0,0.0,0.0,2651,1,2651,Bildende Künstler,2,4.121146544095,3.179859830652326,-22.840408691396814,False
27-1024.00,0.1647109800390234,0.0,0.0,0.0,2166,1,2166,Grafik- und Multimediadesigner,2,12.445369746459,13.714818712509937,10.20017076159689,False
27-1025.00,0.1177246278127476,0.0,0.0,0.0,3432,1,3432,Raumgestalter und Dekorateure,3,8.494832835689,7.006492029903259,-17.52054260011844,False
27-2011.00,0.0,0.0,0.0,0.0,2659,1,2659,"Bildende und darstellende Künstler, anderweitig nicht genannt",2,0.962589705,0.5781345813985391,-39.93966708811424,True
27-2012.03,0.09226872202091677,0.0,0.0,0.0,2654,1,2654,Regisseure und Produzenten im Film- und Bühnenbereich sowie in verwandten Bereichen,2,5.632197512363999,6.4874852608908045,15.185684568931537,False
27-2012.04,0.0,0.0,0.0,0.0,2166,1,2166,Grafik- und Multimediadesigner,2,12.445369746459,13.714818712509937,10.20017076159689,False
27-2021.00,0.0,0.0,0.0,0.0,3421,1,3421,Athleten und Berufssportler,3,1.957379538159,2.273935280082425,16.172425211983143,False
27-2022.00,0.0,0.0,0.0,0.0,3422,1,3422,"Sportlehrer, Sporttrainer und Sportfunktionäre",3,18.596802860598004,18.48931429700556,-0.5779948542670491,False
27-2023.00,0.0,0.0,0.0,0.0,3422,1,3422,"Sportlehrer, Sporttrainer und Sportfunktionäre",3,18.596802860598004,18.48931429700556,-0.5779948542670491,False
27-2032.00,0.0,0.0,0.0,0.0,2653,1,2653,Tänzer und Choreografen,2,0.7950931779070001,0.8456964951791865,6.364451196197461,False
27-2041.00,0.05516682534637192,0.0,0.0,0.0,2652,1,2652,"Musiker, Sänger und Komponisten",2,7.433138465352998,7.572343705757965,1.8727653339679284,False
27-2042.00,0.0,0.0,0.0,0.0,2652,1,2652,"Musiker, Sänger und Komponisten",2,7.433138465352998,7.572343705757965,1.8727653339679284,False
27-3023.00,0.15998389543971026,0.0,0.0,0.0,2642,1,2642,Journalisten,2,9.876316774069,10.23242940820198,3.605723087659345,False
27-3031.00,0.04188393343729069,0.0,0.0,0.0,2432,1,2432,Fachkräfte in der Öffentlichkeitsarbeit,2,5.166502693133,5.007895832675806,-3.069907631481635,False
27-3042.00,0.4104750976358718,0.0,0.0,0.0,2641,1,2641,Autoren und verwandte schriftstellerische Berufe,2,4.649945778438999,4.351356841073695,-6.421342346609928,False
27-3043.00,0.06464517637469963,0.0,0.0,0.0,2641,1,2641,Autoren und verwandte schriftstellerische Berufe,2,4.649945778438999,4.351356841073695,-6.421342346609928,False
27-3043.05,0.4320596042233675,0.0,0.0,0.0,2641,1,2641,Autoren und verwandte schriftstellerische Berufe,2,4.649945778438999,4.351356841073695,-6.421342346609928,False
27-3092.00,0.2816231892251938,0.0,0.0,0.0,2643,1,2643,"Übersetzer, Dolmetscher und andere Linguisten",2,5.622935372784,5.738931732247348,2.0629146837573638,False
27-4011.00,0.13914527533880025,0.0,0.0,0.0,3521,1,3521,Techniker für Rundfunk und audiovisuelle Medien,3,6.346659251749999,5.69390974380046,-10.284930733748665,False
27-4014.00,0.09557627929928879,0.0,0.0,0.0,3521,1,3521,Techniker für Rundfunk und audiovisuelle Medien,3,6.346659251749999,5.69390974380046,-10.284930733748665,False
27-4021.00,0.06592607363895138,0.0,0.0,0.0,3431,1,3431,Fotografen,3,4.343179196358999,4.982288119396316,14.71523264739106,False
27-4031.00,0.019221680351596708,0.0,0.0,0.0,3521,1,3521,Techniker für Rundfunk und audiovisuelle Medien,3,6.346659251749999,5.69390974380046,-10.284930733748665,False
27-4032.00,0.3052531826502587,0.0,0.0,0.0,2654,1,2654,Regisseure und Produzenten im Film- und Bühnenbereich sowie in verwandten Bereichen,2,5.632197512363999,6.4874852608908045,15.185684568931537,False
29-1021.00,0.0,0.0,0.0,0.0,2261,1,2261,Zahnärzte,2,5.662456788252,6.352450001581966,12.185403600103523,False
29-1022.00,0.1583282020026512,0.0,0.0,0.0,2261,1,2261,Zahnärzte,2,5.662456788252,6.352450001581966,12.185403600103523,False
29-1023.00,0.0,0.0,0.0,0.0,2261,1,2261,Zahnärzte,2,5.662456788252,6.352450001581966,12.185403600103523,False
29-1024.00,0.10341109709937703,0.0,0.0,0.0,3214,1,3214,Medizinische und zahnmedizinische Prothetiktechniker,3,4.551515015314,4.129304585486128,-9.276261385655218,False
29-1031.00,0.04341786523169972,0.0,0.0,0.0,2265,1,2265,Diätologen und Ernährungsberater,2,2.6122524179290005,2.5463057783204466,-2.52451253010368,False
29-1051.00,0.08744833355521717,0.0,0.0,0.0,2262,1,2262,Apotheker,2,6.54283315089,6.128972790338944,-6.325399884219272,False
29-1071.00,0.1389071084932338,0.0,0.0,0.0,3256,1,3256,Medizinische Assistenten,3,31.51451494805901,31.276075181732093,-0.7566030025209012,False
29-1071.01,0.07268473573127641,0.0,0.0,0.0,3259,1,3259,"Assistenzberufe im Gesundheitswesen, anderweitig nicht genannt",3,0.608573771748,0.6275814606160179,3.1233171310394097,False
29-1081.00,0.12597458082213,0.0,0.0,0.0,2269,1,2269,"Spezialisten in Gesundheitsberufen, anderweitig nicht genannt",2,14.319088591201,16.22186493810018,13.288390073013618,False
29-1122.00,0.0,0.0,0.0,0.0,2269,1,2269,"Spezialisten in Gesundheitsberufen, anderweitig nicht genannt",2,14.319088591201,16.22186493810018,13.288390073013618,False
29-1122.01,0.0,0.0,0.0,0.0,2269,1,2269,"Spezialisten in Gesundheitsberufen, anderweitig nicht genannt",2,14.319088591201,16.22186493810018,13.288390073013618,False
29-1123.00,0.0,0.0,0.0,0.0,2264,1,2264,Physiotherapeuten,2,16.459361803371998,20.11341723279264,22.200468481542472,False
29-1125.00,0.0,0.0,0.0,0.0,2269,1,2269,"Spezialisten in Gesundheitsberufen, anderweitig nicht genannt",2,14.319088591201,16.22186493810018,13.288390073013618,False
29-1126.00,0.0,0.0,0.0,0.0,3259,1,3259,"Assistenzberufe im Gesundheitswesen, anderweitig nicht genannt",3,0.608573771748,0.6275814606160179,3.1233171310394097,False
29-1127.00,0.18093596818027577,0.0,0.0,0.0,2269,1,2269,"Spezialisten in Gesundheitsberufen, anderweitig nicht genannt",2,14.319088591201,16.22186493810018,13.288390073013618,False
29-1128.00,0.06381442739680775,0.0,0.0,0.0,3255,1,3255,Physiotherapeutische Techniker und Assistenten,3,12.063985162247,11.711745253437105,-2.919764108399224,False
29-1129.02,0.0,0.0,0.0,0.0,2269,1,2269,"Spezialisten in Gesundheitsberufen, anderweitig nicht genannt",2,14.319088591201,16.22186493810018,13.288390073013618,False
29-1131.00,0.20011953563722978,0.0,0.0,0.0,2250,1,2250,Tierärzte,2,4.151707657170999,4.017170800238256,-3.240518553862183,False
29-1141.00,0.0,0.0,0.0,0.0,2221,1,2221,Pflegedienstleiter und Pflegefachkräfte,2,91.542329713691,96.54473765794796,5.464584482285454,False
29-1141.01,0.0,0.0,0.0,0.0,2221,1,2221,Pflegedienstleiter und Pflegefachkräfte,2,91.542329713691,96.54473765794796,5.464584482285454,False
29-1141.02,0.033667428522650936,0.0,0.0,0.0,2221,1,2221,Pflegedienstleiter und Pflegefachkräfte,2,91.542329713691,96.54473765794796,5.464584482285454,False
29-1141.03,0.0,0.0,0.0,0.0,2221,1,2221,Pflegedienstleiter und Pflegefachkräfte,2,91.542329713691,96.54473765794796,5.464584482285454,False
29-1141.04,0.0,0.0,0.0,0.0,2221,1,2221,Pflegedienstleiter und Pflegefachkräfte,2,91.542329713691,96.54473765794796,5.464584482285454,False
29-1151.00,0.06399403502916283,0.0,0.0,0.0,3259,1,3259,"Assistenzberufe im Gesundheitswesen, anderweitig nicht genannt",3,0.608573771748,0.6275814606160179,3.1233171310394097,False
29-1161.00,0.07678129010953418,0.0,0.0,0.0,2221,1,2221,Pflegedienstleiter und Pflegefachkräfte,2,91.542329713691,96.54473765794796,5.464584482285454,False
29-1171.00,0.07642789419062702,0.0,0.0,0.0,2221,1,2221,Pflegedienstleiter und Pflegefachkräfte,2,91.542329713691,96.54473765794796,5.464584482285454,False
29-1181.00,0.12874431760380398,0.0,0.0,0.0,2266,1,2266,Audiologen und Sprachtherapeuten,2,4.047666286812,4.254445988748661,5.1086153670915495,False
29-1211.00,0.03502575327268045,0.0,0.0,0.0,2212,1,2212,Fachärzte,2,37.08194504008001,36.04718718310065,-2.7904627329039604,False
29-1213.00,0.0,0.0,0.0,0.0,2212,1,2212,Fachärzte,2,37.08194504008001,36.04718718310065,-2.7904627329039604,False
29-1214.00,0.03957880777093871,0.0,0.0,0.0,3259,1,3259,"Assistenzberufe im Gesundheitswesen, anderweitig nicht genannt",3,0.608573771748,0.6275814606160179,3.1233171310394097,False
29-1215.00,0.06720898472692625,0.0,0.0,0.0,2635,1,2635,Sozialarbeiter,2,18.731495843976003,19.518126849400357,4.199509809449249,False
29-1217.00,0.16831276308297433,0.0,0.0,0.0,2212,1,2212,Fachärzte,2,37.08194504008001,36.04718718310065,-2.7904627329039604,False
29-1221.00,0.023062901385709562,0.0,0.0,0.0,2212,1,2212,Fachärzte,2,37.08194504008001,36.04718718310065,-2.7904627329039604,False
29-1222.00,0.24611197472850213,0.0,0.0,0.0,2131,1,2131,"Biologen, Botaniker, Zoologen und verwandte Berufe",2,8.866294443315,9.867582137765408,11.293192447554636,False
29-1223.00,0.029461136562774794,0.0,0.0,0.0,2212,1,2212,Fachärzte,2,37.08194504008001,36.04718718310065,-2.7904627329039604,False
29-1224.00,0.04165477153511901,0.0,0.0,0.0,2269,1,2269,"Spezialisten in Gesundheitsberufen, anderweitig nicht genannt",2,14.319088591201,16.22186493810018,13.288390073013618,False
29-1229.01,0.14913644480343619,0.0,0.0,0.0,2131,1,2131,"Biologen, Botaniker, Zoologen und verwandte Berufe",2,8.866294443315,9.867582137765408,11.293192447554636,False
29-1229.03,0.17046026665410774,0.0,0.0,0.0,2212,1,2212,Fachärzte,2,37.08194504008001,36.04718718310065,-2.7904627329039604,False
29-1229.04,0.053590832064195355,0.0,0.0,0.0,2212,1,2212,Fachärzte,2,37.08194504008001,36.04718718310065,-2.7904627329039604,False
29-1229.05,0.05747366212337564,0.0,0.0,0.0,2212,1,2212,Fachärzte,2,37.08194504008001,36.04718718310065,-2.7904627329039604,False
29-1241.00,0.02505330569378778,0.0,0.0,0.0,2212,1,2212,Fachärzte,2,37.08194504008001,36.04718718310065,-2.7904627329039604,False
29-1291.00,0.15181270179761522,0.0,0.0,0.0,2230,1,2230,Spezialisten der traditionellen und komplementären Medizin,2,8.390799604639,7.937659127565956,-5.400444515711197,False
29-1299.01,0.2073690229989812,0.0,0.0,0.0,2230,1,2230,Spezialisten der traditionellen und komplementären Medizin,2,8.390799604639,7.937659127565956,-5.400444515711197,False
29-1299.02,0.16865322583164058,0.0,0.0,0.0,2267,1,2267,Optometristen und Orthoptisten,2,1.084923443269,1.0947607998133952,0.9067327842740792,False
29-2011.00,0.20989162932535388,0.0,0.0,0.0,3212,1,3212,Medizintechniker im Bereich Labor und Pathologie,3,7.281498105076999,7.114033643821429,-2.2998627320771474,False
29-2011.01,0.2800841846324996,0.0,0.0,0.0,2131,1,2131,"Biologen, Botaniker, Zoologen und verwandte Berufe",2,8.866294443315,9.867582137765408,11.293192447554636,False
29-2011.02,0.14270846039372373,0.0,0.0,0.0,3212,1,3212,Medizintechniker im Bereich Labor und Pathologie,3,7.281498105076999,7.114033643821429,-2.2998627320771474,False
29-2012.00,0.15685532159538762,0.0,0.0,0.0,3212,1,3212,Medizintechniker im Bereich Labor und Pathologie,3,7.281498105076999,7.114033643821429,-2.2998627320771474,False
29-2012.01,0.15534187356578102,0.0,0.0,0.0,3212,1,3212,Medizintechniker im Bereich Labor und Pathologie,3,7.281498105076999,7.114033643821429,-2.2998627320771474,False
29-2032.00,0.0,0.0,0.0,0.0,2269,1,2269,"Spezialisten in Gesundheitsberufen, anderweitig nicht genannt",2,14.319088591201,16.22186493810018,13.288390073013618,False
29-2033.00,0.07671060087757747,0.0,0.0,0.0,2269,1,2269,"Spezialisten in Gesundheitsberufen, anderweitig nicht genannt",2,14.319088591201,16.22186493810018,13.288390073013618,False
29-2034.00,0.0,0.0,0.0,0.0,2269,1,2269,"Spezialisten in Gesundheitsberufen, anderweitig nicht genannt",2,14.319088591201,16.22186493810018,13.288390073013618,False
29-2035.00,0.07340318266208769,0.0,0.0,0.0,2269,1,2269,"Spezialisten in Gesundheitsberufen, anderweitig nicht genannt",2,14.319088591201,16.22186493810018,13.288390073013618,False
29-2036.00,0.29105363504110304,0.0,0.0,0.0,2269,1,2269,"Spezialisten in Gesundheitsberufen, anderweitig nicht genannt",2,14.319088591201,16.22186493810018,13.288390073013618,False
29-2051.00,0.2310707127683439,0.0,0.0,0.0,3259,1,3259,"Assistenzberufe im Gesundheitswesen, anderweitig nicht genannt",3,0.608573771748,0.6275814606160179,3.1233171310394097,False
29-2052.00,0.2457761195640637,0.0,0.0,0.0,2262,1,2262,Apotheker,2,6.54283315089,6.128972790338944,-6.325399884219272,False
29-2053.00,0.0,0.0,0.0,0.0,2269,1,2269,"Spezialisten in Gesundheitsberufen, anderweitig nicht genannt",2,14.319088591201,16.22186493810018,13.288390073013618,False
29-2057.00,0.12377546097057741,0.0,0.0,0.0,2267,1,2267,Optometristen und Orthoptisten,2,1.084923443269,1.0947607998133952,0.9067327842740792,False
29-2061.00,0.0,0.0,0.0,0.0,2635,1,2635,Sozialarbeiter,2,18.731495843976003,19.518126849400357,4.199509809449249,False
29-2081.00,0.17584497419646186,0.0,0.0,0.0,3254,1,3254,Augenoptiker,3,5.256679593504,4.6672842424727,-11.212312649978736,False
29-2091.00,0.10310129900618588,0.0,0.0,0.0,3214,1,3214,Medizinische und zahnmedizinische Prothetiktechniker,3,4.551515015314,4.129304585486128,-9.276261385655218,False
29-2092.00,0.0,0.0,0.0,0.0,3214,1,3214,Medizinische und zahnmedizinische Prothetiktechniker,3,4.551515015314,4.129304585486128,-9.276261385655218,False
29-2099.05,0.0,0.0,0.0,0.0,2267,1,2267,Optometristen und Orthoptisten,2,1.084923443269,1.0947607998133952,0.9067327842740792,False
29-9091.00,0.0,0.0,0.0,0.0,2269,1,2269,"Spezialisten in Gesundheitsberufen, anderweitig nicht genannt",2,14.319088591201,16.22186493810018,13.288390073013618,False
29-9092.00,0.1676129698026234,0.0,0.0,0.0,2131,1,2131,"Biologen, Botaniker, Zoologen und verwandte Berufe",2,8.866294443315,9.867582137765408,11.293192447554636,False
29-9093.00,0.0,0.0,0.0,0.0,3256,1,3256,Medizinische Assistenten,3,31.51451494805901,31.276075181732093,-0.7566030025209012,False
29-9099.01,0.0,0.0,0.0,0.0,2221,1,2221,Pflegedienstleiter und Pflegefachkräfte,2,91.542329713691,96.54473765794796,5.464584482285454,False
31-1122.00,0.0,0.0,0.0,0.0,3412,1,3412,Soziale Fachkräfte,3,46.231044447983,50.726888890706896,9.724730419582912,False
31-1132.00,0.0,0.0,0.0,0.0,3258,1,3258,Rettungsdienstpersonal,3,4.050694959712999,4.564136736665777,12.675399704478275,False
31-2011.00,0.0,0.0,0.0,0.0,2269,1,2269,"Spezialisten in Gesundheitsberufen, anderweitig nicht genannt",2,14.319088591201,16.22186493810018,13.288390073013618,False
31-2012.00,0.0,0.0,0.0,0.0,2269,1,2269,"Spezialisten in Gesundheitsberufen, anderweitig nicht genannt",2,14.319088591201,16.22186493810018,13.288390073013618,False
31-2021.00,0.0,0.0,0.0,0.0,3255,1,3255,Physiotherapeutische Techniker und Assistenten,3,12.063985162247,11.711745253437105,-2.919764108399224,False
31-2022.00,0.00018958783180406601,0.0,0.0,0.0,2269,1,2269,"Spezialisten in Gesundheitsberufen, anderweitig nicht genannt",2,14.319088591201,16.22186493810018,13.288390073013618,False
31-9011.00,0.14464286680840954,0.0,0.0,0.0,3255,1,3255,Physiotherapeutische Techniker und Assistenten,3,12.063985162247,11.711745253437105,-2.919764108399224,False
31-9092.00,0.11862534149381354,0.0,0.0,0.0,3259,1,3259,"Assistenzberufe im Gesundheitswesen, anderweitig nicht genannt",3,0.608573771748,0.6275814606160179,3.1233171310394097,False
31-9094.00,0.36936053574168587,0.0,0.0,0.0,3252,1,3252,Fachkräfte im Bereich medizinische Dokumentation und Information,3,0.707328782249,0.6898539063011778,-2.470545011933432,False
31-9095.00,0.1144052772931265,0.0,0.0,0.0,2262,1,2262,Apotheker,2,6.54283315089,6.128972790338944,-6.325399884219272,False
31-9096.00,0.16725237385888453,0.0,0.0,0.0,3240,1,3240,Veterinärmedizinische Fachkräfte und Assistenten,3,3.337339874521,4.181669858627249,25.29949048798734,False
31-9097.00,0.02783036855743456,0.0,0.0,0.0,3212,1,3212,Medizintechniker im Bereich Labor und Pathologie,3,7.281498105076999,7.114033643821429,-2.2998627320771474,False
31-9099.01,0.029729693162469314,0.0,0.0,0.0,2266,1,2266,Audiologen und Sprachtherapeuten,2,4.047666286812,4.254445988748661,5.1086153670915495,False
31-9099.02,0.05226172118445874,0.0,0.0,0.0,3211,1,3211,Medizintechniker im Bereich bildgebende Verfahren und Therapiegeräte,3,7.546524178165999,8.47894483407171,12.35563067038782,False
33-1011.00,0.0,0.0,0.0,0.0,1349,1,1349,"Führungskräfte in der Erbringung von spezialisierten Dienstleistungen, anderweitig nicht genannt",1,8.184198786407,8.565180039903229,4.65508308680129,False
33-1012.00,0.0,0.0,0.0,0.0,3355,1,3355,Polizeikommissare und Kriminalbeamte,3,4.070975210586001,8.48655250294109,108.464853356832,True
33-1021.00,0.0,0.0,0.0,0.0,1112,1,1112,Leitende Verwaltungsbedienstete,1,12.438160335807,14.234775317382786,14.44437869484354,False
33-1091.00,0.0,0.0,0.0,0.0,1219,1,1219,"Führungskräfte in der betrieblichen Administration und in unternehmensbezogenen Dienstleistungen, anderweitig nicht genannt",1,11.188193659694004,13.16862356373752,17.701069218868735,False
33-2011.00,0.0,0.0,0.0,0.0,3112,1,3112,Bauführer und Bautechniker,3,38.516833221537,38.94519300831815,1.1121365671922114,False
33-2021.00,0.03438127472318643,0.0,0.0,0.0,3112,1,3112,Bauführer und Bautechniker,3,38.516833221537,38.94519300831815,1.1121365671922114,False
33-2022.00,0.0,0.0,0.0,0.0,3359,1,3359,"Fachkräfte in der öffentlichen Verwaltung, anderweitig nicht genannt",3,1.1952449879130005,0.8915400349132869,-25.409431210417218,False
33-3012.00,0.0,0.0,0.0,0.0,1349,1,1349,"Führungskräfte in der Erbringung von spezialisierten Dienstleistungen, anderweitig nicht genannt",1,8.184198786407,8.565180039903229,4.65508308680129,False
33-3021.00,0.10768354047632596,0.0,0.0,0.0,3355,1,3355,Polizeikommissare und Kriminalbeamte,3,4.070975210586001,8.48655250294109,108.464853356832,True
33-3021.02,0.2522162592291818,0.0,0.0,0.0,3355,1,3355,Polizeikommissare und Kriminalbeamte,3,4.070975210586001,8.48655250294109,108.464853356832,True
33-3021.06,0.37502937126755725,0.0,0.0,0.0,2422,1,2422,Spezialisten in der strategischen Planung in Politik und Wirtschaft,2,2.9147980542490006,5.080192459807278,74.2896888654673,True
33-3031.00,0.03055469094301174,0.0,0.0,0.0,2133,1,2133,Umweltwissenschaftler,2,3.499424292972,4.195820269836831,19.90030126565172,False
33-3041.00,0.04003039506528172,0.0,0.0,0.0,1112,1,1112,Leitende Verwaltungsbedienstete,1,12.438160335807,14.234775317382786,14.44437869484354,False
33-3051.00,0.0,0.0,0.0,0.0,3355,1,3355,Polizeikommissare und Kriminalbeamte,3,4.070975210586001,8.48655250294109,108.464853356832,True
33-3051.04,0.13943058149262189,0.0,0.0,0.0,3351,1,3351,Fachkräfte im Zolldienst und Grenzschutz,3,3.920539826399,4.453572945810789,13.595911354416163,False
33-3052.00,0.1295069568255364,0.0,0.0,0.0,3355,1,3355,Polizeikommissare und Kriminalbeamte,3,4.070975210586001,8.48655250294109,108.464853356832,True
33-9021.00,0.3519812051527702,0.0,0.0,0.0,3411,1,3411,Fachkräfte für Rechts- und verwandte Angelegenheiten,3,12.039343043658002,12.144299740161111,0.8717809279335977,False
33-9031.00,0.2581333158883119,0.0,0.0,0.0,3359,1,3359,"Fachkräfte in der öffentlichen Verwaltung, anderweitig nicht genannt",3,1.1952449879130005,0.8915400349132869,-25.409431210417218,False
33-9091.00,0.0,0.0,0.0,0.0,3112,1,3112,Bauführer und Bautechniker,3,38.516833221537,38.94519300831815,1.1121365671922114,False
33-9092.00,0.0,0.0,0.0,0.0,3422,1,3422,"Sportlehrer, Sporttrainer und Sportfunktionäre",3,18.596802860598004,18.48931429700556,-0.5779948542670491,False
33-9093.00,0.0,0.0,0.0,0.0,3351,1,3351,Fachkräfte im Zolldienst und Grenzschutz,3,3.920539826399,4.453572945810789,13.595911354416163,False
33-9099.02,0.2052797716604742,0.0,0.0,0.0,3411,1,3411,Fachkräfte für Rechts- und verwandte Angelegenheiten,3,12.039343043658002,12.144299740161111,0.8717809279335977,False
35-1011.00,0.0,0.0,0.0,0.0,3434,1,3434,"Küchenchefs, stv. Küchenchefs und Souschefs",3,11.439200624478,9.634557678626583,-15.775953277624836,False
35-1012.00,0.0,0.0,0.0,0.0,1412,1,1412,Führungskräfte in Restaurants,1,19.072046092383005,18.02767534569753,-5.47592398648079,False
35-2012.00,0.0,0.0,0.0,0.0,3434,1,3434,"Küchenchefs, stv. Küchenchefs und Souschefs",3,11.439200624478,9.634557678626583,-15.775953277624836,False
35-2013.00,0.0336321355541289,0.0,0.0,0.0,3434,1,3434,"Küchenchefs, stv. Küchenchefs und Souschefs",3,11.439200624478,9.634557678626583,-15.775953277624836,False
35-3011.00,0.0,0.0,0.0,0.0,1412,1,1412,Führungskräfte in Restaurants,1,19.072046092383005,18.02767534569753,-5.47592398648079,False
35-9031.00,0.0,0.0,0.0,0.0,2431,1,2431,Fachkräfte in Marketing und Werbung,2,43.93795628549201,43.92670158260029,-0.0256149895060899,False
37-1011.00,0.0,0.0,0.0,0.0,1219,1,1219,"Führungskräfte in der betrieblichen Administration und in unternehmensbezogenen Dienstleistungen, anderweitig nicht genannt",1,11.188193659694004,13.16862356373752,17.701069218868735,False
37-1012.00,0.0,0.0,0.0,0.0,2131,1,2131,"Biologen, Botaniker, Zoologen und verwandte Berufe",2,8.866294443315,9.867582137765408,11.293192447554636,False
37-3011.00,0.0,0.0,0.0,0.0,2162,1,2162,Landschaftsarchitekten,2,1.572515060856,1.6623136588834688,5.71050797940129,False
37-3012.00,0.0008160391695709035,0.0,0.0,0.0,3141,1,3141,Biotechniker (ohne medizinische Fachberufe),3,3.350140159418,3.229993311397246,-3.5863230283961043,False
37-3013.00,0.0,0.0,0.0,0.0,1311,1,1311,Führungskräfte in der Produktion in Land- und Forstwirtschaft,1,0.461633413851,0.7439693523178712,61.1602041783743,True
39-1013.00,0.0,0.0,0.0,0.0,1431,1,1431,"Führungskräfte in der Erbringung von Dienstleistungen im Bereich Sport, Erholung und Kultur",1,3.431486778191001,3.0208506211645925,-11.966712494310872,False
39-1022.00,0.0,0.0,0.0,0.0,1439,1,1439,"Führungskräfte in der Erbringung von Dienstleistungen, anderweitig nicht genannt",1,2.155181872745,1.8929960534375396,-12.165368622626788,False
39-3011.00,0.0,0.0,0.0,0.0,1431,1,1431,"Führungskräfte in der Erbringung von Dienstleistungen im Bereich Sport, Erholung und Kultur",1,3.431486778191001,3.0208506211645925,-11.966712494310872,False
39-3012.00,0.03048632035525626,0.0,0.0,0.0,1431,1,1431,"Führungskräfte in der Erbringung von Dienstleistungen im Bereich Sport, Erholung und Kultur",1,3.431486778191001,3.0208506211645925,-11.966712494310872,False
39-3021.00,0.0,0.0,0.0,0.0,3521,1,3521,Techniker für Rundfunk und audiovisuelle Medien,3,6.346659251749999,5.69390974380046,-10.284930733748665,False
39-3031.00,0.0,0.0,0.0,0.0,3411,1,3411,Fachkräfte für Rechts- und verwandte Angelegenheiten,3,12.039343043658002,12.144299740161111,0.8717809279335977,False
39-3091.00,0.0,0.0,0.0,0.0,1411,1,1411,Führungskräfte in Hotels,1,7.145420438866,7.373899343391159,3.197557183372949,False
39-3092.00,0.0,0.0,0.0,0.0,3435,1,3435,Sonstige Fachkräfte in Gestaltung und Kultur,3,4.497162307868001,4.315844951925017,-4.031817033282524,False
39-3093.00,0.0,0.0,0.0,0.0,3423,1,3423,Trainer und Betreuer im Bereich Fitness und Erholung,3,6.404440928735001,7.535353269945205,17.65825235636267,False
39-4011.00,0.003191041929661061,0.0,0.0,0.0,3433,1,3433,"Fachkräfte in Kunstgalerien, Museen und Bibliotheken",3,0.8764893736830001,0.994684168442118,13.48502312839967,False
39-4031.00,0.0,0.0,0.0,0.0,2635,1,2635,Sozialarbeiter,2,18.731495843976003,19.518126849400357,4.199509809449249,False
39-5092.00,0.0,0.0,0.0,0.0,3435,1,3435,Sonstige Fachkräfte in Gestaltung und Kultur,3,4.497162307868001,4.315844951925017,-4.031817033282524,False
39-5093.00,0.0,0.0,0.0,0.0,1431,1,1431,"Führungskräfte in der Erbringung von Dienstleistungen im Bereich Sport, Erholung und Kultur",1,3.431486778191001,3.0208506211645925,-11.966712494310872,False
39-7011.00,0.0,0.0,0.0,0.0,1439,1,1439,"Führungskräfte in der Erbringung von Dienstleistungen, anderweitig nicht genannt",1,2.155181872745,1.8929960534375396,-12.165368622626788,False
39-7012.00,0.0,0.0,0.0,0.0,1439,1,1439,"Führungskräfte in der Erbringung von Dienstleistungen, anderweitig nicht genannt",1,2.155181872745,1.8929960534375396,-12.165368622626788,False
39-9011.00,0.0,0.0,0.0,0.0,1341,1,1341,Führungskräfte in der Erbringung von Dienstleistungen der Kinderbetreuung,1,3.922539975932,3.4693109976298317,-11.554476973672667,False
39-9031.00,0.0,0.0,0.0,0.0,3423,1,3423,Trainer und Betreuer im Bereich Fitness und Erholung,3,6.404440928735001,7.535353269945205,17.65825235636267,False
39-9032.00,0.0,0.0,0.0,0.0,3423,1,3423,Trainer und Betreuer im Bereich Fitness und Erholung,3,6.404440928735001,7.535353269945205,17.65825235636267,False
39-9041.00,0.0,0.0,0.0,0.0,3412,1,3412,Soziale Fachkräfte,3,46.231044447983,50.726888890706896,9.724730419582912,False
41-1011.00,0.0,0.0,0.0,0.0,1420,1,1420,Führungskräfte in Gross- und Einzelhandel,1,2.971007194085,3.217999957826392,8.313435397703907,False
41-1012.00,0.0,0.0,0.0,0.0,1420,1,1420,Führungskräfte in Gross- und Einzelhandel,1,2.971007194085,3.217999957826392,8.313435397703907,False
41-2012.00,0.12857320868277203,0.0,0.0,0.0,1431,1,1431,"Führungskräfte in der Erbringung von Dienstleistungen im Bereich Sport, Erholung und Kultur",1,3.431486778191001,3.0208506211645925,-11.966712494310872,False
41-2022.00,0.06352827370942865,0.0,0.0,0.0,2433,1,2433,Technische Verkaufsfachkräfte (ohne Informations- und Kommunikationstechnologie),2,11.835475398328002,13.659967202324731,15.415450098899068,False
41-3011.00,0.0,0.0,0.0,0.0,3339,1,3339,"Fachkräfte für unternehmensbezogene Dienstleistungen, anderweitig nicht genannt",3,0.779595074896,0.582892890090946,-25.23132727990804,False
41-3021.00,0.23428360571667917,0.0,0.0,0.0,3321,1,3321,Versicherungsvertreter,3,16.217702350982005,16.324559714630414,0.6588933582317137,False
41-3031.00,0.3004763198259249,0.0,0.0,0.0,3311,1,3311,"Wertpapierhändler, -makler und Finanzmakler",3,8.357260989684999,8.538453319440176,2.1680827005261043,False
41-4011.00,0.0,0.0,0.0,0.0,2433,1,2433,Technische Verkaufsfachkräfte (ohne Informations- und Kommunikationstechnologie),2,11.835475398328002,13.659967202324731,15.415450098899068,False
41-4012.00,0.12669206936883554,0.0,0.0,0.0,3324,1,3324,Handelsmakler,3,6.286050496707,7.355296399385477,17.00982044669558,False
41-9012.00,0.0,0.0,0.0,0.0,2651,1,2651,Bildende Künstler,2,4.121146544095,3.179859830652326,-22.840408691396814,False
41-9041.00,0.0773284460362717,0.0,0.0,0.0,1212,1,1212,Führungskräfte im Personalwesen,1,13.564983511046998,13.724554056355064,1.1763416091004857,False
41-9091.00,0.0,0.0,0.0,0.0,2432,1,2432,Fachkräfte in der Öffentlichkeitsarbeit,2,5.166502693133,5.007895832675806,-3.069907631481635,False
43-1011.00,0.0,0.0,0.0,0.0,3341,1,3341,Sekretariatsleiter,3,14.08504137531,18.08485422363143,28.39759388518941,False
43-2011.00,0.04270643390692743,0.0,0.0,0.0,3133,1,3133,Steuerer von chemischen Verfahrensanlagen,3,,,,
43-2021.00,0.12655313000772664,0.0,0.0,0.0,1439,1,1439,"Führungskräfte in der Erbringung von Dienstleistungen, anderweitig nicht genannt",1,2.155181872745,1.8929960534375396,-12.165368622626788,False
43-3011.00,0.07617076725859029,0.0,0.0,0.0,3312,1,3312,Fachkräfte im Bereich Kredit und Darlehen,3,1.933962219203,2.110797466890553,9.143676434404602,False
43-3021.00,0.3431803653840693,0.0,0.0,0.0,3313,1,3313,Fachkräfte im Rechnungswesen,3,35.694219590095,36.15574409264256,1.2929950783281243,False
43-3031.00,0.3651093761246762,0.0,0.0,0.0,2411,1,2411,"Wirtschaftsprüfer, Steuerberater und verwandte Berufe",2,30.91757631977699,32.86095748101834,6.285684043086613,False
43-3041.00,0.06899382862999502,0.0,0.0,0.0,1431,1,1431,"Führungskräfte in der Erbringung von Dienstleistungen im Bereich Sport, Erholung und Kultur",1,3.431486778191001,3.0208506211645925,-11.966712494310872,False
43-3051.00,0.45944850709395385,0.0,0.0,0.0,3313,1,3313,Fachkräfte im Rechnungswesen,3,35.694219590095,36.15574409264256,1.2929950783281243,False
43-3061.00,0.23497417288258068,0.0,0.0,0.0,3323,1,3323,Einkäufer,3,10.104688062421005,10.266898583215756,1.6052996370863597,False
43-3071.00,0.18872228689182888,0.0,0.0,0.0,1112,1,1112,Leitende Verwaltungsbedienstete,1,12.438160335807,14.234775317382786,14.44437869484354,False
43-4011.00,0.27737801497415493,0.0,0.0,0.0,3311,1,3311,"Wertpapierhändler, -makler und Finanzmakler",3,8.357260989684999,8.538453319440176,2.1680827005261043,False
43-4031.00,0.25265807693885106,0.0,0.0,0.0,3411,1,3411,Fachkräfte für Rechts- und verwandte Angelegenheiten,3,12.039343043658002,12.144299740161111,0.8717809279335977,False
43-4041.00,0.24668736440042757,0.0,0.0,0.0,3312,1,3312,Fachkräfte im Bereich Kredit und Darlehen,3,1.933962219203,2.110797466890553,9.143676434404602,False
43-4071.00,0.3390698339412048,0.0,0.0,0.0,2621,1,2621,Archiv- und Museumswissenschaftler,2,2.5007701291260007,3.436134062024667,37.40303524920816,False
43-4121.00,0.1624667768730636,0.0,0.0,0.0,2621,1,2621,Archiv- und Museumswissenschaftler,2,2.5007701291260007,3.436134062024667,37.40303524920816,False
43-4131.00,0.3637776338741953,0.0,0.0,0.0,3312,1,3312,Fachkräfte im Bereich Kredit und Darlehen,3,1.933962219203,2.110797466890553,9.143676434404602,False
43-4141.00,0.13307118072653437,0.0,0.0,0.0,2412,1,2412,Finanz- und Anlageberater,2,19.897725421554,20.81871100519237,4.628597310126321,False
43-4161.00,0.1823717933703583,0.0,0.0,0.0,2423,1,2423,Berufsberater und -analytiker und vergleichbare Spezialisten der Personalwesen,2,22.044454867828005,27.63613744207947,25.365483554832863,False
43-5011.00,0.0738276604691624,0.0,0.0,0.0,3331,1,3331,Fachkräfte für Abrechnungs- und Speditionsdienstleistungen,3,4.544567426216001,3.708450654589429,-18.398159675292963,False
43-5011.01,0.24718396368462653,0.0,0.0,0.0,3331,1,3331,Fachkräfte für Abrechnungs- und Speditionsdienstleistungen,3,4.544567426216001,3.708450654589429,-18.398159675292963,False
43-5031.00,0.03969360836829507,0.0,0.0,0.0,1112,1,1112,Leitende Verwaltungsbedienstete,1,12.438160335807,14.234775317382786,14.44437869484354,False
43-5061.00,0.25200680624280714,0.0,0.0,0.0,2141,1,2141,Prozess- und Produktionsingenieure,2,9.624988998978,9.29664372404815,-3.4113833788767387,False
43-5111.00,0.179156137160541,0.0,0.0,0.0,3359,1,3359,"Fachkräfte in der öffentlichen Verwaltung, anderweitig nicht genannt",3,1.1952449879130005,0.8915400349132869,-25.409431210417218,False
43-6013.00,0.21894073258950192,0.0,0.0,0.0,3344,1,3344,Sekretariatsfachkräfte im Gesundheitswesen,3,11.622023063692998,12.653849088066766,8.878196323643294,False
43-6014.00,0.14863689124715557,0.0,0.0,0.0,3343,1,3343,Sekretariatsfachkräfte in Verwaltung und Geschäftsleitung,3,34.92583533916601,35.095276488816104,0.4851455892311484,False
43-9021.00,0.33775246285990473,0.0,0.0,0.0,3341,1,3341,Sekretariatsleiter,3,14.08504137531,18.08485422363143,28.39759388518941,False
43-9022.00,0.2731854131033789,0.0,0.0,0.0,2643,1,2643,"Übersetzer, Dolmetscher und andere Linguisten",2,5.622935372784,5.738931732247348,2.0629146837573638,False
43-9031.00,0.2602169372827578,0.0,0.0,0.0,2166,1,2166,Grafik- und Multimediadesigner,2,12.445369746459,13.714818712509937,10.20017076159689,False
43-9041.00,0.16473851643081155,0.0,0.0,0.0,3321,1,3321,Versicherungsvertreter,3,16.217702350982005,16.324559714630414,0.6588933582317137,False
43-9061.00,0.06079935587568963,0.0,0.0,0.0,3343,1,3343,Sekretariatsfachkräfte in Verwaltung und Geschäftsleitung,3,34.92583533916601,35.095276488816104,0.4851455892311484,False
43-9081.00,0.5106922201111155,0.0,0.0,0.0,1349,1,1349,"Führungskräfte in der Erbringung von spezialisierten Dienstleistungen, anderweitig nicht genannt",1,8.184198786407,8.565180039903229,4.65508308680129,False
45-2011.00,0.008399002516864705,0.0,0.0,0.0,3359,1,3359,"Fachkräfte in der öffentlichen Verwaltung, anderweitig nicht genannt",3,1.1952449879130005,0.8915400349132869,-25.409431210417218,False
45-2041.00,0.13688944525023122,0.0,0.0,0.0,3257,1,3257,Kontrolleure und Beauftragte in den Bereichen Umwelt- und Arbeitsmedizin sowie verwandte Berufe,3,1.93101920804,2.65008295629057,37.2375243734849,False
45-2091.00,0.0,0.0,0.0,0.0,2144,1,2144,"Maschinenbau- , Mechatronik- und Systemtechnikingenieure",2,9.728896910697,10.551287836634446,8.453074726624155,False
45-3031.00,0.08571608652139336,0.0,0.0,0.0,1311,1,1311,Führungskräfte in der Produktion in Land- und Forstwirtschaft,1,0.461633413851,0.7439693523178712,61.1602041783743,True
45-4011.00,0.10412504161694812,0.0,0.0,0.0,2133,1,2133,Umweltwissenschaftler,2,3.499424292972,4.195820269836831,19.90030126565172,False
45-4021.00,0.0,0.0,0.0,0.0,3143,1,3143,Forsttechniker,3,1.241224500745,1.2921670141680055,4.104214297448132,False
45-4023.00,0.08802257081038888,0.0,0.0,0.0,3122,1,3122,Produktionsleiter bei der Herstellung von Waren,3,22.165944935432,22.01258882965041,-0.6918545824610831,False
47-1011.00,0.0,0.0,0.0,0.0,3123,1,3123,Poliere und Vorarbeiter,3,26.807374822177003,28.775562191047857,7.341962358964843,False
47-1011.03,0.0,0.0,0.0,0.0,3123,1,3123,Poliere und Vorarbeiter,3,26.807374822177003,28.775562191047857,7.341962358964843,False
47-2021.00,0.0,0.0,0.0,0.0,3123,1,3123,Poliere und Vorarbeiter,3,26.807374822177003,28.775562191047857,7.341962358964843,False
47-2031.00,0.07073972385571047,0.0,0.0,0.0,3123,1,3123,Poliere und Vorarbeiter,3,26.807374822177003,28.775562191047857,7.341962358964843,False
47-2041.00,0.0,0.0,0.0,0.0,3123,1,3123,Poliere und Vorarbeiter,3,26.807374822177003,28.775562191047857,7.341962358964843,False
47-2042.00,0.0,0.0,0.0,0.0,3123,1,3123,Poliere und Vorarbeiter,3,26.807374822177003,28.775562191047857,7.341962358964843,False
47-2043.00,0.03909622112287224,0.0,0.0,0.0,3123,1,3123,Poliere und Vorarbeiter,3,26.807374822177003,28.775562191047857,7.341962358964843,False
47-2044.00,0.0,0.0,0.0,0.0,3123,1,3123,Poliere und Vorarbeiter,3,26.807374822177003,28.775562191047857,7.341962358964843,False
47-2051.00,0.0,0.0,0.0,0.0,3123,1,3123,Poliere und Vorarbeiter,3,26.807374822177003,28.775562191047857,7.341962358964843,False
47-2081.00,0.0,0.0,0.0,0.0,3123,1,3123,Poliere und Vorarbeiter,3,26.807374822177003,28.775562191047857,7.341962358964843,False
47-2082.00,0.0,0.0,0.0,0.0,3123,1,3123,Poliere und Vorarbeiter,3,26.807374822177003,28.775562191047857,7.341962358964843,False
47-3013.00,0.19210171103585166,0.0,0.0,0.0,3113,1,3113,Elektrotechniker,3,8.859283643801998,8.999331098083685,1.5807988536371664,False
47-4011.01,0.3431201920374647,0.0,0.0,0.0,3112,1,3112,Bauführer und Bautechniker,3,38.516833221537,38.94519300831815,1.1121365671922114,False
47-4041.00,0.0,0.0,0.0,0.0,3132,1,3132,Steuerer von Verbrennungs- und Wasserbehandlungsanlagen,3,2.789748750421,2.47336977675214,-11.340769437431074,False
47-4051.00,0.0,0.0,0.0,0.0,3112,1,3112,Bauführer und Bautechniker,3,38.516833221537,38.94519300831815,1.1121365671922114,False
47-4061.00,0.0,0.0,0.0,0.0,3112,1,3112,Bauführer und Bautechniker,3,38.516833221537,38.94519300831815,1.1121365671922114,False
47-5011.00,0.0,0.0,0.0,0.0,2146,1,2146,"Bergbauingenieure, Metallurgen und verwandte Berufe",2,,,,
47-5012.00,0.0,0.0,0.0,0.0,2146,1,2146,"Bergbauingenieure, Metallurgen und verwandte Berufe",2,,,,
47-5022.00,0.0,0.0,0.0,0.0,3121,1,3121,Produktionsleiter im Bergbau,3,,,,
47-5023.00,0.0,0.0,0.0,0.0,2146,1,2146,"Bergbauingenieure, Metallurgen und verwandte Berufe",2,,,,
47-5032.00,0.050222847055486235,0.0,0.0,0.0,2146,1,2146,"Bergbauingenieure, Metallurgen und verwandte Berufe",2,,,,
47-5041.00,0.0,0.0,0.0,0.0,3121,1,3121,Produktionsleiter im Bergbau,3,,,,
47-5043.00,0.0,0.0,0.0,0.0,3121,1,3121,Produktionsleiter im Bergbau,3,,,,
47-5044.00,0.0,0.0,0.0,0.0,3121,1,3121,Produktionsleiter im Bergbau,3,,,,
47-5071.00,0.0,0.0,0.0,0.0,2146,1,2146,"Bergbauingenieure, Metallurgen und verwandte Berufe",2,,,,
49-1011.00,0.0,0.0,0.0,0.0,3123,1,3123,Poliere und Vorarbeiter,3,26.807374822177003,28.775562191047857,7.341962358964843,False
49-2011.00,0.0,0.0,0.0,0.0,3512,1,3512,Techniker für die Anwenderbetreuung in der Informations- und Kommunikationstechnologie,3,13.888323471840003,14.047835770181605,1.1485353049634035,False
49-2022.00,0.12015310093782564,0.0,0.0,0.0,2153,1,2153,Ingenieure im Bereich Telekommunikationstechnik,2,1.651368126398,1.1481756527764473,-30.471247784049645,True
49-2091.00,0.18927976710926334,0.0,0.0,0.0,2149,1,2149,"Ingenieure, anderweitig nicht genannt",2,5.215934733249,4.863642360752166,-6.754156071991167,False
49-2092.00,0.11114223919105777,0.0,0.0,0.0,3113,1,3113,Elektrotechniker,3,8.859283643801998,8.999331098083685,1.5807988536371664,False
49-2096.00,0.17225945132592688,0.0,0.0,0.0,3114,1,3114,Techniker im Bereich Elektronik,3,1.366058589767,1.7857538578456174,30.723079611849,False
49-2097.00,0.12942248030573236,0.0,0.0,0.0,3521,1,3521,Techniker für Rundfunk und audiovisuelle Medien,3,6.346659251749999,5.69390974380046,-10.284930733748665,False
49-2098.00,0.11389992296132352,0.0,0.0,0.0,3112,1,3112,Bauführer und Bautechniker,3,38.516833221537,38.94519300831815,1.1121365671922114,False
49-3031.00,0.24877650891500885,0.0,0.0,0.0,3115,1,3115,"Maschinenbautechniker, Techniker im Bereich Systemtechnik, Automation und Unternehmensprozesse",3,11.019605854272998,11.97433846910366,8.663945221420533,False
49-3043.00,0.0,0.0,0.0,0.0,3115,1,3115,"Maschinenbautechniker, Techniker im Bereich Systemtechnik, Automation und Unternehmensprozesse",3,11.019605854272998,11.97433846910366,8.663945221420533,False
49-9021.00,0.01732709291829956,0.0,0.0,0.0,3115,1,3115,"Maschinenbautechniker, Techniker im Bereich Systemtechnik, Automation und Unternehmensprozesse",3,11.019605854272998,11.97433846910366,8.663945221420533,False
49-9041.00,0.10974680867677993,0.0,0.0,0.0,3114,1,3114,Techniker im Bereich Elektronik,3,1.366058589767,1.7857538578456174,30.723079611849,False
49-9043.00,0.053990153927347705,0.0,0.0,0.0,3114,1,3114,Techniker im Bereich Elektronik,3,1.366058589767,1.7857538578456174,30.723079611849,False
49-9045.00,0.0,0.0,0.0,0.0,2651,1,2651,Bildende Künstler,2,4.121146544095,3.179859830652326,-22.840408691396814,False
49-9051.00,0.0,0.0,0.0,0.0,3131,1,3131,Steuerer von Energieerzeugungsanlagen,3,0.7010095428119999,0.6287862815912058,-10.302750078277226,False
49-9061.00,0.17128081796003566,0.0,0.0,0.0,3254,1,3254,Augenoptiker,3,5.256679593504,4.6672842424727,-11.212312649978736,False
49-9062.00,0.15914964825622502,0.0,0.0,0.0,3214,1,3214,Medizinische und zahnmedizinische Prothetiktechniker,3,4.551515015314,4.129304585486128,-9.276261385655218,False
49-9064.00,0.1555217289951069,0.0,0.0,0.0,3111,1,3111,Chemo- und Physikotechniker,3,8.995486047674996,8.365162717972387,-7.007106968561465,False
49-9071.00,0.10695746699231881,0.0,0.0,0.0,2621,1,2621,Archiv- und Museumswissenschaftler,2,2.5007701291260007,3.436134062024667,37.40303524920816,False
49-9081.00,0.21556678315944186,0.0,0.0,0.0,3131,1,3131,Steuerer von Energieerzeugungsanlagen,3,0.7010095428119999,0.6287862815912058,-10.302750078277226,False
49-9092.00,0.0,0.0,0.0,0.0,3112,1,3112,Bauführer und Bautechniker,3,38.516833221537,38.94519300831815,1.1121365671922114,False
49-9094.00,0.22268288146235649,0.0,0.0,0.0,2144,1,2144,"Maschinenbau- , Mechatronik- und Systemtechnikingenieure",2,9.728896910697,10.551287836634446,8.453074726624155,False
49-9099.01,0.10170693342240492,0.0,0.0,0.0,3131,1,3131,Steuerer von Energieerzeugungsanlagen,3,0.7010095428119999,0.6287862815912058,-10.302750078277226,False
51-1011.00,0.0,0.0,0.0,0.0,3122,1,3122,Produktionsleiter bei der Herstellung von Waren,3,22.165944935432,22.01258882965041,-0.6918545824610831,False
51-2011.00,0.179114698053537,0.0,0.0,0.0,3115,1,3115,"Maschinenbautechniker, Techniker im Bereich Systemtechnik, Automation und Unternehmensprozesse",3,11.019605854272998,11.97433846910366,8.663945221420533,False
51-2023.00,0.21363855056688008,0.0,0.0,0.0,3113,1,3113,Elektrotechniker,3,8.859283643801998,8.999331098083685,1.5807988536371664,False
51-2041.00,0.1624446620596965,0.0,0.0,0.0,3123,1,3123,Poliere und Vorarbeiter,3,26.807374822177003,28.775562191047857,7.341962358964843,False
51-2061.00,0.0,0.0,0.0,0.0,3113,1,3113,Elektrotechniker,3,8.859283643801998,8.999331098083685,1.5807988536371664,False
51-2092.00,0.0511359369364948,0.0,0.0,0.0,3139,1,3139,"Techniker in der Prozesssteuerung, anderweitig nicht genannt",3,0.128551448903,0.1816310917545514,41.290583112449646,True
51-4041.00,0.11721288190784994,0.0,0.0,0.0,2514,1,2514,Anwendungsprogrammierer,2,12.634662618871998,13.834326672812937,9.495022464225034,False
51-4051.00,0.0,0.0,0.0,0.0,3135,1,3135,Steuerer von Verfahren in der Metallerzeugung,3,,,,
51-4061.00,0.2608762012020868,0.0,0.0,0.0,2163,1,2163,Produkt- und Textildesigner,2,5.2040786091180005,5.261666339767753,1.106588408346758,False
51-4062.00,0.15414434823792836,0.0,0.0,0.0,2163,1,2163,Produkt- und Textildesigner,2,5.2040786091180005,5.261666339767753,1.106588408346758,False
51-4191.00,0.029447202226173284,0.0,0.0,0.0,3135,1,3135,Steuerer von Verfahren in der Metallerzeugung,3,,,,
51-6041.00,0.0,0.0,0.0,0.0,3119,1,3119,"Material- und ingenieurtechnische Fachkräfte, anderweitig nicht genannt",3,18.554461015303,18.856387509419907,1.62724475730064,False
51-6052.00,0.0,0.0,0.0,0.0,2163,1,2163,Produkt- und Textildesigner,2,5.2040786091180005,5.261666339767753,1.106588408346758,False
51-6061.00,0.061232327265957925,0.0,0.0,0.0,2113,1,2113,Chemiker,2,3.974386962397,2.954676445313163,-25.65705168449016,False
51-6092.00,0.2524830911343189,0.0,0.0,0.0,2163,1,2163,Produkt- und Textildesigner,2,5.2040786091180005,5.261666339767753,1.106588408346758,False
51-8011.00,0.1273706676534328,0.0,0.0,0.0,3131,1,3131,Steuerer von Energieerzeugungsanlagen,3,0.7010095428119999,0.6287862815912058,-10.302750078277226,False
51-8012.00,0.25076613901855743,0.0,0.0,0.0,3131,1,3131,Steuerer von Energieerzeugungsanlagen,3,0.7010095428119999,0.6287862815912058,-10.302750078277226,False
51-8013.03,0.10883360977944843,0.0,0.0,0.0,3131,1,3131,Steuerer von Energieerzeugungsanlagen,3,0.7010095428119999,0.6287862815912058,-10.302750078277226,False
51-8013.04,0.23025660350358096,0.0,0.0,0.0,3113,1,3113,Elektrotechniker,3,8.859283643801998,8.999331098083685,1.5807988536371664,False
51-8021.00,0.11755792269022317,0.0,0.0,0.0,2144,1,2144,"Maschinenbau- , Mechatronik- und Systemtechnikingenieure",2,9.728896910697,10.551287836634446,8.453074726624155,False
51-8031.00,0.19116998257593484,0.0,0.0,0.0,3132,1,3132,Steuerer von Verbrennungs- und Wasserbehandlungsanlagen,3,2.789748750421,2.47336977675214,-11.340769437431074,False
51-8091.00,0.08230686860643223,0.0,0.0,0.0,3133,1,3133,Steuerer von chemischen Verfahrensanlagen,3,,,,
51-8093.00,0.049392406727711384,0.0,0.0,0.0,3134,1,3134,Steuerer von Erdöl- und Erdgasraffinationsanlagen,3,,,,
51-9011.00,0.24184938072225795,0.0,0.0,0.0,3133,1,3133,Steuerer von chemischen Verfahrensanlagen,3,,,,
51-9012.00,0.0,0.0,0.0,0.0,3139,1,3139,"Techniker in der Prozesssteuerung, anderweitig nicht genannt",3,0.128551448903,0.1816310917545514,41.290583112449646,True
51-9071.00,0.14696870743587556,0.0,0.0,0.0,2163,1,2163,Produkt- und Textildesigner,2,5.2040786091180005,5.261666339767753,1.106588408346758,False
51-9081.00,0.08965915439801732,0.0,0.0,0.0,3214,1,3214,Medizinische und zahnmedizinische Prothetiktechniker,3,4.551515015314,4.129304585486128,-9.276261385655218,False
51-9082.00,0.0,0.0,0.0,0.0,3214,1,3214,Medizinische und zahnmedizinische Prothetiktechniker,3,4.551515015314,4.129304585486128,-9.276261385655218,False
51-9083.00,0.05315745516960042,0.0,0.0,0.0,3254,1,3254,Augenoptiker,3,5.256679593504,4.6672842424727,-11.212312649978736,False
51-9141.00,0.1177767779754841,0.0,0.0,0.0,3114,1,3114,Techniker im Bereich Elektronik,3,1.366058589767,1.7857538578456174,30.723079611849,False
51-9151.00,0.0,0.0,0.0,0.0,3431,1,3431,Fotografen,3,4.343179196358999,4.982288119396316,14.71523264739106,False
51-9162.00,0.43890745074574994,0.0,0.0,0.0,2144,1,2144,"Maschinenbau- , Mechatronik- und Systemtechnikingenieure",2,9.728896910697,10.551287836634446,8.453074726624155,False
51-9194.00,0.109212920848049,0.0,0.0,0.0,2651,1,2651,Bildende Künstler,2,4.121146544095,3.179859830652326,-22.840408691396814,False
51-9195.00,0.006615061423144702,0.0,0.0,0.0,2651,1,2651,Bildende Künstler,2,4.121146544095,3.179859830652326,-22.840408691396814,False
51-9195.03,0.2405980948285861,0.0,0.0,0.0,2651,1,2651,Bildende Künstler,2,4.121146544095,3.179859830652326,-22.840408691396814,False
51-9195.04,0.0893715604389827,0.0,0.0,0.0,2651,1,2651,Bildende Künstler,2,4.121146544095,3.179859830652326,-22.840408691396814,False
51-9195.05,0.007276970703947322,0.0,0.0,0.0,2651,1,2651,Bildende Künstler,2,4.121146544095,3.179859830652326,-22.840408691396814,False
53-1041.00,0.015225083703861355,0.0,0.0,0.0,3153,1,3153,Flugzeugpiloten und verwandte Berufe,3,3.3559243445070006,3.462788172086736,3.1843336323910574,False
53-1042.00,0.0,0.0,0.0,0.0,3123,1,3123,Poliere und Vorarbeiter,3,26.807374822177003,28.775562191047857,7.341962358964843,False
53-1042.01,0.0015670153569039623,0.0,0.0,0.0,2143,1,2143,Umweltschutzingenieure,2,1.509607549755,1.708519801270991,13.176421351911834,False
53-1043.00,0.02157223272162182,0.0,0.0,0.0,3122,1,3122,Produktionsleiter bei der Herstellung von Waren,3,22.165944935432,22.01258882965041,-0.6918545824610831,False
53-2011.00,0.0530664249961816,0.0,0.0,0.0,3153,1,3153,Flugzeugpiloten und verwandte Berufe,3,3.3559243445070006,3.462788172086736,3.1843336323910574,False
53-2012.00,0.11063493990811475,0.0,0.0,0.0,3153,1,3153,Flugzeugpiloten und verwandte Berufe,3,3.3559243445070006,3.462788172086736,3.1843336323910574,False
53-2021.00,0.06517540148278968,0.0,0.0,0.0,3154,1,3154,Flugverkehrslotsen,3,1.401805752024,2.4939146075629024,77.90728879247777,True
53-2022.00,0.07705178019096871,0.0,0.0,0.0,3154,1,3154,Flugverkehrslotsen,3,1.401805752024,2.4939146075629024,77.90728879247777,True
53-3011.00,0.01111002036940125,0.0,0.0,0.0,3258,1,3258,Rettungsdienstpersonal,3,4.050694959712999,4.564136736665777,12.675399704478275,False
53-4011.00,0.0518072321942417,0.0,0.0,0.0,3115,1,3115,"Maschinenbautechniker, Techniker im Bereich Systemtechnik, Automation und Unternehmensprozesse",3,11.019605854272998,11.97433846910366,8.663945221420533,False
53-4022.00,0.0,0.0,0.0,0.0,3112,1,3112,Bauführer und Bautechniker,3,38.516833221537,38.94519300831815,1.1121365671922114,False
53-5011.00,0.0,0.0,0.0,0.0,3152,1,3152,"Schiffsführer, nautische Schiffsoffiziere und Schiffslotsen",3,0.5563350887370001,0.6344814656460332,14.04663816665639,False
53-5021.00,0.0,0.0,0.0,0.0,3152,1,3152,"Schiffsführer, nautische Schiffsoffiziere und Schiffslotsen",3,0.5563350887370001,0.6344814656460332,14.04663816665639,False
53-5022.00,0.0,0.0,0.0,0.0,3152,1,3152,"Schiffsführer, nautische Schiffsoffiziere und Schiffslotsen",3,0.5563350887370001,0.6344814656460332,14.04663816665639,False
53-5031.00,0.10689066989060614,0.0,0.0,0.0,3151,1,3151,Technische Schiffsoffiziere,3,,,,
53-6011.00,0.0,0.0,0.0,0.0,3123,1,3123,Poliere und Vorarbeiter,3,26.807374822177003,28.775562191047857,7.341962358964843,False
53-6041.00,0.279408731722436,0.0,0.0,0.0,3112,1,3112,Bauführer und Bautechniker,3,38.516833221537,38.94519300831815,1.1121365671922114,False
53-6051.00,0.18232210751027117,0.0,0.0,0.0,3359,1,3359,"Fachkräfte in der öffentlichen Verwaltung, anderweitig nicht genannt",3,1.1952449879130005,0.8915400349132869,-25.409431210417218,False
53-6051.01,0.21701093825403842,0.0,0.0,0.0,3154,1,3154,Flugverkehrslotsen,3,1.401805752024,2.4939146075629024,77.90728879247777,True
53-6051.07,0.0,0.0,0.0,0.0,3115,1,3115,"Maschinenbautechniker, Techniker im Bereich Systemtechnik, Automation und Unternehmensprozesse",3,11.019605854272998,11.97433846910366,8.663945221420533,False
53-7072.00,0.1204880586167156,0.0,0.0,0.0,3133,1,3133,Steuerer von chemischen Verfahrensanlagen,3,,,,
53-7073.00,0.16034513326782082,0.0,0.0,0.0,3134,1,3134,Steuerer von Erdöl- und Erdgasraffinationsanlagen,3,,,,
53-7121.00,0.1457820787948002,0.0,0.0,0.0,3133,1,3133,Steuerer von chemischen Verfahrensanlagen,3,,,,
